serial_no,state,district,block_tehsil,village,enumeration_date,village_type,covered_by_major_medium_scheme,major_medium_scheme_name,geographical_area,cultivable_area,net_sown_area,gross_irrigated_area_kharif_season,gross_irrigated_area_rabi_season,gross_irrigated_area_perennial_crop,gross_irrigated_area_other_season,gross_irrigated_area_total,net_irrigated_area,avg_ground_water_level_pre_monsoon,avg_ground_water_level_post_monsoon,users_association_wua_exists,pond,tank,lake,reservoirs,water_conservation_schemes,other_water_bodies,total_water_bodies,no_of_ground_water_schemes,no_of_surface_water_schemes,total_no_of_schemes,no_of_ground_water_schemes_sixth,no_of_surface_water_schemes_sixth,total_no_of_schemes_sixth,no_of_water_body_schedule_sixth,enumerator_name,created_on,updated_on,remark
1,GOA,North Goa,Bardez,Aldona (Ct),2026-07-06,Non-tribal,No,,7628068.0000,5840000.0000,5840000.0000,3200000.0000,1650000.0000,2640000.0000,0.0000,7490000.0000,5840000.0000,5,4,No,1,2,0,0,0,0,3,0,0,0,0,0,0,0,SHIVRAM PRABHU,2026-07-06 09:55:13.158,,
2,GOA,North Goa,Bardez,Anjuna (Ct),2026-07-06,Non-tribal,No,,11513381.0000,2727000.0000,2727000.0000,1580000.0000,880000.0000,1147000.0000,0.0000,3607000.0000,2727000.0000,5,4,No,9,4,1,0,0,0,14,0,0,0,0,0,0,0,DEVANAND S MANDREKAR,2026-07-06 10:14:06.505,,
3,GOA,North Goa,Bardez,Arpora,2026-07-06,Non-tribal,No,,4213708.0000,2045460.0000,2045460.0000,810300.0000,277400.0000,1235160.0000,0.0000,2322860.0000,2045460.0000,6,5,No,1,0,0,0,0,0,1,0,0,0,0,0,0,0,SHIVRAM PRABHU,2026-07-06 10:16:07.44,,
4,GOA,North Goa,Bardez,Assagao,2026-07-06,Non-tribal,No,,9339307.0000,2418000.0000,2418000.0000,1080000.0000,370000.0000,1338000.0000,0.0000,2788000.0000,2418000.0000,6,4,No,3,3,0,0,1,0,11,0,0,0,0,0,0,0,VIKAS FATARPEKAR,2026-07-06 10:24:50.048,,
5,GOA,North Goa,Bardez,Assonora,2026-07-06,Non-tribal,Yes,Tillari Irrigation Project,3915366.0000,1929000.0000,1929000.0000,820000.0000,240000.0000,1109000.0000,0.0000,2169000.0000,1929000.0000,3,3,No,1,0,0,0,0,0,1,0,0,0,0,0,0,0,DIVYA PARULEKAR,2026-07-06 15:31:34.366,,
6,GOA,North Goa,Bardez,Bastora,2026-07-06,Non-tribal,Yes,Tillari Irrigation Project,3154155.0000,1778000.0000,1778000.0000,710000.0000,280000.0000,1068000.0000,0.0000,2058000.0000,1778000.0000,4,4,No,4,1,0,0,0,0,5,0,0,0,0,0,0,0,NIKITA N MATHKAR,2026-07-06 15:32:56.58,2026-07-06 15:35:54.092,
7,GOA,North Goa,Bardez,Calangute (Ct),2026-07-06,Non-tribal,Yes,Tillari Irrigation Project,11113867.0000,2365000.0000,2365000.0000,1100000.0000,290000.0000,1265000.0000,0.0000,2655000.0000,2365000.0000,9,4,No,47,7,1,0,0,0,55,0,0,0,0,0,0,0,VIKAS FATARPEKAR,2026-07-06 15:35:04.623,,
8,GOA,North Goa,Bardez,Calvim,2026-07-06,Non-tribal,No,,1276037.0000,0.0000,0.0000,0.0000,0.0000,0.0000,0.0000,0.0000,0.0000,5,3,No,0,1,0,0,0,0,1,0,0,0,0,0,0,0,SHIVRAM PRABHU,2026-07-06 10:38:52.916,,
9,GOA,North Goa,Bardez,Camurlim,2026-07-06,Non-tribal,Yes,Tillari Irrigation Project,6696474.0000,2749000.0000,2749000.0000,1230000.0000,640000.0000,1519000.0000,0.0000,3389000.0000,2749000.0000,5,4,No,4,7,0,0,0,0,11,0,0,0,0,0,0,0,DATTARAM GANAPAT NAIK,2026-07-06 15:37:22.644,,
10,GOA,North Goa,Bardez,Canca,2026-07-06,Non-tribal,No,,817477.0000,491081.0000,491081.0000,323030.0000,84025.0000,168051.0000,0.0000,575106.0000,491081.0000,6,4,No,1,2,0,0,0,0,3,0,0,0,0,0,0,0,UMRAJ KHAN,2026-07-06 10:55:26.438,,
11,GOA,North Goa,Bardez,Candolim (Ct),2026-07-06,Non-tribal,No,,6089723.0000,1131000.0000,1131000.0000,300000.0000,120000.0000,831000.0000,0.0000,1251000.0000,1131000.0000,6,4,No,13,4,0,0,0,0,17,0,0,0,0,0,0,0,SIDDHESH AJGAONKAR,2026-07-06 12:07:13.709,,
12,GOA,North Goa,Bardez,Colvale (Ct),2026-07-06,Non-tribal,Yes,Tillari Irrigation Project,9300770.0000,2364000.0000,2364000.0000,1290000.0000,210000.0000,1074000.0000,0.0000,2574000.0000,2364000.0000,11,4,No,3,3,0,0,0,0,6,0,0,0,0,0,0,0,SNEHIT VENGURLEKAR,2026-07-06 15:39:37.738,,
13,GOA,North Goa,Bardez,Corjuem,2026-07-06,Non-tribal,No,,4553892.0000,0.0000,0.0000,0.0000,0.0000,0.0000,0.0000,0.0000,0.0000,5,4,No,3,1,0,0,0,0,4,0,0,0,0,0,0,0,SHUBHANGI U PEDNEKAR,2026-07-06 12:25:52.591,,
14,GOA,North Goa,Bardez,Guirim (Ct),2026-07-06,Non-tribal,Yes,Tillari Irrigation Project,4121351.0000,2594000.0000,2594000.0000,1640000.0000,510000.0000,954000.0000,0.0000,3104000.0000,2594000.0000,5,3,No,10,1,0,0,0,0,14,0,0,0,0,0,0,0,VIKAS FATARPEKAR,2026-07-06 15:41:27.449,,
15,GOA,North Goa,Bardez,Marna,2026-07-06,Non-tribal,No,,3311942.0000,449634.0000,449634.0000,212665.0000,53750.0000,236969.0000,0.0000,503384.0000,449634.0000,5,3,No,17,0,0,0,0,0,17,0,0,0,0,0,0,0,SACHI BETKAR,2026-07-06 15:44:25.073,,
16,GOA,North Goa,Bardez,Marra,2026-07-06,Non-tribal,No,,3135981.0000,743729.0000,743729.0000,403445.0000,62832.0000,340283.0000,0.0000,806560.0000,743729.0000,5,4,No,1,1,0,0,0,0,2,0,0,0,0,0,0,0,MOHINI ASWENKAR,2026-07-06 15:46:18.065,,
17,GOA,North Goa,Bardez,Moira (Ct),2026-07-06,Non-tribal,No,,3711192.0000,3181000.0000,3181000.0000,2070000.0000,850000.0000,1111000.0000,0.0000,4031000.0000,3181000.0000,5,4,No,0,2,0,0,0,0,2,0,0,0,0,0,0,0,DEEPA UDAY NAIK,2026-07-06 15:47:46.258,,
18,GOA,North Goa,Bardez,Moitem,2026-07-06,Non-tribal,Yes,Tillari Irrigation Project,967918.0000,0.0000,0.0000,0.0000,0.0000,0.0000,0.0000,0.0000,0.0000,4,3,No,0,0,0,0,0,0,0,0,0,0,0,0,0,0,VISHWANATH GAD,2026-07-06 15:49:31.449,,
19,GOA,North Goa,Bardez,Nachinola,2026-07-06,Non-tribal,No,,2524371.0000,1967000.0000,1967000.0000,600000.0000,650000.0000,1317000.0000,0.0000,2567000.0000,1967000.0000,6,4,No,2,0,0,0,0,0,2,0,0,0,0,0,0,0,SHIVRAM PRABHU,2026-07-06 15:59:34.725,,
20,GOA,North Goa,Bardez,Nadora,2026-07-06,Non-tribal,No,,4479392.0000,1807000.0000,1807000.0000,600000.0000,210000.0000,1207000.0000,0.0000,2017000.0000,1807000.0000,4,3,No,0,0,1,0,0,0,1,0,0,0,0,0,0,0,SHIVRAM PRABHU,2026-07-06 16:01:26.594,,
21,GOA,North Goa,Bardez,Nagoa,2026-07-06,Non-tribal,No,,1559173.0000,756540.0000,756540.0000,299700.0000,102600.0000,456840.0000,0.0000,859140.0000,756540.0000,5,5,No,7,0,0,0,0,0,7,0,0,0,0,0,0,0,SHIVRAM PRABHU,2026-07-06 16:02:53.42,,
22,GOA,North Goa,Bardez,Nerul (Ct),2026-07-06,Non-tribal,No,,4052109.0000,3026000.0000,3026000.0000,1540000.0000,600000.0000,1486000.0000,0.0000,3626000.0000,3026000.0000,5,4,No,4,7,0,0,0,0,12,0,0,0,0,0,0,0,PRAGATI NAIK,2026-07-06 16:05:19.942,,
23,GOA,North Goa,Bardez,Olaulim,2026-07-06,Non-tribal,No,,1467167.0000,567564.0000,567564.0000,251235.0000,68519.0000,316328.0000,0.0000,636082.0000,567564.0000,7,4,No,5,0,0,0,0,0,5,0,0,0,0,0,0,0,AUDUT RAIKAR,2026-07-06 16:07:15.817,,
24,GOA,North Goa,Bardez,Oxel,2026-07-06,Non-tribal,No,,2367826.0000,2179000.0000,2179000.0000,1110000.0000,210000.0000,1069000.0000,0.0000,2389000.0000,2179000.0000,5,3,No,2,2,0,0,0,0,4,0,0,0,0,0,0,0,VINAY PEDNEKAR,2026-07-06 16:08:51.637,,
25,GOA,North Goa,Bardez,Paliem,2026-07-06,Non-tribal,No,,1357455.0000,675145.0000,675145.0000,311560.0000,126388.0000,363585.0000,0.0000,801533.0000,675145.0000,4,4,No,4,0,0,0,0,0,4,0,0,0,0,0,0,0,SHIVRAM PRABHU,2026-07-06 16:03:54.339,,
26,GOA,North Goa,Bardez,Parra,2026-07-06,Non-tribal,Yes,Tillari Irrigation Project,5107195.0000,3065000.0000,3065000.0000,1720000.0000,790000.0000,1345000.0000,0.0000,3855000.0000,3065000.0000,6,3,No,9,3,1,0,0,0,15,0,0,0,0,0,0,0,SHILPA KANDOLKAR,2026-07-06 16:11:51.335,,
27,GOA,North Goa,Bardez,Penha-De-Franca (Ct),2026-07-06,Non-tribal,No,,4525724.0000,557000.0000,557000.0000,210000.0000,80000.0000,347000.0000,0.0000,637000.0000,557000.0000,3,3,No,2,1,0,0,0,0,3,0,0,0,0,0,0,0,MEGHARAJ KHORJUVEKAR,2026-07-06 16:23:57.361,,
28,GOA,North Goa,Bardez,Pilerne (Ct),2026-07-06,Non-tribal,No,,6347067.0000,1405271.0000,1405271.0000,716555.0000,127168.0000,588717.0000,0.0000,1432440.0000,1405271.0000,4,4,No,2,1,2,0,0,0,5,0,0,0,0,0,0,0,SANGEETA S PARVATKAR,2026-07-06 16:29:43.453,,
29,GOA,North Goa,Bardez,Pirna,2026-07-06,Non-tribal,Yes,Tillari Irrigation Project,10207420.0000,2160000.0000,2160000.0000,720000.0000,250000.0000,1440000.0000,0.0000,2410000.0000,2160000.0000,3,2,No,1,1,0,0,0,1,3,0,0,0,0,0,0,0,VISWAS HALANKAR,2026-07-06 16:31:17.922,,
30,GOA,North Goa,Bardez,Pomburpa,2026-07-06,Non-tribal,No,,4956626.0000,1717437.0000,1717437.0000,848765.0000,231481.0000,868672.0000,0.0000,1948918.0000,1717437.0000,7,4,No,4,1,0,0,0,0,5,0,0,0,0,0,0,0,AMIT HALARNKAR,2026-07-06 16:40:34.005,,
31,GOA,North Goa,Bardez,Ponolem,2026-07-06,Non-tribal,No,,872206.0000,0.0000,0.0000,0.0000,0.0000,0.0000,0.0000,0.0000,0.0000,5,4,No,0,0,0,0,0,0,0,0,0,0,0,0,0,0,SAKSHI S DUARE,2026-07-06 16:41:38.157,,"No Water Bodies in this Village "
32,GOA,North Goa,Bardez,Punola,2026-07-06,Non-tribal,No,,694401.0000,345369.0000,345369.0000,159378.0000,64653.0000,185991.0000,0.0000,410022.0000,345369.0000,5,4,No,0,0,0,0,0,0,0,0,0,0,0,0,0,0,SAKSHI S DUARE,2026-07-06 16:51:52.879,,"No Water Bodies in this Village "
33,GOA,North Goa,Bardez,Reis-Magos,2026-07-06,Non-tribal,No,,4279710.0000,969000.0000,969000.0000,500000.0000,100000.0000,469000.0000,0.0000,1069000.0000,969000.0000,4,3,No,2,1,0,0,0,0,3,0,0,0,0,0,0,0,NANDAKISHOR S NAIK,2026-07-06 16:53:08.334,,
34,GOA,North Goa,Bardez,Revora,2026-07-06,Non-tribal,Yes,Tillari Irrigation Project,7427795.0000,3106000.0000,3106000.0000,1650000.0000,1270000.0000,1456000.0000,0.0000,4376000.0000,3106000.0000,6,3,No,3,3,1,0,0,4,11,0,0,0,0,0,0,0,KAJAL CHODANKAR,2026-07-06 16:54:22.989,,
35,GOA,North Goa,Bardez,Saligao (Ct),2026-07-06,Non-tribal,Yes,Tillari Irrigation Project,5984697.0000,3934000.0000,3934000.0000,2830000.0000,1210000.0000,1104000.0000,0.0000,5144000.0000,3934000.0000,5,4,No,3,2,0,0,0,0,5,0,0,0,0,0,0,0,YESHWANT SHIRODKAR,2026-07-06 16:59:00.392,,
36,GOA,North Goa,Bardez,Salvador-Do-Mundo (Ct),2026-07-06,Non-tribal,No,,10971159.0000,865000.0000,865000.0000,510000.0000,110000.0000,355000.0000,0.0000,975000.0000,865000.0000,4,4,No,8,1,0,0,0,0,11,0,0,0,0,0,0,0,ANA FERNANDES,2026-07-06 17:01:25.829,,
37,GOA,North Goa,Bardez,Sangolda,2026-07-06,Non-tribal,No,,3386831.0000,3310000.0000,3310000.0000,2022000.0000,1620000.0000,1288000.0000,0.0000,4930000.0000,3310000.0000,5,4,No,4,1,0,0,0,0,7,0,0,0,0,0,0,0,NEELESH S NANOSKAR,2026-07-06 17:02:54.236,,
38,GOA,North Goa,Bardez,Siolim (Ct),2026-07-06,Non-tribal,Yes,Tillari Irrigation Project,10859986.0000,1474366.0000,1474366.0000,697335.0000,176250.0000,777031.0000,0.0000,1650616.0000,1474366.0000,5,2,No,5,1,1,0,0,0,8,0,0,0,0,0,0,0,SACHI BETKAR,2026-07-06 17:04:19.996,,
39,GOA,North Goa,Bardez,Sircaim,2026-07-06,Non-tribal,Yes,Tillari Irrigation Project,3714057.0000,586000.0000,586000.0000,100000.0000,60000.0000,486000.0000,0.0000,646000.0000,586000.0000,3,2,No,1,0,1,0,0,0,2,0,0,0,0,0,0,0,SAHIL HALDANKAR,2026-07-06 17:06:22.062,,
40,GOA,North Goa,Bardez,Socorro (Ct),2026-07-06,Non-tribal,No,,12499402.0000,1865000.0000,1865000.0000,1220000.0000,300000.0000,645000.0000,0.0000,2165000.0000,1865000.0000,4,4,No,3,4,0,0,0,0,7,0,0,0,0,0,0,0,GAUTAM ASNODKAR,2026-07-06 17:08:48.785,,
41,GOA,North Goa,Bardez,Tivim,2026-07-06,Non-tribal,Yes,Tillari Irrigation Project,19261229.0000,2118000.0000,2118000.0000,1100000.0000,130000.0000,1018000.0000,0.0000,2248000.0000,2118000.0000,4,4,No,4,4,0,0,0,2,10,0,0,0,0,0,0,0,ASHWINI N HODARKAR,2026-07-06 17:09:55.922,,
42,GOA,North Goa,Bardez,Ucassaim,2026-07-06,Non-tribal,No,,2566512.0000,1276486.0000,1276486.0000,589062.0000,238959.0000,687424.0000,0.0000,1515445.0000,1276486.0000,5,4,No,2,3,0,0,0,0,5,0,0,0,0,0,0,0,RITESH NADODKAR,2026-07-06 17:11:19.6,,
43,GOA,North Goa,Bardez,Verla,2026-07-06,Non-tribal,No,,3560552.0000,2138919.0000,2138919.0000,1406970.0000,365975.0000,731949.0000,0.0000,2504894.0000,2138919.0000,6,3,No,2,1,0,0,0,0,3,0,0,0,0,0,0,0,MIKESH S KALANGUTKAR,2026-07-06 15:27:39.887,,
44,GOA,North Goa,Bicholim,Adwalpale,2026-07-09,Non-tribal,Yes,Tillari Irrigation Project,5686342.0000,4985000.0000,4985000.0000,1720500.0000,2542000.0000,2416000.0000,0.0000,6678500.0000,4985000.0000,6,5,No,0,1,0,0,0,3,5,0,0,0,0,0,0,0,ARYA NAIK,2026-07-09 14:22:36.166,,
45,GOA,North Goa,Bicholim,Amone,2026-07-09,Non-tribal,No,,7274471.0000,0.0000,0.0000,0.0000,0.0000,0.0000,0.0000,0.0000,0.0000,8,5,No,8,3,0,0,0,0,12,0,0,0,0,0,0,0,RIYA PIKULKAR,2026-07-09 14:25:08.358,,
46,GOA,North Goa,Bicholim,Arvalem,2026-07-09,Non-tribal,No,,7124143.0000,0.0000,0.0000,0.0000,0.0000,0.0000,0.0000,0.0000,0.0000,6,4,No,0,2,1,0,0,3,9,0,0,0,0,0,0,0,SNEHA KARBOTKAR,2026-07-09 14:26:17.559,,
47,GOA,North Goa,Bicholim,Aturli,2026-07-09,Non-tribal,No,,687774.0000,279184.0000,279184.0000,93356.0000,152815.0000,126369.0000,0.0000,372540.0000,279184.0000,14,9,No,0,4,0,0,0,0,4,0,0,0,0,0,0,0,RUJULA DHAVLE,2026-07-09 14:29:49.302,,
48,GOA,North Goa,Bicholim,Bordem,2026-07-09,Non-tribal,Yes,Tillari Irrigation Project,8535908.0000,0.0000,0.0000,0.0000,0.0000,0.0000,0.0000,0.0000,0.0000,5,3,No,3,1,1,0,0,2,7,0,0,0,0,0,0,0,SAIESH SAWANT,2026-07-09 14:39:15.581,,
49,GOA,North Goa,Bicholim,Carapur (Ct),2026-07-09,Non-tribal,Yes,Tillari Irrigation Project,8413165.0000,7776000.0000,7776000.0000,3679200.0000,4691000.0000,3085000.0000,0.0000,11455200.0000,7776000.0000,7,5,No,14,3,3,0,0,0,20,0,0,0,0,0,0,0,ABHINAY SALELKAR,2026-07-09 14:41:05.374,,
50,GOA,North Goa,Bicholim,Cotombi,2026-07-09,Non-tribal,No,,3304947.0000,0.0000,0.0000,0.0000,0.0000,0.0000,0.0000,0.0000,0.0000,7,5,No,0,1,0,0,0,0,1,0,0,0,0,0,0,0,HEMA TIVREKAR,2026-07-09 14:42:38.163,,
51,GOA,North Goa,Bicholim,Cudnem,2026-07-09,Non-tribal,No,,9929693.0000,0.0000,0.0000,0.0000,0.0000,0.0000,0.0000,0.0000,0.0000,7,5,No,1,1,1,0,0,10,15,0,0,0,0,0,0,0,RAHUL SHETVE,2026-07-09 14:43:36.607,,
52,GOA,North Goa,Bicholim,Curchirem,2026-07-09,Non-tribal,Yes,Tillari Irrigation Project,7785201.0000,1769356.0000,1769356.0000,591656.0000,968482.0000,800874.0000,0.0000,2361012.0000,1769356.0000,6,4,No,2,5,1,0,3,1,14,0,0,0,0,0,0,0,PRASHANT NAIK,2026-07-09 15:05:41.981,,
53,GOA,North Goa,Bicholim,Dumacem,2026-07-09,Non-tribal,Yes,Tillari Irrigation Project,3294981.0000,425574.0000,425574.0000,142308.0000,232944.0000,192630.0000,0.0000,567882.0000,425574.0000,3,3,No,0,1,0,0,0,1,2,0,0,0,0,0,0,0,VIJAYA PARAB,2026-07-09 15:09:10.606,,
54,GOA,North Goa,Bicholim,Lamgao,2026-07-09,Non-tribal,No,,2180036.0000,0.0000,0.0000,0.0000,0.0000,0.0000,0.0000,0.0000,0.0000,3,2,No,1,3,0,0,0,4,8,0,0,0,0,0,0,0,VIJAYDEEP KAVLEKAR,2026-07-09 15:23:09.164,,
55,GOA,North Goa,Bicholim,Latambarcem,2026-07-09,Non-tribal,Yes,Tillari Irrigation Project,36419873.0000,16742000.0000,16742000.0000,4214600.0000,10963000.0000,5779000.0000,0.0000,20956600.0000,16742000.0000,4,3,No,18,5,0,0,0,9,34,0,0,0,0,0,0,0,SUNITA SHIRODKAR,2026-07-09 15:24:37.882,,
56,GOA,North Goa,Bicholim,Maem,2026-07-09,Non-tribal,No,,20486348.0000,4068739.0000,4068739.0000,1360548.0000,2227081.0000,1841658.0000,0.0000,5429287.0000,4068739.0000,3,2,No,0,7,3,0,0,3,13,0,0,0,0,0,0,0,PURUSHOTTAM NAIK,2026-07-09 15:26:09.883,,
57,GOA,North Goa,Bicholim,Maulinguem-North,2026-07-09,Non-tribal,No,,7390687.0000,2225784.0000,2225784.0000,744282.0000,1218314.0000,1007470.0000,0.0000,2970066.0000,2225784.0000,5,4,No,2,2,0,0,0,0,5,0,0,0,0,0,0,0,UMESH GAWAS,2026-07-09 15:28:54.604,,
58,GOA,North Goa,Bicholim,Mencurem,2026-07-09,Non-tribal,No,,4007837.0000,816135.0000,816135.0000,272908.0000,446723.0000,369412.0000,0.0000,1089043.0000,816135.0000,3,3,No,0,0,1,0,0,0,1,0,0,0,0,0,0,0,ARVIND NAIK,2026-07-09 15:30:40.819,,
59,GOA,North Goa,Bicholim,Mulgao,2026-07-09,Non-tribal,Yes,Tillari Irrigation Project,7576845.0000,7462300.0000,7462300.0000,3923300.0000,3173000.0000,3539000.0000,0.0000,10635300.0000,7462300.0000,4,3,No,4,9,0,0,1,1,15,0,0,0,0,0,0,0,AMAR TIRODKAR,2026-07-09 15:32:16.329,,
60,GOA,North Goa,Bicholim,Naroa,2026-07-09,Non-tribal,No,,7565860.0000,871900.0000,871900.0000,291555.0000,477247.0000,394653.0000,0.0000,1163455.0000,871900.0000,14,9,No,1,20,1,0,0,0,22,0,0,0,0,0,0,0,ARCHANA KAVLEKAR,2026-07-09 15:46:51.389,,
61,GOA,North Goa,Bicholim,Navelim,2026-07-09,Non-tribal,No,,10871522.0000,0.0000,0.0000,0.0000,0.0000,0.0000,0.0000,0.0000,0.0000,7,5,No,11,7,0,0,1,2,27,0,0,0,0,0,0,0,KARUNA GAWAS,2026-07-09 15:47:49.948,,
62,GOA,North Goa,Bicholim,Ona,2026-07-09,Non-tribal,No,,1955891.0000,434309.0000,434309.0000,145229.0000,237725.0000,196584.0000,0.0000,579538.0000,434309.0000,5,3,No,5,1,0,0,0,0,6,0,0,0,0,0,0,0,SARVESH CHANDELKAR,2026-07-09 15:49:17.441,,
63,GOA,North Goa,Bicholim,Pale (Ct),2026-07-09,Non-tribal,No,,13944720.0000,0.0000,0.0000,0.0000,0.0000,0.0000,0.0000,0.0000,0.0000,7,5,No,10,6,0,0,0,8,24,0,0,0,0,0,0,0,BHINGO GAWAS,2026-07-09 15:50:36.159,,
64,GOA,North Goa,Bicholim,Piligao,2026-07-09,Non-tribal,No,,6944093.0000,1465698.0000,1465698.0000,490116.0000,802270.0000,663428.0000,0.0000,1955814.0000,1465698.0000,8,5,No,3,9,1,0,0,0,13,0,0,0,0,0,0,0,ASHWETA AEYER,2026-07-09 15:52:05.84,,
65,GOA,North Goa,Bicholim,Salem,2026-07-09,Non-tribal,Yes,Tillari Irrigation Project,11020923.0000,5385446.0000,5385446.0000,1800843.0000,2947799.0000,2437647.0000,0.0000,7186289.0000,5385446.0000,3,2,No,5,5,3,1,0,0,14,0,0,0,0,0,0,0,PURUSHOTTAM NAIK,2026-07-09 15:27:24.131,,
66,GOA,North Goa,Bicholim,Sarvona,2026-07-09,Non-tribal,Yes,Tillari Irrigation Project,7778042.0000,1562458.0000,1562458.0000,522471.0000,855233.0000,707225.0000,0.0000,2084929.0000,1562458.0000,6,4,No,1,0,0,0,2,0,5,0,0,0,0,0,0,0,SATISH SAWANT,2026-07-09 15:53:55.847,,
67,GOA,North Goa,Bicholim,Sirigao,2026-07-09,Non-tribal,No,,2894838.0000,1108491.0000,1108491.0000,370669.0000,606748.0000,501743.0000,0.0000,1479160.0000,1108491.0000,5,3,No,0,4,0,0,0,3,8,0,0,0,0,0,0,0,PRASHANT NAIK,2026-07-09 15:07:03.492,,
68,GOA,North Goa,Bicholim,Surla,2026-07-09,Non-tribal,No,,17367198.0000,0.0000,0.0000,0.0000,0.0000,0.0000,0.0000,0.0000,0.0000,7,5,No,1,2,2,0,0,9,14,0,0,0,0,0,0,0,RAHUL SHETVE,2026-07-09 14:44:23.49,,
69,GOA,North Goa,Bicholim,Vainguinim,2026-07-09,Non-tribal,No,,668148.0000,170581.0000,170581.0000,57041.0000,93370.0000,77211.0000,0.0000,227622.0000,170581.0000,8,5,No,1,0,0,0,0,0,1,0,0,0,0,0,0,0,RUJULA DHAVLE,2026-07-09 15:55:37.694,,
70,GOA,North Goa,Bicholim,Velguem,2026-07-09,Non-tribal,No,,3265721.0000,0.0000,0.0000,0.0000,0.0000,0.0000,0.0000,0.0000,0.0000,7,5,No,0,2,0,0,0,3,5,0,0,0,0,0,0,0,DEEPAL RAUL,2026-07-09 15:56:38.66,,
71,GOA,North Goa,Bicholim,Virdi,2026-07-09,Non-tribal,No,,2909754.0000,0.0000,0.0000,0.0000,0.0000,0.0000,0.0000,0.0000,0.0000,7,5,No,0,1,0,0,0,4,9,0,0,0,0,0,0,0,PRASAD SARNAIK,2026-07-09 15:57:51.05,,
72,GOA,North Goa,Pernem,Agarvado,2026-07-04,Non-tribal,No,,1600382.0000,1373198.0000,1373198.0000,231655.0000,336397.0000,1036801.0000,0.0000,1604853.0000,1373198.0000,4,2,No,1,0,0,0,0,0,2,0,0,0,0,0,0,0,DEEPTI D NAIK,2026-07-04 12:34:09.308,,
73,GOA,North Goa,Pernem,Alorna,2026-07-04,Non-tribal,Yes,Tillari Irrigation Project,21325975.0000,8780300.0000,8780300.0000,2577100.0000,1985500.0000,6203200.0000,0.0000,10765800.0000,8780300.0000,3,2,No,7,6,0,0,0,2,17,0,0,0,0,0,0,0,MAHENDRA D NAIK,2026-07-04 12:11:23.604,,
74,GOA,North Goa,Pernem,Amberem,2026-07-04,Non-tribal,Yes,Tillari Irrigation Project,1970991.0000,1224905.0000,1224905.0000,127463.0000,224605.0000,1000300.0000,0.0000,1352368.0000,1224905.0000,8,6,No,1,1,0,0,0,0,2,0,0,0,0,0,0,0,AKSHAYA S BHATLEKAR,2026-07-04 12:38:20.448,,
75,GOA,North Goa,Pernem,Arambol (Ct),2026-07-04,Non-tribal,No,,9281617.0000,6963940.0000,6963940.0000,495400.0000,986500.0000,5977440.0000,0.0000,7459340.0000,6963940.0000,5,3,No,4,2,1,0,1,0,9,0,0,0,0,0,0,0,JIYA JAYESH MANDREKAR,2026-07-04 15:31:08.314,,
76,GOA,North Goa,Pernem,Cansarvornem,2026-07-04,Non-tribal,Yes,Tillari Irrigation Project,11052250.0000,7475880.0000,7475880.0000,891200.0000,1215500.0000,6260380.0000,0.0000,8367080.0000,7475880.0000,6,5,No,4,4,0,0,0,0,14,0,0,0,0,0,0,0,RAJAN S SHETYE,2026-07-04 15:35:36.39,,
77,GOA,North Goa,Pernem,Casnem,2026-07-04,Non-tribal,No,,1253661.0000,779275.0000,779275.0000,81081.0000,142875.0000,636400.0000,0.0000,860356.0000,779275.0000,8,6,No,0,0,0,0,0,0,1,0,0,0,0,0,0,0,AVDHUT S MALVANKAR,2026-07-04 15:39:28.315,,No Water Bodies in this Village
78,GOA,North Goa,Pernem,Chandel,2026-07-04,Non-tribal,Yes,Tillari Irrigation Project,5987258.0000,3722275.0000,3722275.0000,386794.0000,681575.0000,3040700.0000,0.0000,4109069.0000,3722275.0000,3,3,No,0,3,0,0,0,0,4,0,0,0,0,0,0,0,MILAN PRABHU,2026-07-04 15:41:14.425,,
79,GOA,North Goa,Pernem,Chopdem,2026-07-04,Non-tribal,No,,1518108.0000,1302602.0000,1302602.0000,219745.0000,319103.0000,983499.0000,0.0000,1522347.0000,1302602.0000,3,2,No,0,0,0,0,0,0,0,0,0,0,0,0,0,0,KIRAN DABHOLKAR,2026-07-04 16:02:27.225,,"No Water Bodies in this Village "
80,GOA,North Goa,Pernem,Corgao,2026-07-04,Non-tribal,No,,21609073.0000,11669000.0000,11669000.0000,3949100.0000,2696500.0000,7719900.0000,0.0000,14365500.0000,11669000.0000,6,4,No,24,9,1,0,2,2,45,0,0,0,0,0,0,0,DEVANAND D GAWADE,2026-07-04 16:11:02.832,,
81,GOA,North Goa,Pernem,Dargalim,2026-07-04,Non-tribal,Yes,Tillari Irrigation Project,18595778.0000,9819940.0000,9819940.0000,744100.0000,2874500.0000,6945440.0000,0.0000,10564040.0000,9819940.0000,7,6,No,9,6,0,0,0,0,17,0,0,0,0,0,0,0,SANTOSH DABHALE,2026-07-04 18:02:25.791,,
82,GOA,North Goa,Pernem,Ibrampur,2026-07-04,Non-tribal,Yes,Tillari Irrigation Project,6243420.0000,3881000.0000,3881000.0000,403720.0000,711400.0000,3169600.0000,0.0000,4284720.0000,3881000.0000,4,4,No,14,2,0,0,0,1,17,0,0,0,0,0,0,0,PALLAVI NAIK,2026-07-04 18:03:57.555,,
83,GOA,North Goa,Pernem,Mandrem (Ct),2026-07-04,Non-tribal,No,,19974310.0000,11533840.0000,11533840.0000,828300.0000,3229000.0000,8304840.0000,0.0000,12362140.0000,11533840.0000,4,2,No,4,4,1,0,0,0,11,0,0,0,0,0,0,0,CUSTODIO FERNANDES,2026-07-04 18:18:35.485,,
84,GOA,North Goa,Pernem,Mopa,2026-07-04,Non-tribal,Yes,Tillari Irrigation Project,8868524.0000,5052179.0000,5052179.0000,451926.0000,641696.0000,4410482.0000,0.0000,5504104.0000,5052179.0000,7,4,No,0,3,0,0,2,0,5,0,0,0,0,0,0,0,NAKUL Y SHETYE,2026-07-04 19:06:10.725,,
85,GOA,North Goa,Pernem,Morgim,2026-07-04,Non-tribal,No,,7615471.0000,6842330.0000,6842330.0000,439400.0000,740500.0000,6101830.0000,0.0000,7281730.0000,6842330.0000,3,1,No,0,0,0,0,0,0,0,0,0,0,0,0,0,0,SHAILEJA S KINLEKAR,2026-07-04 19:04:32.333,,No Water Bodies in this Village
86,GOA,North Goa,Pernem,Ozorim,2026-07-04,Non-tribal,Yes,Tillari Irrigation Project,6868937.0000,4270700.0000,4270700.0000,443728.0000,781900.0000,3488800.0000,0.0000,4714428.0000,4270700.0000,7,6,No,6,1,0,0,0,1,8,0,0,0,0,0,0,0,ARJUN PARAB,2026-07-04 19:02:39.615,,
87,GOA,North Goa,Pernem,Paliem,2026-07-04,Non-tribal,No,,9462868.0000,7437500.0000,7437500.0000,1247200.0000,912000.0000,6190300.0000,0.0000,8349500.0000,7437500.0000,5,4,No,0,21,1,0,0,0,22,0,0,0,0,0,0,0,RAJASHRI R MANDREKAR,2026-07-04 18:59:55.1,,
88,GOA,North Goa,Pernem,Parcem (Ct),2026-07-05,Non-tribal,No,,9765293.0000,6214450.0000,6214450.0000,377300.0000,1210000.0000,5004450.0000,0.0000,6591750.0000,6214450.0000,5,3,No,8,3,0,0,3,2,17,0,0,0,0,0,0,0,BABU B KINLEKAR,2026-07-05 11:05:42.637,,
89,GOA,North Goa,Pernem,Poroscodem,2026-07-05,Non-tribal,Yes,Tillari Irrigation Project,1553071.0000,965600.0000,965600.0000,100391.0000,176900.0000,788700.0000,0.0000,1065991.0000,965600.0000,8,6,No,0,0,0,0,0,0,0,0,0,0,0,0,0,0,RAHUL PARAB,2026-07-05 11:11:39.829,,No Water Bodies in this Village
90,GOA,North Goa,Pernem,Querim,2026-07-05,Non-tribal,No,,2388103.0000,1484700.0000,1484700.0000,154340.0000,272000.0000,1212700.0000,0.0000,1639040.0000,1484700.0000,5,3,No,2,0,0,0,0,0,3,0,0,0,0,0,0,0,AMITA THAKUR,2026-07-05 11:13:12.729,,
91,GOA,North Goa,Pernem,Tamboxem,2026-07-05,Non-tribal,Yes,Tillari Irrigation Project,1368125.0000,769386.0000,769386.0000,69717.0000,88993.0000,680393.0000,0.0000,839103.0000,769386.0000,8,4,No,0,0,0,0,0,0,0,0,0,0,0,0,0,0,SIDDESH HIREMATH,2026-07-05 11:18:41.368,,"No Water Bodies in this Village "
92,GOA,North Goa,Pernem,Tiracol,2026-07-05,Non-tribal,No,,1431878.0000,890200.0000,890200.0000,92559.0000,163100.0000,727100.0000,0.0000,982759.0000,890200.0000,5,4,No,0,0,0,0,0,0,0,0,0,0,0,0,0,0,RAJARAM MATKAR,2026-07-05 11:20:21.695,,"No Water Bodies in this Village "
93,GOA,North Goa,Pernem,Torxem,2026-07-05,Non-tribal,Yes,Tillari,9382083.0000,7382540.0000,7382540.0000,417900.0000,909500.0000,6473040.0000,0.0000,7800440.0000,7382540.0000,7,4,No,4,2,0,0,0,0,8,0,0,0,0,0,0,0,GANESH SHETYE,2026-07-05 11:03:37.739,,
94,GOA,North Goa,Pernem,Tuem,2026-07-05,Non-tribal,No,,11562577.0000,4348930.0000,4348930.0000,358900.0000,831000.0000,3517930.0000,0.0000,4707830.0000,4348930.0000,6,4,No,1,6,0,0,0,0,7,0,0,0,0,0,0,0,SUNIL MHALDAR,2026-07-05 11:22:19.815,,
95,GOA,North Goa,Pernem,Uguem,2026-07-05,Non-tribal,Yes,Tillari,3362669.0000,1915626.0000,1915626.0000,171356.0000,243311.0000,1672315.0000,0.0000,2086982.0000,1915626.0000,8,4,No,0,0,0,0,0,2,2,0,0,0,0,0,0,0,PRADNYA B GAONKAR,2026-07-05 11:24:32.513,,
96,GOA,North Goa,Pernem,Varconda,2026-07-05,Non-tribal,Yes,Tillari Irrigation Project,11259900.0000,7764690.0000,7764690.0000,201100.0000,646000.0000,7118690.0000,0.0000,7965790.0000,7764690.0000,7,6,No,3,0,0,0,4,1,8,0,0,0,0,0,0,0,POORVI PRAVIN PARAB,2026-07-05 11:26:07.887,,
97,GOA,North Goa,Pernem,Virnora,2026-07-05,Non-tribal,No,,3886113.0000,2415900.0000,2415900.0000,251176.0000,442600.0000,1973300.0000,0.0000,2667076.0000,2415900.0000,7,5,No,14,7,0,0,1,1,23,0,0,0,0,0,0,0,SEJAL S KAUTHANKAR,2026-07-05 11:27:43.381,,
98,GOA,North Goa,Satari,Advoi,2026-07-10,Non-tribal,No,,5789201.0000,2203600.0000,2203600.0000,115000.0000,55000.0000,2088600.0000,0.0000,2258600.0000,2203600.0000,8,4,No,1,3,0,0,0,0,4,0,0,0,0,0,0,0,SHAHAJI S DESAI,2026-07-10 11:14:52.819,,
99,GOA,North Goa,Satari,Ambedem,2026-07-10,Non-tribal,No,,1247267.0000,1060800.0000,1060800.0000,15000.0000,25000.0000,1035800.0000,0.0000,1075800.0000,1060800.0000,8,3,No,1,2,0,0,0,0,3,0,0,0,0,0,0,0,DNYANESHWAR BOTTARKAR,2026-07-10 13:34:04.709,,
100,GOA,North Goa,Satari,Ambeli,2026-07-10,Non-tribal,No,,1966699.0000,0.0000,0.0000,0.0000,0.0000,0.0000,0.0000,0.0000,0.0000,8,4,No,0,0,0,0,0,0,0,0,0,0,0,0,0,0,ANIKET ROHIDAS GAONKAR,2026-07-10 12:53:39.495,,"No Water Bodies in this Village "
101,GOA,North Goa,Satari,Anjunem,2026-07-12,Non-tribal,No,,2294831.0000,0.0000,0.0000,0.0000,0.0000,0.0000,0.0000,0.0000,0.0000,6,3,No,0,0,0,0,0,0,0,0,0,0,0,0,0,0,VITHAL GARAD,2026-07-12 18:38:44.014,,
102,GOA,North Goa,Satari,Ansolem,2026-07-10,Non-tribal,No,,1702368.0000,1014900.0000,1014900.0000,65000.0000,22000.0000,949900.0000,0.0000,1036900.0000,1014900.0000,9,4,No,0,0,0,0,0,0,0,0,0,0,0,0,0,0,SIYA RANE,2026-07-10 14:44:55.928,,No Water Bodies in this Village
103,GOA,North Goa,Satari,Assodem,2026-07-10,Non-tribal,No,,4981336.0000,2251100.0000,2251100.0000,165000.0000,17000.0000,2086100.0000,0.0000,2268100.0000,2251100.0000,8,4,No,0,0,0,0,0,0,0,0,0,0,0,0,0,0,SANDEEP KHOTODKAR,2026-07-10 15:50:02.921,,"No Water Bodies in this Village "
104,GOA,North Goa,Satari,Birondem,2026-07-12,Non-tribal,Yes,Anjunem Irrigation Project,2664439.0000,2438800.0000,2438800.0000,70000.0000,30000.0000,2368800.0000,0.0000,2468800.0000,2438800.0000,8,5,No,0,0,0,0,0,1,1,0,0,0,0,0,0,0,PRATIK NARVEKAR,2026-07-12 17:57:03.363,,
105,GOA,North Goa,Satari,Bombedem,2026-07-12,Non-tribal,No,,482958.0000,272380.0000,272380.0000,65000.0000,20000.0000,207380.0000,0.0000,292380.0000,272380.0000,8,3,No,0,0,0,0,0,0,0,0,0,0,0,0,0,0,SADASHIV MHALSHEKAR,2026-07-12 17:15:54.212,,
106,GOA,North Goa,Satari,Buimpal,2026-07-10,Non-tribal,No,,4129899.0000,1080900.0000,1080900.0000,70000.0000,20000.0000,1010900.0000,0.0000,1100900.0000,1080900.0000,10,2,No,0,0,0,0,0,0,0,0,0,0,0,0,0,0,MULA WARAK,2026-07-10 16:47:58.781,,"No Water Bodies in this Village "
107,GOA,North Goa,Satari,Carambolim- Brama,2026-07-10,Non-tribal,No,,5194578.0000,2481500.0000,2481500.0000,175000.0000,40000.0000,2306500.0000,0.0000,2521500.0000,2481500.0000,8,3,No,0,6,0,0,0,0,6,0,0,0,0,0,0,0,SANTOBA B DESAI,2026-07-10 16:56:43.022,,
108,GOA,North Goa,Satari,Carambolim-Buzruco,2026-07-11,Non-tribal,No,,4683061.0000,1891700.0000,1891700.0000,155000.0000,75000.0000,1736700.0000,0.0000,1966700.0000,1891700.0000,9,4,No,1,1,0,0,0,0,2,0,0,0,0,0,0,0,JAIRAM HARWALKAR,2026-07-11 09:12:33.191,,
109,GOA,North Goa,Satari,Caranzol,2026-07-11,Non-tribal,No,,40206468.0000,2110800.0000,2110800.0000,215000.0000,100000.0000,1895800.0000,0.0000,2210800.0000,2110800.0000,8,4,No,3,8,0,0,0,1,12,0,0,0,0,0,0,0,SUSHEN KESERKAR,2026-07-11 09:18:55.014,,
110,GOA,North Goa,Satari,Choraundem,2026-07-11,Non-tribal,No,,6152254.0000,2316900.0000,2316900.0000,120000.0000,40000.0000,2196900.0000,0.0000,2356900.0000,2316900.0000,7,2,No,0,0,0,0,0,0,0,0,0,0,0,0,0,0,SHIVAJI NAIK,2026-07-11 09:26:47.719,,"No Water Bodies in this Village "
111,GOA,North Goa,Satari,Codal,2026-07-11,Non-tribal,No,,12550520.0000,2506500.0000,2506500.0000,115000.0000,75000.0000,2391500.0000,0.0000,2581500.0000,2506500.0000,8,3,No,0,0,0,0,0,0,0,0,0,0,0,0,0,0,SURYAKANT RANE,2026-07-11 09:32:15.001,,"No Water Bodies in this Village "
112,GOA,North Goa,Satari,Codiem,2026-07-11,Non-tribal,No,,2508228.0000,0.0000,0.0000,0.0000,0.0000,0.0000,0.0000,0.0000,0.0000,8,4,No,0,0,0,0,0,0,0,0,0,0,0,0,0,0,LAURENCE FERNANDEZ,2026-07-11 09:39:56.732,,"No Water Bodies in this Village "
113,GOA,North Goa,Satari,Codqui,2026-07-11,Non-tribal,No,,2822472.0000,2425400.0000,2425400.0000,50000.0000,50000.0000,2375400.0000,0.0000,2475400.0000,2425400.0000,12,5,No,0,2,0,0,0,0,2,0,0,0,0,0,0,0,SANJAY JOSHI,2026-07-11 09:45:11.065,,
114,GOA,North Goa,Satari,Codvol,2026-07-12,Non-tribal,Yes,Anjunem Irrigation Project,8821423.0000,0.0000,0.0000,0.0000,0.0000,0.0000,0.0000,0.0000,0.0000,8,4,No,0,0,0,0,0,0,0,0,0,0,0,0,0,0,RK DESSAI,2026-07-12 15:45:28.552,,
115,GOA,North Goa,Satari,Compordem,2026-07-11,Non-tribal,No,,7452823.0000,2355000.0000,2355000.0000,110000.0000,65000.0000,2245000.0000,0.0000,2420000.0000,2355000.0000,8,3,No,0,5,0,0,0,0,5,0,0,0,0,0,0,0,KRISHNA SAWANT,2026-07-11 10:12:37.966,,
116,GOA,North Goa,Satari,Conquirem,2026-07-10,Non-tribal,No,,8254092.0000,2165500.0000,2165500.0000,55000.0000,45000.0000,2110500.0000,0.0000,2210500.0000,2165500.0000,8,4,No,0,0,0,0,0,3,3,0,0,0,0,0,0,0,ANIKET ROHIDAS GAONKAR,2026-07-10 13:11:34.324,,
117,GOA,North Goa,Satari,Cotorem,2026-07-11,Non-tribal,No,,5356602.0000,2236800.0000,2236800.0000,110000.0000,40000.0000,2126800.0000,0.0000,2276800.0000,2236800.0000,7,5,No,0,3,0,0,0,0,3,0,0,0,0,0,0,0,SANJAY MAUSKAR,2026-07-11 10:23:51.449,,
118,GOA,North Goa,Satari,Cudcem,2026-07-12,Non-tribal,No,,3469895.0000,1388000.0000,1388000.0000,65000.0000,35000.0000,1323000.0000,0.0000,1423000.0000,1388000.0000,9,4,No,3,1,0,0,1,0,5,0,0,0,0,0,0,0,KESHAV AROSKAR,2026-07-12 18:23:47.503,,
119,GOA,North Goa,Satari,Cumarconda,2026-07-11,Non-tribal,No,,5625781.0000,1662200.0000,1662200.0000,70000.0000,40000.0000,1592200.0000,0.0000,1702200.0000,1662200.0000,9,2,No,3,0,0,0,0,0,4,0,0,0,0,0,0,0,RAVINDRA GAWAS,2026-07-11 10:34:16.442,,
120,GOA,North Goa,Satari,Dabem,2026-07-11,Non-tribal,Yes,tilari,3582172.0000,2035100.0000,2035100.0000,120000.0000,30000.0000,1915100.0000,0.0000,2065100.0000,2035100.0000,8,3,No,0,0,0,0,0,0,0,0,0,0,0,0,0,0,SUBHASH Z PARYEKAR,2026-07-11 20:12:26.504,,
121,GOA,North Goa,Satari,Damocem,2026-07-11,Non-tribal,No,,2103831.0000,2071000.0000,2071000.0000,70000.0000,75000.0000,1996000.0000,0.0000,2141000.0000,2071000.0000,7,4,No,1,0,0,0,0,1,3,0,0,0,0,0,0,0,PRAVIN GAONKAR,2026-07-11 10:45:31.856,,
122,GOA,North Goa,Satari,Davem,2026-07-11,Non-tribal,No,,6023357.0000,3744400.0000,3744400.0000,165000.0000,60000.0000,3579400.0000,0.0000,3804400.0000,3744400.0000,8,3,No,6,11,0,0,0,0,17,0,0,0,0,0,0,0,MAHESH MANOHAR TALPI,2026-07-11 10:52:14.768,,
123,GOA,North Goa,Satari,Derodem,2026-07-11,Non-tribal,No,,13408940.0000,2562400.0000,2562400.0000,150000.0000,71000.0000,2412400.0000,0.0000,2633400.0000,2562400.0000,8,3,No,0,0,0,0,0,0,0,0,0,0,0,0,0,0,KALIDAS L HARVALKAR,2026-07-11 21:43:47.923,,
124,GOA,North Goa,Satari,Dongurli,2026-07-12,Non-tribal,No,,10099264.0000,3548200.0000,3548200.0000,210000.0000,135000.0000,3338200.0000,0.0000,3683200.0000,3548200.0000,7,2,No,0,5,0,0,0,0,5,0,0,0,0,0,0,0,DEU KHOT,2026-07-12 18:59:25.048,,
125,GOA,North Goa,Satari,Edorem,2026-07-11,Non-tribal,Yes,tilari,1456802.0000,990700.0000,990700.0000,45000.0000,30000.0000,945700.0000,0.0000,1020700.0000,990700.0000,8,3,No,0,0,0,0,0,0,0,0,0,0,0,0,0,0,RAJENDRA GAWADE,2026-07-11 20:53:52.045,,
126,GOA,North Goa,Satari,Golauli,2026-07-11,Non-tribal,No,,6587118.0000,2786600.0000,2786600.0000,90000.0000,45000.0000,2696600.0000,0.0000,2831600.0000,2786600.0000,7,2,No,0,1,0,0,0,0,1,0,0,0,0,0,0,0,TULSHIDAS MANJREKAR,2026-07-11 22:13:55.971,,
127,GOA,North Goa,Satari,Gonteli,2026-07-12,Non-tribal,Yes,Anjunem Irrigation Project,2800032.0000,1651000.0000,1651000.0000,100000.0000,80000.0000,1551000.0000,0.0000,1731000.0000,1651000.0000,5,3,No,0,2,0,0,0,0,4,0,0,0,0,0,0,0,KRISHNA MAYEKAR,2026-07-12 17:54:09.497,,
128,GOA,North Goa,Satari,Govanem,2026-07-12,Non-tribal,Yes,Anjunem Irrigation Project,4291537.0000,0.0000,0.0000,0.0000,0.0000,0.0000,0.0000,0.0000,0.0000,8,4,No,2,0,0,0,0,1,3,0,0,0,0,0,0,0,YESHWANT NAIK,2026-07-12 17:35:38.484,,
129,GOA,North Goa,Satari,Guleli,2026-07-11,Non-tribal,No,,1904122.0000,1555400.0000,1555400.0000,40000.0000,55000.0000,1500400.0000,0.0000,1595400.0000,1555400.0000,8,4,No,0,0,0,0,0,0,0,0,0,0,0,0,0,0,SHILPA NARE,2026-07-11 22:39:36.366,,
130,GOA,North Goa,Satari,Gululem,2026-07-12,Non-tribal,Yes,Anjunem Irrigation Project,7932045.0000,0.0000,0.0000,0.0000,0.0000,0.0000,0.0000,0.0000,0.0000,6,2,No,0,0,0,0,0,0,0,0,0,0,0,0,0,0,AMAN KHAUNEKAR,2026-07-12 18:35:12.955,,
131,GOA,North Goa,Satari,Ivrem-Buzruco,2026-07-12,Non-tribal,Yes,Anjunem Irrigation Project,4973571.0000,2347200.0000,2347200.0000,170000.0000,50000.0000,2177200.0000,0.0000,2397200.0000,2347200.0000,7,2,No,0,1,0,0,0,0,1,0,0,0,0,0,0,0,SARVESH GAONKAR,2026-07-12 17:45:59.697,,
132,GOA,North Goa,Satari,Ivrem-Curdo,2026-07-12,Non-tribal,Yes,tilari,3613258.0000,2154300.0000,2154300.0000,75000.0000,110000.0000,2044300.0000,0.0000,2229300.0000,2154300.0000,7,2,No,0,1,0,0,0,0,1,0,0,0,0,0,0,0,RAJAT PANDURANG GAONKAR,2026-07-12 14:30:44.81,,
133,GOA,North Goa,Satari,Maloli,2026-07-11,Non-tribal,No,,5632974.0000,2654300.0000,2654300.0000,60000.0000,100000.0000,2554300.0000,0.0000,2714300.0000,2654300.0000,8,3,No,2,8,0,0,0,0,10,0,0,0,0,0,0,0,KALIDAS L HARVALKAR,2026-07-11 21:43:54.153,,
134,GOA,North Goa,Satari,Malpona,2026-07-12,Non-tribal,Yes,Anjunem Irrigation Project,3990925.0000,1762500.0000,1762500.0000,90000.0000,50000.0000,1672500.0000,0.0000,1812500.0000,1762500.0000,8,4,No,0,1,0,0,0,2,3,0,0,0,0,0,0,0,YESHWANT NAIK,2026-07-12 17:29:10.726,,
135,GOA,North Goa,Satari,Massordem,2026-07-12,Non-tribal,No,,3725403.0000,1050900.0000,1050900.0000,30000.0000,35000.0000,1015900.0000,0.0000,1080900.0000,1050900.0000,9,4,No,0,1,0,0,0,0,1,0,0,0,0,0,0,0,HARSH BORKAR,2026-07-12 16:05:47.503,,
136,GOA,North Goa,Satari,Mauxi,2026-07-12,Non-tribal,Yes,Anjunem Irrigation Project,6428618.0000,2403200.0000,2403200.0000,185000.0000,125000.0000,2218200.0000,0.0000,2528200.0000,2403200.0000,8,3,No,0,0,0,0,0,0,0,0,0,0,0,0,0,0,RAJENDRA SAWANT,2026-07-12 17:18:07.073,,
137,GOA,North Goa,Satari,Melauli,2026-07-12,Non-tribal,No,,16389316.0000,3035800.0000,3035800.0000,115000.0000,45000.0000,2920800.0000,0.0000,3080800.0000,3035800.0000,8,4,No,1,2,0,0,0,2,5,0,0,0,0,0,0,0,SUNIL NAIK,2026-07-12 16:21:59.972,,
138,GOA,North Goa,Satari,Morlem,2026-07-12,Non-tribal,Yes,Anjunem Irrigation Project,9773742.0000,3279700.0000,3279700.0000,120000.0000,150000.0000,3129700.0000,0.0000,3399700.0000,3279700.0000,4,3,No,0,0,0,0,0,0,0,0,0,0,0,0,0,0,SANJIT GAONKAR,2026-07-12 17:07:44.179,,
139,GOA,North Goa,Satari,Nagargao,2026-07-12,Non-tribal,Yes,Anjunem Irrigation Project,1639672.0000,1580200.0000,1580200.0000,95000.0000,130000.0000,1450200.0000,0.0000,1675200.0000,1580200.0000,8,3,No,2,1,0,0,0,0,4,0,0,0,0,0,0,0,VINAYAK GAONKAR,2026-07-12 16:56:06.185,,
140,GOA,North Goa,Satari,Naguem,2026-07-12,Non-tribal,Yes,Anjunem Irrigation Project,3427967.0000,0.0000,0.0000,0.0000,0.0000,0.0000,0.0000,0.0000,0.0000,9,4,No,0,0,0,0,0,0,0,0,0,0,0,0,0,0,SAMEER MORAJKAR,2026-07-12 16:37:20.175,,
141,GOA,North Goa,Satari,Naneli,2026-07-12,Non-tribal,No,,6065780.0000,2384800.0000,2384800.0000,125000.0000,110000.0000,2259800.0000,0.0000,2494800.0000,2384800.0000,8,3,No,0,0,0,0,0,0,0,0,0,0,0,0,0,0,DATTARAM S GAWAS,2026-07-12 16:38:48.142,,
142,GOA,North Goa,Satari,Nanorem,2026-07-12,Non-tribal,Yes,Anjunem Irrigation Project,3722798.0000,3158500.0000,3158500.0000,150000.0000,130000.0000,3008500.0000,0.0000,3288500.0000,3158500.0000,7,3,No,0,1,0,0,0,0,1,0,0,0,0,0,0,0,SANDEEP RAM MHALSEKAR,2026-07-12 16:29:59.498,,
143,GOA,North Goa,Satari,Nanus,2026-07-12,Non-tribal,Yes,Anjunem Irrigation Project,2620876.0000,0.0000,0.0000,0.0000,0.0000,0.0000,0.0000,0.0000,0.0000,9,4,No,0,0,0,0,0,0,0,0,0,0,0,0,0,0,MANSOOR KHAN,2026-07-12 16:21:26.947,,
144,GOA,North Goa,Satari,Onda (Ct),2026-07-12,Non-tribal,Yes,Anjunem Irrigation Project,7941889.0000,1935600.0000,1935600.0000,80000.0000,80000.0000,1855600.0000,0.0000,2015600.0000,1935600.0000,3,2,No,0,3,0,0,0,5,8,0,0,0,0,0,0,0,SUNIL HONDKAR,2026-07-12 16:11:29.719,,
145,GOA,North Goa,Satari,Padeli,2026-07-12,Non-tribal,Yes,Anjunem Irrigation Project,1621105.0000,0.0000,0.0000,0.0000,0.0000,0.0000,0.0000,0.0000,0.0000,8,4,No,0,0,0,0,0,0,0,0,0,0,0,0,0,0,SIDDESH NAIK,2026-07-12 16:00:17.683,,
146,GOA,North Goa,Satari,Pale,2026-07-12,Non-tribal,Yes,Anjunem Irrigation Project,7980140.0000,2354900.0000,2354900.0000,95000.0000,50000.0000,2259900.0000,0.0000,2404900.0000,2354900.0000,7,3,No,0,0,0,0,0,0,0,0,0,0,0,0,0,0,SHREERAM GURAV,2026-07-12 15:58:14.17,,
147,GOA,North Goa,Satari,Pendral,2026-07-12,Non-tribal,Yes,Anjunem Irrigation Project,17951377.0000,0.0000,0.0000,0.0000,0.0000,0.0000,0.0000,0.0000,0.0000,8,4,No,0,0,0,0,0,0,0,0,0,0,0,0,0,0,RK DESSAI,2026-07-12 15:44:15.741,,
148,GOA,North Goa,Satari,Pissurlem,2026-07-12,Non-tribal,Yes,Anjunem Irrigation Project,8258016.0000,1741300.0000,1741300.0000,50000.0000,10000.0000,1691300.0000,0.0000,1751300.0000,1741300.0000,7,3,No,2,0,0,0,0,6,8,0,0,0,0,0,0,0,DAYESH MURGAONKAR,2026-07-12 15:27:20.203,,
149,GOA,North Goa,Satari,Podocem,2026-07-12,Non-tribal,Yes,Anjunem Irrigation Project,3958290.0000,0.0000,0.0000,0.0000,0.0000,0.0000,0.0000,0.0000,0.0000,5,3,No,4,0,0,0,0,0,4,0,0,0,0,0,0,0,YESHWANT MHALSHEKAR,2026-07-12 15:13:56.664,,
150,GOA,North Goa,Satari,Ponocem,2026-07-12,Non-tribal,Yes,Anjunem Irrigation Project,3044979.0000,0.0000,0.0000,0.0000,0.0000,0.0000,0.0000,0.0000,0.0000,7,4,No,1,1,0,0,0,0,2,0,0,0,0,0,0,0,SMITA L CHOWGULE,2026-07-12 15:08:03.328,,
151,GOA,North Goa,Satari,Ponsuli,2026-07-12,Non-tribal,Yes,Anjunem Irrigation Project,3652493.0000,0.0000,0.0000,0.0000,0.0000,0.0000,0.0000,0.0000,0.0000,7,2,No,0,0,0,0,0,0,0,0,0,0,0,0,0,0,AMAN KHAUNEKAR,2026-07-12 18:37:10.309,,
152,GOA,North Goa,Satari,Poriem,2026-07-12,Non-tribal,Yes,Anjunem Irrigation Project,11671416.0000,2446000.0000,2446000.0000,135000.0000,125000.0000,2311000.0000,0.0000,2571000.0000,2446000.0000,5,3,No,4,7,0,0,0,0,11,0,0,0,0,0,0,0,SHAMBHA A MAJIK,2026-07-12 15:01:11.744,,
153,GOA,North Goa,Satari,Quelaudem,2026-07-12,Non-tribal,No,,3466580.0000,0.0000,0.0000,0.0000,0.0000,0.0000,0.0000,0.0000,0.0000,7,2,No,0,0,0,0,0,0,0,0,0,0,0,0,0,0,VITHAL GARAD,2026-07-12 18:38:46.044,,
154,GOA,North Goa,Satari,Querim,2026-07-12,Non-tribal,Yes,Anjunem Irrigation Project,12422367.0000,3160100.0000,3160100.0000,130000.0000,210000.0000,2950100.0000,0.0000,3290100.0000,3160100.0000,6,3,No,3,3,0,0,0,0,7,0,0,0,0,0,0,0,NASRIN SHAIKH,2026-07-12 14:48:03.148,,
155,GOA,North Goa,Satari,Ravona,2026-07-12,Non-tribal,Yes,Anjunem Irrigation Project,5605975.0000,3001800.0000,3001800.0000,140000.0000,185000.0000,2816800.0000,0.0000,3141800.0000,3001800.0000,5,3,No,3,6,0,0,0,1,11,0,0,0,0,0,0,0,DEEPAK GAWAS,2026-07-12 14:37:37.988,,
156,GOA,North Goa,Satari,Rivem,2026-07-12,Non-tribal,Yes,tilari,8921564.0000,2623500.0000,2623500.0000,45000.0000,35000.0000,2578500.0000,0.0000,2658500.0000,2623500.0000,7,3,No,0,4,0,0,0,0,4,0,0,0,0,0,0,0,RAJAT PANDURANG GAONKAR,2026-07-12 14:14:08.474,,
157,GOA,North Goa,Satari,Saleli,2026-07-12,Non-tribal,Yes,tilari,8380509.0000,1678800.0000,1678800.0000,105000.0000,80000.0000,1573800.0000,0.0000,1758800.0000,1678800.0000,7,2,No,0,2,0,0,0,0,2,0,0,0,0,0,0,0,SUBHASH GAONKAR,2026-07-12 14:05:31.448,,
158,GOA,North Goa,Satari,Sanvorcem,2026-07-12,Non-tribal,Yes,tilari,2353878.0000,2135000.0000,2135000.0000,45000.0000,50000.0000,2085000.0000,0.0000,2180000.0000,2135000.0000,11,5,No,4,0,0,0,1,0,5,0,0,0,0,0,0,0,CHANDRAKANT PAVANE,2026-07-12 13:54:27.954,,
159,GOA,North Goa,Satari,Sanvordem,2026-07-12,Non-tribal,Yes,tilari,3156225.0000,2665100.0000,2665100.0000,125000.0000,120000.0000,2540100.0000,0.0000,2785100.0000,2665100.0000,9,4,No,0,0,0,0,0,0,0,0,0,0,0,0,0,0,ANKUSH M MHASHELKAR,2026-07-12 13:02:50.119,,
160,GOA,North Goa,Satari,Satorem,2026-07-11,Non-tribal,No,,2011737.0000,1955530.0000,1955530.0000,55000.0000,45000.0000,1900530.0000,0.0000,2000530.0000,1955530.0000,8,4,No,2,0,0,0,2,0,5,0,0,0,0,0,0,0,MANOHAR HARWALKAR,2026-07-12 10:14:32.932,,
161,GOA,North Goa,Satari,Satrem,2026-07-12,Non-tribal,Yes,tilari,22318086.0000,2932700.0000,2932700.0000,85000.0000,70000.0000,2847700.0000,0.0000,3002700.0000,2932700.0000,7,3,No,0,0,0,0,0,0,0,0,0,0,0,0,0,0,RAMA GAONKAR,2026-07-12 13:23:22.926,,
162,GOA,North Goa,Satari,Sigonem,2026-07-11,Non-tribal,No,,3301088.0000,2995900.0000,2995900.0000,120000.0000,40000.0000,2875900.0000,0.0000,3035900.0000,2995900.0000,7,3,No,0,1,0,0,0,0,1,0,0,0,0,0,0,0,SURYAKANT RANE,2026-07-11 09:33:59.794,,
163,GOA,North Goa,Satari,Siranguli,2026-07-11,Non-tribal,Yes,tilari,3004795.0000,1922500.0000,1922500.0000,155000.0000,45000.0000,1767500.0000,0.0000,1967500.0000,1922500.0000,8,4,No,0,2,0,0,0,0,2,0,0,0,0,0,0,0,MAHENDRA GAONKAR,2026-07-11 20:40:14.102,,
164,GOA,North Goa,Satari,Siroli,2026-07-12,Non-tribal,Yes,Amjume Irrigation Project,3354624.0000,1456800.0000,1456800.0000,95000.0000,80000.0000,1361800.0000,0.0000,1536800.0000,1456800.0000,6,3,No,0,0,0,0,0,0,0,0,0,0,0,0,0,0,PRADEEP GAWAS,2026-07-12 13:13:34.434,,
165,GOA,North Goa,Satari,Sirsodem,2026-07-10,Non-tribal,No,,3038552.0000,2088200.0000,2088200.0000,143000.0000,55000.0000,1945200.0000,0.0000,2143200.0000,2088200.0000,8,4,No,1,0,0,0,0,0,1,0,0,0,0,0,0,0,SANDEEP KHOTODKAR,2026-07-10 15:58:06.41,,
166,GOA,North Goa,Satari,Sonal,2026-07-12,Non-tribal,Yes,tilari,2880011.0000,2471000.0000,2471000.0000,60000.0000,55000.0000,2411000.0000,0.0000,2526000.0000,2471000.0000,8,4,No,1,2,0,0,0,0,3,0,0,0,0,0,0,0,ANKUSH M MHASHELKAR,2026-07-12 13:01:03.728,,
167,GOA,North Goa,Satari,Sonus-Vonvoliem,2026-07-12,Non-tribal,Yes,tilari,4800577.0000,0.0000,0.0000,0.0000,0.0000,0.0000,0.0000,0.0000,0.0000,6,3,No,1,1,0,0,0,2,4,0,0,0,0,0,0,0,CHANDRAKANT M GAWAS,2026-07-12 12:51:19.856,,
168,GOA,North Goa,Satari,Surla,2026-07-12,Non-tribal,Yes,tilari,14764582.0000,0.0000,0.0000,0.0000,0.0000,0.0000,0.0000,0.0000,0.0000,7,3,No,0,0,0,0,0,0,0,0,0,0,0,0,0,0,BABAN GAONKAR,2026-07-12 12:42:28.197,,
169,GOA,North Goa,Satari,Ustem,2026-07-11,Non-tribal,No,,4364973.0000,2736800.0000,2736800.0000,75000.0000,65000.0000,2661800.0000,0.0000,2801800.0000,2736800.0000,8,3,No,0,3,0,0,1,0,4,0,0,0,0,0,0,0,MADHU USAPKAR,2026-07-11 23:03:12.181,,
170,GOA,North Goa,Satari,Vaguriem,2026-07-12,Non-tribal,Yes,tilari,3093889.0000,0.0000,0.0000,0.0000,0.0000,0.0000,0.0000,0.0000,0.0000,7,3,No,0,0,0,0,0,2,2,0,0,0,0,0,0,0,PRATAP GAWDE,2026-07-12 12:40:04.944,,
171,GOA,North Goa,Satari,Vainguinim,2026-07-11,Non-tribal,Yes,tilari,8890706.0000,0.0000,0.0000,0.0000,0.0000,0.0000,0.0000,0.0000,0.0000,7,3,No,0,0,0,0,0,0,0,0,0,0,0,0,0,0,BHAGWANT MAHALE,2026-07-11 20:22:24.0,,
172,GOA,North Goa,Satari,Vantem,2026-07-10,Non-tribal,No,,5853596.0000,2506500.0000,2506500.0000,90000.0000,90000.0000,2416500.0000,0.0000,2596500.0000,2506500.0000,8,4,No,2,3,0,0,0,0,5,0,0,0,0,0,0,0,SHAHAJI S DESAI,2026-07-10 11:26:33.825,,
173,GOA,North Goa,Satari,Velguem,2026-07-11,Non-tribal,Yes,tilari,6514818.0000,3279800.0000,3279800.0000,6500.0000,80000.0000,3199800.0000,0.0000,3286300.0000,3279800.0000,10,5,No,0,1,0,0,0,0,1,0,0,0,0,0,0,0,BHINGO GAONKAR,2026-07-11 21:12:10.474,,
174,GOA,North Goa,Satari,Velus,2026-07-11,Non-tribal,Yes,tilari,4434609.0000,1255700.0000,1255700.0000,35000.0000,50000.0000,1205700.0000,0.0000,1290700.0000,1255700.0000,8,4,No,0,0,0,0,0,0,0,0,0,0,0,0,0,0,PRUTHVESH NAIK,2026-07-11 21:04:34.022,,
175,GOA,North Goa,Satari,Xelopo-Buzruco,2026-07-11,Non-tribal,Yes,tilari,1951689.0000,0.0000,0.0000,0.0000,0.0000,0.0000,0.0000,0.0000,0.0000,8,3,No,0,1,0,0,0,0,1,0,0,0,0,0,0,0,RAJENDRA GAWADE,2026-07-11 20:47:59.198,,
176,GOA,North Goa,Satari,Xelopo-Curdo,2026-07-11,Non-tribal,Yes,tilari,4544395.0000,0.0000,0.0000,0.0000,0.0000,0.0000,0.0000,0.0000,0.0000,8,4,No,0,3,0,0,0,0,3,0,0,0,0,0,0,0,MAHENDRA GAONKAR,2026-07-11 20:30:03.611,,
177,GOA,North Goa,Satari,Zarani,2026-07-11,Non-tribal,Yes,tilari,7811216.0000,0.0000,0.0000,0.0000,0.0000,0.0000,0.0000,0.0000,0.0000,8,3,No,0,0,0,0,0,0,0,0,0,0,0,0,0,0,BHAGWANT MAHALE,2026-07-11 20:20:35.796,,
178,GOA,North Goa,Satari,Zormen,2026-07-11,Non-tribal,Yes,tillari,7375667.0000,2715500.0000,2715500.0000,25000.0000,6000.0000,2690500.0000,0.0000,2721500.0000,2715500.0000,7,3,No,0,2,0,0,0,0,2,0,0,0,0,0,0,0,SUBHASH Z PARYEKAR,2026-07-11 20:10:48.059,,
179,GOA,North Goa,Tiswadi,Ambarim,2026-07-07,Non-tribal,No,,146169.0000,67485.0000,67485.0000,22870.0000,13255.0000,44615.0000,0.0000,80740.0000,67485.0000,4,2,No,0,0,0,0,0,0,0,0,0,0,0,0,0,0,AMAN KHAUNEKAR,2026-07-07 14:48:25.628,,"No Water Bodies in this Village "
180,GOA,North Goa,Tiswadi,Azossim,2026-07-07,Non-tribal,No,,3317723.0000,1531756.0000,1531756.0000,519093.0000,300851.0000,1012663.0000,0.0000,1832607.0000,1531756.0000,3,2,No,1,4,0,0,0,0,5,0,0,0,0,0,0,0,DHRIRAJ PEDNEKAR,2026-07-07 15:20:46.302,,
181,GOA,North Goa,Tiswadi,Bainguinim,2026-07-08,Non-tribal,No,,2982389.0000,1376937.0000,1376937.0000,466627.0000,270443.0000,910310.0000,0.0000,1647380.0000,1376937.0000,3,2,No,4,0,0,0,0,0,12,0,0,0,0,0,0,0,JEEVAN GAUDE,2026-07-08 14:58:02.809,,
182,GOA,North Goa,Tiswadi,Bambolim (Ct),2026-07-08,Non-tribal,No,,3884594.0000,1793474.0000,1793474.0000,607786.0000,352255.0000,1185688.0000,0.0000,2145729.0000,1793474.0000,4,3,No,1,0,0,0,0,0,1,0,0,0,0,0,0,0,GAURESH GAUNS,2026-07-08 15:31:58.598,,
183,GOA,North Goa,Tiswadi,Batim,2026-07-08,Non-tribal,No,,3822691.0000,1764895.0000,1764895.0000,598101.0000,346642.0000,1166794.0000,0.0000,2111537.0000,1764895.0000,4,3,No,0,0,1,0,0,0,2,0,0,0,0,0,0,0,RAJAT NAIK,2026-07-08 15:33:43.449,,
184,GOA,North Goa,Tiswadi,Calapor (Ct),2026-07-08,Non-tribal,No,,7688084.0000,3549505.0000,3549505.0000,1202883.0000,697156.0000,2346622.0000,0.0000,4246661.0000,3549505.0000,4,3,No,20,4,1,0,0,0,26,0,0,0,0,0,0,0,GAURESH GAUNS,2026-07-08 15:46:06.527,,
185,GOA,North Goa,Tiswadi,Capao,2026-07-08,Non-tribal,No,,785485.0000,362650.0000,362650.0000,122898.0000,71228.0000,239752.0000,0.0000,433878.0000,362650.0000,3,2,No,1,0,0,0,0,0,1,0,0,0,0,0,0,0,PUNDALIK BHOMKAR,2026-07-08 15:49:45.984,,
186,GOA,North Goa,Tiswadi,Caraim,2026-07-08,Non-tribal,No,,592179.0000,273403.0000,273403.0000,92653.0000,53699.0000,180750.0000,0.0000,327102.0000,273403.0000,3,2,No,0,1,0,0,0,0,1,0,0,0,0,0,0,0,SACHIN GARAD,2026-07-08 15:54:03.378,,
187,GOA,North Goa,Tiswadi,Carambolim,2026-07-08,Tribal,No,,14532800.0000,6709635.0000,6709635.0000,2273812.0000,1317835.0000,4435823.0000,0.0000,8027470.0000,6709635.0000,3,2,No,0,4,1,0,0,0,6,0,0,0,0,0,0,0,AJIT GAWAS,2026-07-08 15:58:45.511,,
188,GOA,North Goa,Tiswadi,Chimbel (Ct),2026-07-08,Non-tribal,No,,3216190.0000,1484880.0000,1484880.0000,503207.0000,291644.0000,981673.0000,0.0000,1776524.0000,1484880.0000,6,4,No,3,2,1,0,0,1,7,0,0,0,0,0,0,0," SHUBHAM NAIK",2026-07-08 16:31:41.656,,
189,GOA,North Goa,Tiswadi,Chorao,2026-07-08,Non-tribal,No,,16816802.0000,7764135.0000,7764135.0000,2631169.0000,1524949.0000,5132966.0000,0.0000,9289084.0000,7764135.0000,4,3,No,1,2,0,0,0,0,3,0,0,0,0,0,0,0,PUNDALIK BHOMKAR,2026-07-08 15:50:56.489,,
190,GOA,North Goa,Tiswadi,Corlim (Ct),2026-07-08,Non-tribal,No,,5817352.0000,2685808.0000,2685808.0000,910187.0000,527518.0000,1775621.0000,0.0000,3213326.0000,2685808.0000,2,1,No,0,4,3,0,0,0,7,0,0,0,0,0,0,0," SUYOG V KERKAR",2026-07-08 16:38:25.202,,
191,GOA,North Goa,Tiswadi,Cujira (Og),2026-07-08,Non-tribal,No,,1786547.0000,824829.0000,824829.0000,279524.0000,162004.0000,545305.0000,0.0000,986833.0000,824829.0000,5,4,No,0,0,0,0,0,0,0,0,0,0,0,0,0,0,NITIN KERKAR,2026-07-08 16:40:56.349,,"No Water Bodies in this Village "
192,GOA,North Goa,Tiswadi,Cumbarjua (Ct),2026-07-08,Non-tribal,No,,2249454.0000,1038548.0000,1038548.0000,351951.0000,203981.0000,686597.0000,0.0000,1242529.0000,1038548.0000,2,1,No,8,1,0,0,0,0,10,0,0,0,0,0,0,0,SURYAKANT GAUDE,2026-07-08 16:43:04.285,,
193,GOA,North Goa,Tiswadi,Curca,2026-07-08,Non-tribal,No,,2737157.0000,1263716.0000,1263716.0000,428258.0000,248206.0000,835458.0000,0.0000,1511922.0000,1263716.0000,5,4,No,3,1,0,0,0,0,4,0,0,0,0,0,0,0,GAURESH GAUNS,2026-07-08 15:47:49.938,,
194,GOA,North Goa,Tiswadi,Durgavado,2026-07-08,Non-tribal,No,,167346.0000,77262.0000,77262.0000,26183.0000,15175.0000,51079.0000,0.0000,92437.0000,77262.0000,3,3,No,3,1,0,0,0,0,4,0,0,0,0,0,0,0,AJIT GAWAS,2026-07-08 16:00:25.347,,
195,GOA,North Goa,Tiswadi,Ella,2026-07-08,Non-tribal,No,,6616504.0000,3054768.0000,3054768.0000,1035223.0000,599985.0000,2019545.0000,0.0000,3654753.0000,3054768.0000,2,1,No,0,14,0,0,0,0,14,0,0,0,0,0,0,0," KHUSHAL PEDNEKAR",2026-07-08 16:45:49.925,,
196,GOA,North Goa,Tiswadi,Gancim,2026-07-08,Non-tribal,No,,3062365.0000,1413861.0000,1413861.0000,479140.0000,277696.0000,934721.0000,0.0000,1691557.0000,1413861.0000,4,3,No,0,0,0,0,0,0,0,0,0,0,0,0,0,0,SACHIN GARAD,2026-07-08 15:55:40.171,,"No Water Bodies in this Village "
197,GOA,North Goa,Tiswadi,Gandaulim,2026-07-08,Non-tribal,No,,1275094.0000,588697.0000,588697.0000,199502.0000,115626.0000,389195.0000,0.0000,704323.0000,588697.0000,2,1,No,3,0,0,0,0,0,3,0,0,0,0,0,0,0," KHUSHAL PEDNEKAR",2026-07-08 16:47:23.165,,
198,GOA,North Goa,Tiswadi,Goalim-Moula,2026-07-08,Non-tribal,No,,3204170.0000,1379330.0000,1379330.0000,401327.0000,290554.0000,878004.0000,0.0000,1569885.0000,1379330.0000,4,3,No,5,0,0,0,0,0,5,0,0,0,0,0,0,0,AMAN KHAUNEKAR,2026-07-08 16:53:20.637,,
199,GOA,North Goa,Tiswadi,Goa-Velha,2026-07-08,Non-tribal,No,,6590673.0000,3042842.0000,3042842.0000,1031181.0000,597643.0000,2011661.0000,0.0000,3640485.0000,3042842.0000,4,3,No,5,2,2,0,0,0,9,0,0,0,0,0,0,0,SACHIN GARAD,2026-07-08 15:56:53.794,,
200,GOA,North Goa,Tiswadi,Goltim,2026-07-08,Non-tribal,No,,3278682.0000,1513732.0000,1513732.0000,512985.0000,297311.0000,1000747.0000,0.0000,1811043.0000,1513732.0000,3,2,No,7,2,0,0,0,0,9,0,0,0,0,0,0,0," MARIA FERNANDES",2026-07-08 16:56:38.762,,
201,GOA,North Goa,Tiswadi,Jua (Ct),2026-07-08,Non-tribal,No,,6026396.0000,2782321.0000,2782321.0000,942894.0000,546474.0000,1839427.0000,0.0000,3328795.0000,2782321.0000,3,2,No,8,0,0,0,0,0,14,0,0,0,0,0,0,0,RAJAT NAIK,2026-07-08 16:59:15.486,,
202,GOA,North Goa,Tiswadi,Malar,2026-07-08,Non-tribal,No,,4452927.0000,2055868.0000,2055868.0000,696708.0000,403792.0000,1359160.0000,0.0000,2459660.0000,2055868.0000,3,2,No,30,1,0,0,0,0,31,0,0,0,0,0,0,0," OMKAR VAIGANKAR",2026-07-08 17:00:50.455,,
203,GOA,North Goa,Tiswadi,Mandur,2026-07-08,Non-tribal,No,,2091309.0000,965535.0000,965535.0000,327208.0000,189640.0000,638327.0000,0.0000,1155175.0000,965535.0000,3,2,No,0,2,0,0,0,0,2,0,0,0,0,0,0,0," OMKAR VAIGANKAR",2026-07-08 17:01:57.244,,
204,GOA,North Goa,Tiswadi,Mercurim (Ct),2026-07-08,Non-tribal,No,,2575460.0000,1189062.0000,1189062.0000,402958.0000,233543.0000,786104.0000,0.0000,1422605.0000,1189062.0000,4,3,No,4,0,0,0,0,0,4,0,0,0,0,0,0,0,LUIS BARRETTO,2026-07-08 17:07:42.616,,
205,GOA,North Goa,Tiswadi,Morambi-O-Grande (Merces),2026-07-08,Non-tribal,No,,5931361.0000,2738445.0000,2738445.0000,928025.0000,537856.0000,1810420.0000,0.0000,3276301.0000,2738445.0000,6,4,No,8,5,0,0,0,1,14,0,0,0,0,0,0,0," SHUBHAM NAIK",2026-07-08 16:33:09.506,,
206,GOA,North Goa,Tiswadi,Morambi-O-Pequeno (Merces),2026-07-08,Non-tribal,No,,1865299.0000,861188.0000,861188.0000,291846.0000,169145.0000,569342.0000,0.0000,1030333.0000,861188.0000,5,4,No,2,0,0,0,0,0,2,0,0,0,0,0,0,0," SHUBHAM NAIK",2026-07-08 16:34:29.175,,
207,GOA,North Goa,Tiswadi,Murda (Ct),2026-07-08,Non-tribal,No,,1889983.0000,872585.0000,872585.0000,295708.0000,171384.0000,576877.0000,0.0000,1043969.0000,872585.0000,5,4,No,0,1,0,0,0,0,1,0,0,0,0,0,0,0," OMKAR VAIGANKAR",2026-07-08 17:03:15.392,,
208,GOA,North Goa,Tiswadi,Naroa,2026-07-08,Non-tribal,No,,1034101.0000,477433.0000,477433.0000,161796.0000,93772.0000,315637.0000,0.0000,571205.0000,477433.0000,3,2,No,1,1,0,0,0,0,2,0,0,0,0,0,0,0," SARITA DMELLO ",2026-07-08 17:10:23.366,,
209,GOA,North Goa,Tiswadi,Navelim,2026-07-08,Non-tribal,No,,4577428.0000,2113349.0000,2113349.0000,716188.0000,415082.0000,1397161.0000,0.0000,2528431.0000,2113349.0000,4,3,No,13,2,0,0,0,0,15,0,0,0,0,0,0,0,PUNDALIK BHOMKAR,2026-07-08 15:52:18.234,,
210,GOA,North Goa,Tiswadi,Neura-O-Grande,2026-07-08,Non-tribal,No,,7122021.0000,3288159.0000,3288159.0000,1114316.0000,645825.0000,2173843.0000,0.0000,3933984.0000,3288159.0000,3,2,No,0,1,0,0,0,0,1,0,0,0,0,0,0,0," SHUBHAM NAIK",2026-07-08 16:36:32.7,,
211,GOA,North Goa,Tiswadi,Neura-O-Pequeno,2026-07-08,Non-tribal,No,,1073730.0000,495730.0000,495730.0000,167997.0000,97366.0000,327733.0000,0.0000,593096.0000,495730.0000,4,3,No,4,2,0,0,0,0,6,0,0,0,0,0,0,0," CHANDRESH YGAUNS",2026-07-08 17:13:10.964,,
212,GOA,North Goa,Tiswadi,Panelim (Og),2026-07-08,Non-tribal,No,,1093313.0000,504771.0000,504771.0000,171061.0000,99142.0000,333710.0000,0.0000,603913.0000,504771.0000,5,3,No,0,0,0,0,0,2,2,0,0,0,0,0,0,0," DATTARAM B TARI",2026-07-08 17:17:19.682,,
213,GOA,North Goa,Tiswadi,Renovadi (Og),2026-07-08,Non-tribal,No,,274037.0000,126520.0000,126520.0000,42876.0000,24850.0000,83644.0000,0.0000,151370.0000,126520.0000,5,4,No,0,0,0,0,0,0,0,0,0,0,0,0,0,0," ABHIJIT PALKAR",2026-07-08 17:21:28.318,,"No Water Bodies in this Village "
214,GOA,North Goa,Tiswadi,Siridao,2026-07-08,Tribal,No,,2267275.0000,1036777.0000,1036777.0000,344740.0000,225597.0000,692037.0000,0.0000,1262374.0000,1036777.0000,4,3,No,0,1,1,0,0,0,2,0,0,0,0,0,0,0," ABHIJIT PALKAR",2026-07-08 17:28:23.23,,
215,GOA,North Goa,Tiswadi,Talaulim,2026-07-08,Non-tribal,No,,5380008.0000,2483891.0000,2483891.0000,841760.0000,487860.0000,1642131.0000,0.0000,2971751.0000,2483891.0000,5,4,No,10,4,0,0,0,0,14,0,0,0,0,0,0,0," MANJIT NAIK",2026-07-08 17:29:57.698,,
216,GOA,North Goa,Tiswadi,Taleigao,2026-07-08,Non-tribal,No,,6501593.0000,3001715.0000,3001715.0000,1017244.0000,589565.0000,1984471.0000,0.0000,3591280.0000,3001715.0000,3,2,No,7,0,0,0,0,0,7,0,0,0,0,0,0,0,AJIT GAWAS,2026-07-08 16:29:43.362,,
217,GOA,South Goa,Canacona,Agonda,2026-06-30,Non-tribal,No,,14719493.0000,3730000.0000,3730000.0000,300000.0000,100000.0000,3430000.0000,0.0000,3830000.0000,3730000.0000,6,3,No,7,2,0,0,5,0,14,0,0,0,0,0,0,0,DHANJAY KOMARPANT,2026-06-30 18:21:37.804,,
218,GOA,South Goa,Canacona,Angediva,2026-07-15,Non-tribal,No,,340000.0000,0.0000,0.0000,0.0000,0.0000,0.0000,0.0000,0.0000,0.0000,5,4,No,0,0,0,0,0,0,0,0,0,0,0,0,0,0,VISHAL LOLAYEKAR,2026-07-15 12:37:15.508,,"No Water Bodies in this Village "
219,GOA,South Goa,Canacona,Canacona,2026-07-11,Non-tribal,Yes,Chapoli Dam,34454510.0000,10590000.0000,10590000.0000,5120000.0000,500000.0000,5470000.0000,0.0000,11090000.0000,10590000.0000,6,5,No,0,0,0,1,0,0,1,0,2,2,0,0,0,0,ASHOK G GAONKAR,2026-07-11 11:59:00.577,,
220,GOA,South Goa,Canacona,Chaudi,2026-06-30,Non-tribal,No,,1796556.0000,840000.0000,840000.0000,120000.0000,10000.0000,720000.0000,0.0000,850000.0000,840000.0000,7,6,No,6,2,0,0,2,0,11,0,0,0,0,0,0,0,SUDIN PRABHUGAONKAR,2026-06-30 18:28:38.945,,
221,GOA,South Goa,Canacona,Cola,2026-06-30,Non-tribal,No,,33899814.0000,8390000.0000,8390000.0000,360000.0000,170000.0000,8030000.0000,0.0000,8560000.0000,8390000.0000,6,4,No,0,10,0,0,0,0,10,0,0,0,0,0,0,0,PRASHANT DHURI,2026-06-30 18:17:31.188,,
222,GOA,South Goa,Canacona,Cotigao,2026-06-30,Non-tribal,No,,111376645.0000,23600000.0000,23600000.0000,9430000.0000,1500000.0000,14170000.0000,0.0000,25100000.0000,23600000.0000,5,4,No,7,7,0,0,11,0,28,0,0,0,0,0,0,0,DEEPAK S GAONKAR,2026-06-30 18:31:37.082,,
223,GOA,South Goa,Canacona,Gaodongrem,2026-06-30,Non-tribal,No,,69084573.0000,28410000.0000,28410000.0000,12450000.0000,1820000.0000,15960000.0000,0.0000,30230000.0000,28410000.0000,5,4,No,5,11,2,1,21,0,82,0,2,2,0,0,0,0,RAMAKANT DESAI,2026-06-30 18:34:32.695,,
224,GOA,South Goa,Canacona,Loliem,2026-06-30,Non-tribal,No,,42652191.0000,6000000.0000,6000000.0000,400000.0000,70000.0000,5600000.0000,0.0000,6070000.0000,6000000.0000,16,15,No,11,20,0,0,8,1,80,0,0,0,0,0,0,0,VISHAL LOLAYEKAR,2026-06-30 18:39:41.72,,
225,GOA,South Goa,Canacona,Nagorcem - Palolem,2026-06-30,Non-tribal,No,,18022469.0000,0.0000,0.0000,0.0000,0.0000,0.0000,0.0000,0.0000,0.0000,7,6,No,13,11,0,0,2,0,26,0,0,0,0,0,0,0,VISHAL LOLAYEKAR,2026-06-30 18:42:42.004,,
226,GOA,South Goa,Canacona,Poinguinim,2026-06-30,Non-tribal,No,,34752264.0000,11150000.0000,11150000.0000,400000.0000,310000.0000,10750000.0000,0.0000,11460000.0000,11150000.0000,11,7,No,14,13,31,0,0,0,128,0,0,0,0,0,0,0,DHANJAY KOMARPANT,2026-06-30 18:45:22.402,2026-06-30 19:49:42.025,
227,GOA,South Goa,Dharbandora,Aglote,2026-07-06,Non-tribal,No,,16506116.0000,4141000.0000,4141000.0000,250000.0000,530000.0000,3611000.0000,0.0000,4391000.0000,4141000.0000,9,6,No,3,2,0,0,0,3,8,0,0,0,0,0,0,0,SHOBHANA MAPARI,2026-07-06 16:01:08.325,,Village Complete
228,GOA,South Goa,Dharbandora,Bandoli,2026-07-06,Non-tribal,No,,8032554.0000,3183000.0000,3183000.0000,330000.0000,80000.0000,2853000.0000,0.0000,3263000.0000,3183000.0000,9,6,No,0,0,0,0,0,3,3,0,0,0,0,0,0,0,MRINAL NAIK,2026-07-06 16:13:30.443,,Village Complete
229,GOA,South Goa,Dharbandora,Camarconda,2026-07-06,Non-tribal,No,,7986033.0000,2086000.0000,2086000.0000,220000.0000,160000.0000,1866000.0000,0.0000,2246000.0000,2086000.0000,9,6,No,0,5,0,0,0,0,5,0,0,0,0,0,0,0,GAUTAM GURU GAUNKAR,2026-07-06 16:32:07.131,,Village Complete
230,GOA,South Goa,Dharbandora,Caranzol,2026-07-06,Non-tribal,No,,25799401.0000,1700000.0000,1700000.0000,170000.0000,80000.0000,1530000.0000,0.0000,1780000.0000,1700000.0000,10,7,No,0,0,0,0,0,0,0,0,0,0,0,0,0,0,DEVENDRA GAONKAR,2026-07-06 16:43:23.792,,Village Complete
231,GOA,South Goa,Dharbandora,Codli,2026-07-06,Non-tribal,No,,23700753.0000,2896000.0000,2896000.0000,420000.0000,195000.0000,2476000.0000,0.0000,3091000.0000,2896000.0000,9,6,No,0,3,0,0,0,13,16,0,0,0,0,0,0,0,TWINKLE MAINEKAR,2026-07-06 16:58:32.457,,Village Complete
232,GOA,South Goa,Dharbandora,Colem,2026-07-06,Non-tribal,No,,29965433.0000,2430000.0000,2430000.0000,950000.0000,200000.0000,1480000.0000,0.0000,2630000.0000,2430000.0000,9,7,No,3,2,0,0,5,6,16,0,0,0,0,0,0,0,UDAY GAONKAR,2026-07-06 17:11:03.759,,Village Complete
233,GOA,South Goa,Dharbandora,Cormonem,2026-07-06,Tribal,No,,6257820.0000,1556000.0000,1556000.0000,320000.0000,350000.0000,1206000.0000,0.0000,1876000.0000,1556000.0000,8,5,No,0,4,0,0,0,4,10,0,0,0,0,0,0,0,SUBHASH ZANGALI,2026-07-06 18:40:14.27,,Village completed
234,GOA,South Goa,Dharbandora,Darbandora,2026-07-06,Tribal,Yes,Salaulim,44070458.0000,3991000.0000,3991000.0000,1410000.0000,430000.0000,2581000.0000,0.0000,4421000.0000,3991000.0000,11,6,No,3,1,0,0,5,7,16,0,0,0,0,0,0,0,NITESH GAONKAR,2026-07-06 18:53:58.613,,Village Completed
235,GOA,South Goa,Dharbandora,Moissal,2026-07-06,Non-tribal,Yes,salaulim,3063070.0000,881939.0000,881939.0000,471878.0000,434730.0000,161060.0000,0.0000,1067668.0000,881939.0000,9,6,No,1,0,0,0,0,1,2,0,0,0,0,0,0,0,DATTADIGAMBAR S NAIK,2026-07-06 19:19:49.886,,Village Completed
236,GOA,South Goa,Dharbandora,Molem,2026-07-06,Non-tribal,No,,36966385.0000,1674000.0000,1674000.0000,300000.0000,380000.0000,1294000.0000,0.0000,1974000.0000,1674000.0000,13,6,No,3,3,0,0,0,0,6,0,0,0,0,0,0,0,DATTADIGAMBAR S NAIK,2026-07-06 15:15:20.698,,Village complete
237,GOA,South Goa,Dharbandora,Piliem,2026-07-06,Non-tribal,Yes,salaulim,12025022.0000,1200000.0000,1200000.0000,160000.0000,160000.0000,1040000.0000,0.0000,1360000.0000,1200000.0000,11,6,No,10,1,0,0,0,1,12,0,0,0,0,0,0,0,RAVINDRA ZALMI,2026-07-06 19:31:22.577,,Village completed
238,GOA,South Goa,Dharbandora,Sancordem,2026-07-06,Non-tribal,Yes,Salaulim,21848699.0000,2976000.0000,2976000.0000,230000.0000,345000.0000,2631000.0000,0.0000,3206000.0000,2976000.0000,9,6,No,8,6,0,0,1,7,22,0,0,0,0,0,0,0,SUNIL GAONKAR,2026-07-06 19:46:08.413,,Village Completed
239,GOA,South Goa,Dharbandora,Sangod,2026-07-06,Non-tribal,Yes,salaulim,16208735.0000,2541000.0000,2541000.0000,250000.0000,1010000.0000,1531000.0000,0.0000,2791000.0000,2541000.0000,6,4,No,3,0,0,0,0,6,10,0,0,0,0,0,0,0,RAJENDRA K GAUDE,2026-07-06 19:58:39.221,,Village Completed
240,GOA,South Goa,Dharbandora,Sigao,2026-07-06,Non-tribal,Yes,salaulim,22425139.0000,2776000.0000,2776000.0000,750000.0000,390000.0000,2026000.0000,0.0000,3166000.0000,2776000.0000,9,6,No,1,6,0,0,0,7,14,0,0,0,0,0,0,0,PRANJALI DESSAI,2026-07-06 20:18:45.404,,Village Completed
241,GOA,South Goa,Dharbandora,Sonauli,2026-07-06,Non-tribal,No,,26040562.0000,2723630.0000,2723630.0000,95400.0000,140000.0000,2583630.0000,0.0000,2819030.0000,2723630.0000,10,6,No,0,0,0,0,0,0,0,0,0,0,0,0,0,0,KALPESH D DALVI,2026-07-06 20:36:22.236,,Village completed
242,GOA,South Goa,Dharbandora,Surla,2026-07-06,Non-tribal,Yes,salaulim,63785354.0000,3120000.0000,3120000.0000,220000.0000,300000.0000,2820000.0000,0.0000,3340000.0000,3120000.0000,9,6,No,0,0,0,0,0,0,0,0,0,0,0,0,0,0,RAYA ALIAS YOGESH BORKER,2026-07-06 20:31:14.875,,Village completed
243,GOA,South Goa,Mormugao,Arossim,2026-07-04,Non-tribal,No,,3431851.0000,881939.0000,881939.0000,271878.0000,43473.0000,610060.0000,0.0000,925411.0000,881939.0000,3,2,No,33,4,1,0,0,0,41,0,0,0,0,0,0,0,SANTOSH G JAMUNI,2026-07-04 10:08:33.696,,Village completed
244,GOA,South Goa,Mormugao,Cansaulim,2026-07-03,Non-tribal,No,,1887137.0000,484968.0000,484968.0000,149502.0000,23906.0000,335465.0000,0.0000,508873.0000,484968.0000,3,2,No,4,0,1,0,0,0,5,0,0,0,0,0,0,0,MANOJ M  SAVARDEKAR,2026-07-03 10:54:55.817,,Village Complete
245,GOA,South Goa,Mormugao,Chicalim (Ct),2026-07-03,Non-tribal,No,,6717305.0000,1726255.0000,1726255.0000,532158.0000,85093.0000,1194097.0000,0.0000,1811348.0000,1726255.0000,3,2,No,2,6,2,0,0,0,11,0,0,0,0,0,0,0,SUMANT S VELIP,2026-07-03 11:21:36.661,,Village completed
246,GOA,South Goa,Mormugao,Chicolna,2026-07-03,Non-tribal,No,,1705641.0000,438326.0000,438326.0000,135124.0000,21606.0000,303202.0000,0.0000,459932.0000,438326.0000,3,2,No,1,1,0,0,0,0,2,0,0,0,0,0,0,0,MANOJ M  SAVARDEKAR,2026-07-03 11:08:58.639,,Village Completed
247,GOA,South Goa,Mormugao,Cortalim (Ct),2026-07-03,Non-tribal,No,,8056372.0000,2070378.0000,2070378.0000,638241.0000,102056.0000,1432136.0000,0.0000,2172433.0000,2070378.0000,3,2,No,0,1,2,0,0,0,3,0,0,0,0,0,0,0,CLENCY C PINTO,2026-07-03 11:50:11.277,,Village completed
248,GOA,South Goa,Mormugao,Cuelim,2026-07-04,Non-tribal,No,,4733204.0000,1216369.0000,1216369.0000,374973.0000,59959.0000,841394.0000,0.0000,1276326.0000,1216369.0000,3,2,No,0,7,1,0,0,0,8,0,0,0,0,0,0,0,SIDDESH K ZUVATKAR,2026-07-04 10:38:09.705,,Village completed
249,GOA,South Goa,Mormugao,Dabolim,2026-07-04,Non-tribal,No,,3691022.0000,948542.0000,948542.0000,292410.0000,46756.0000,656132.0000,0.0000,995298.0000,948542.0000,3,2,No,0,0,0,0,0,0,0,0,0,0,0,0,0,0,SANTOSH G JAMUNI,2026-07-04 11:08:56.262,,Village complete
250,GOA,South Goa,Mormugao,Issorcim,2026-07-04,Non-tribal,No,,2518991.0000,647346.0000,647346.0000,199559.0000,31909.0000,447786.0000,0.0000,679254.0000,647346.0000,3,2,No,0,0,0,0,0,0,0,0,0,0,0,0,0,0,SANTOSH G JAMUNI,2026-07-04 11:22:28.488,,Village completed
251,GOA,South Goa,Mormugao,Pale,2026-07-04,Non-tribal,No,,2350897.0000,604148.0000,604148.0000,186242.0000,29780.0000,417905.0000,0.0000,633927.0000,604148.0000,3,2,No,0,0,0,0,0,0,0,0,0,0,0,0,0,0,SANTOSH G JAMUNI,2026-07-04 11:29:56.071,,Village completed
252,GOA,South Goa,Mormugao,Quelossim,2026-07-03,Non-tribal,No,,12036135.0000,3093122.0000,3093122.0000,953526.0000,152470.0000,2139596.0000,0.0000,3245592.0000,3093122.0000,3,2,No,0,2,1,0,0,0,3,0,0,0,0,0,0,0,CLENCY C PINTO,2026-07-03 12:05:13.111,,Village Complete
253,GOA,South Goa,Mormugao,Sancoale (Ct),2026-07-04,Non-tribal,No,,17073249.0000,4387591.0000,4387591.0000,1352576.0000,216279.0000,3035015.0000,0.0000,4603870.0000,4387591.0000,3,2,No,0,1,2,0,0,0,3,0,0,0,0,0,0,0,SANTOSH G JAMUNI,2026-07-04 10:26:30.815,,Village completed
254,GOA,South Goa,Mormugao,Sao Jacinto Island,2026-07-04,Non-tribal,No,,167838.0000,43132.0000,43132.0000,13296.0000,2126.0000,29835.0000,0.0000,45257.0000,43132.0000,3,2,No,0,0,0,0,0,0,0,0,0,0,0,0,0,0,SEEMA KASKAR,2026-07-04 11:53:02.386,,Village complete
255,GOA,South Goa,Mormugao,Sao Jorge Island,2026-07-04,Non-tribal,No,,167838.0000,43132.0000,43132.0000,13296.0000,2126.0000,29835.0000,0.0000,45257.0000,43132.0000,3,2,No,0,0,0,0,0,0,0,0,0,0,0,0,0,0,SANTOSH G JAMUNI,2026-07-04 11:57:30.971,,Village completed
256,GOA,South Goa,Mormugao,Velsao,2026-07-04,Non-tribal,No,,1530771.0000,393387.0000,393387.0000,121270.0000,19391.0000,272116.0000,0.0000,412777.0000,393387.0000,3,2,No,0,0,0,0,0,0,0,0,0,0,0,0,0,0,SANTOSH G JAMUNI,2026-07-04 11:45:22.188,,Village completed
257,GOA,South Goa,Ponda,Adcolna,2026-07-03,Non-tribal,No,,3850814.0000,1589370.0000,1589370.0000,188020.0000,125030.0000,1401350.0000,0.0000,1714400.0000,1589370.0000,2,2,No,2,5,0,0,0,0,7,0,0,0,0,0,0,0,LATIKA GAUDE,2026-07-03 17:05:34.252,,
258,GOA,South Goa,Ponda,Bandora (Ct),2026-07-03,Non-tribal,No,,12293074.0000,7913400.0000,7913400.0000,2876190.0000,4558090.0000,3355310.0000,0.0000,10789590.0000,7913400.0000,2,2,No,8,7,0,0,2,0,38,0,0,0,0,0,0,0,SANDIP P GAONKAR,2026-07-03 20:41:48.727,,
259,GOA,South Goa,Ponda,Betora,2026-07-02,Non-tribal,No,,14093489.0000,11703040.0000,11703040.0000,3668560.0000,1668430.0000,8034480.0000,0.0000,13371470.0000,11703040.0000,3,2,No,8,2,0,0,0,0,10,0,0,0,0,0,0,0,GAURESH P GAONKAR,2026-07-02 11:56:57.681,,
260,GOA,South Goa,Ponda,Betqui,2026-07-03,Non-tribal,No,,5867240.0000,3267603.0000,3267603.0000,906028.0000,790806.0000,2361575.0000,0.0000,4058409.0000,3267603.0000,2,2,No,11,2,1,0,0,0,16,0,0,0,0,0,0,0,RAVISH S PHADTE,2026-07-03 18:00:20.741,,
261,GOA,South Goa,Ponda,Boma,2026-07-02,Non-tribal,No,,3984210.0000,3409400.0000,3409400.0000,1367320.0000,1366700.0000,2042080.0000,0.0000,4776100.0000,3409400.0000,2,2,No,12,4,0,0,0,0,16,0,0,0,0,0,0,0,LATIKA GAUDE,2026-07-02 15:46:32.99,,
262,GOA,South Goa,Ponda,Borim (Ct),2026-07-02,Non-tribal,No,,14612340.0000,4522850.0000,4522850.0000,1362600.0000,1002950.0000,3160250.0000,0.0000,5525800.0000,4522850.0000,2,2,No,13,12,2,0,0,0,29,0,0,0,0,0,0,0,GAURISH Y  NAIK,2026-07-02 16:27:01.902,,
263,GOA,South Goa,Ponda,Candepar,2026-07-02,Non-tribal,No,,11272561.0000,3591580.0000,3591580.0000,537640.0000,367010.0000,3053940.0000,0.0000,3958590.0000,3591580.0000,3,3,No,14,8,1,0,0,0,24,0,0,0,0,0,0,0,GAURISH Y  NAIK,2026-07-02 16:49:01.556,,
264,GOA,South Goa,Ponda,Candola (Ct),2026-07-03,Non-tribal,No,,4813155.0000,3316037.0000,3316037.0000,919457.0000,802528.0000,2396579.0000,0.0000,4118564.0000,3316037.0000,2,2,No,10,7,0,0,0,0,17,0,0,0,0,0,0,0,RAVISH S PHADTE,2026-07-03 18:02:21.542,,
265,GOA,South Goa,Ponda,Codar,2026-07-02,Non-tribal,No,,10513302.0000,7299360.0000,7299360.0000,1267170.0000,748030.0000,6032190.0000,0.0000,8047390.0000,7299360.0000,4,3,No,0,2,0,0,0,0,2,0,0,0,0,0,0,0,VASUDEV BANDEKAR,2026-07-02 17:28:27.784,,
266,GOA,South Goa,Ponda,Conxem,2026-07-03,Non-tribal,No,,1821527.0000,1738382.0000,1738382.0000,482012.0000,420713.0000,1256370.0000,0.0000,2159095.0000,1738382.0000,5,3,No,1,1,0,0,0,0,2,0,0,0,0,0,0,0,VASUDEV BANDEKAR,2026-07-03 18:05:04.249,,
267,GOA,South Goa,Ponda,Cuncoliem,2026-07-03,Non-tribal,No,,5191719.0000,4225942.0000,4225942.0000,1171752.0000,1022738.0000,3054190.0000,0.0000,5248680.0000,4225942.0000,2,2,No,7,5,0,0,0,0,12,0,0,0,0,0,0,0,"MILAN KHEDEKAR ",2026-07-03 18:17:48.071,,
268,GOA,South Goa,Ponda,Cundaim,2026-07-03,Non-tribal,No,,7437651.0000,5984930.0000,5984930.0000,3584410.0000,336630.0000,2400520.0000,0.0000,6321560.0000,5984930.0000,2,2,No,12,16,2,0,0,0,30,0,0,0,0,0,0,0,ASMEE NAIK,2026-07-03 11:16:42.192,,
269,GOA,South Goa,Ponda,Curti (Ct),2026-07-03,Non-tribal,No,,7829181.0000,6006160.0000,6006160.0000,1687340.0000,1491130.0000,4318820.0000,0.0000,7497290.0000,6006160.0000,3,2,No,5,7,2,0,0,0,14,0,0,0,0,0,0,0,PADMINI SHIRODKAR,2026-07-03 11:36:54.991,,
270,GOA,South Goa,Ponda,Durbhat,2026-07-03,Non-tribal,No,,4942361.0000,2305130.0000,2305130.0000,106300.0000,158090.0000,2147040.0000,0.0000,2411430.0000,2305130.0000,3,2,No,0,3,0,0,0,0,3,0,0,0,0,0,0,0,ROHINI R NAIK,2026-07-03 11:41:58.54,,
271,GOA,South Goa,Ponda,Gangem,2026-07-03,Non-tribal,No,,5173238.0000,4164870.0000,4164870.0000,428270.0000,144270.0000,3736600.0000,0.0000,4309140.0000,4164870.0000,3,3,No,3,2,0,0,0,0,5,0,0,0,0,0,0,0,"PRANAY D GAONKAR ",2026-07-03 11:54:35.383,,
272,GOA,South Goa,Ponda,Marcaim (Ct),2026-07-03,Non-tribal,No,,10704898.0000,4217005.0000,4217005.0000,1169274.0000,1020575.0000,3047731.0000,0.0000,5237580.0000,4217005.0000,2,2,No,0,18,1,0,0,0,19,0,0,0,0,0,0,0,SUDIN NAIK,2026-07-03 18:19:38.211,,
273,GOA,South Goa,Ponda,Nirancal,2026-07-02,Non-tribal,No,,20101938.0000,11593440.0000,11593440.0000,1497420.0000,1244360.0000,10096020.0000,0.0000,12837800.0000,11593440.0000,4,3,No,7,8,0,0,0,0,15,0,0,0,0,0,0,0,GAURESH P GAONKAR,2026-07-02 13:17:23.879,,
274,GOA,South Goa,Ponda,Orgao (Ct),2026-07-03,Non-tribal,No,,3557963.0000,3185220.0000,3185220.0000,1327270.0000,1345250.0000,1839970.0000,0.0000,4512490.0000,3185220.0000,2,2,No,34,10,0,0,0,0,44,0,0,0,0,0,0,0,VALLABH T NAIK,2026-07-03 13:22:13.342,,
275,GOA,South Goa,Ponda,Ponchavadi,2026-07-03,Non-tribal,No,,15363627.0000,6164060.0000,6164060.0000,1696570.0000,3087530.0000,3076530.0000,0.0000,7860630.0000,6164060.0000,5,4,No,11,1,0,0,1,0,13,0,0,0,0,0,0,0,VINCY DCOSTA,2026-07-03 15:03:32.903,,
276,GOA,South Goa,Ponda,Priol (Ct),2026-07-03,Non-tribal,No,,13852841.0000,5504945.0000,5504945.0000,1526389.0000,1332274.0000,3978556.0000,0.0000,6837219.0000,5504945.0000,2,2,No,39,9,2,0,1,0,54,0,0,0,0,0,0,0,MANGESH NAIK,2026-07-03 18:22:24.746,,
277,GOA,South Goa,Ponda,Querim,2026-07-03,Tribal,No,,12019130.0000,10739360.0000,10739360.0000,2093710.0000,1163780.0000,8645650.0000,0.0000,11903140.0000,10739360.0000,2,2,No,4,14,2,0,0,0,22,0,0,0,0,0,0,0,SUDIN NAIK,2026-07-03 12:52:41.116,,
278,GOA,South Goa,Ponda,Queula,2026-07-03,Non-tribal,No,,5416441.0000,2692780.0000,2692780.0000,405610.0000,958850.0000,1733930.0000,0.0000,3098390.0000,2692780.0000,3,2,No,2,4,1,0,0,0,7,0,0,0,0,0,0,0,MAHENDRA R TALAWLIKAR,2026-07-03 15:53:40.912,,
279,GOA,South Goa,Ponda,Savoi-Verem,2026-07-03,Non-tribal,No,,9070282.0000,5176320.0000,5176320.0000,1435269.0000,1252742.0000,3741051.0000,0.0000,6429062.0000,5176320.0000,2,2,No,4,14,1,0,0,0,21,0,0,0,0,0,0,0,DARSHANA GAUDE,2026-07-03 18:25:30.519,,
280,GOA,South Goa,Ponda,Shiroda,2026-07-03,Non-tribal,No,,37052222.0000,15325730.0000,15325730.0000,5148170.0000,6930790.0000,8394940.0000,0.0000,20473900.0000,15325730.0000,6,4,No,6,11,9,0,0,0,31,0,0,0,0,0,0,0,"NITESH D GAONKAR ",2026-07-03 16:28:08.236,,
281,GOA,South Goa,Ponda,Telaulim,2026-07-03,Non-tribal,No,,2482253.0000,1918500.0000,1918500.0000,726460.0000,57710.0000,1192040.0000,0.0000,1976210.0000,1918500.0000,3,2,No,1,1,1,0,0,0,3,0,0,0,0,0,0,0,SUNIL WADIKAR,2026-07-03 16:45:16.732,,
282,GOA,South Goa,Ponda,Tivrem,2026-07-03,Non-tribal,No,,2131502.0000,1918538.0000,1918538.0000,531964.0000,464313.0000,1386573.0000,0.0000,2382850.0000,1918538.0000,2,2,No,4,5,1,0,0,0,10,0,0,0,0,0,0,0,VALLABH T NAIK,2026-07-03 18:28:57.856,,
283,GOA,South Goa,Ponda,Usgao (Ct),2026-07-03,Non-tribal,No,,25437535.0000,8465120.0000,8465120.0000,1686900.0000,909760.0000,6778220.0000,0.0000,9374880.0000,8465120.0000,3,3,No,12,5,1,0,0,0,18,0,0,0,0,0,0,0,"PRANAY D GAONKAR ",2026-07-03 12:25:39.528,,
284,GOA,South Goa,Ponda,Vadi,2026-07-03,Non-tribal,No,,1475467.0000,1447680.0000,1447680.0000,104230.0000,56750.0000,1343450.0000,0.0000,1504430.0000,1447680.0000,2,2,No,0,1,0,0,0,0,1,0,0,0,0,0,0,0,GAURAJ SAWANT TALAULIKAR,2026-07-03 17:03:46.688,,
285,GOA,South Goa,Ponda,Vagurbem,2026-07-03,Non-tribal,No,,3250328.0000,2650849.0000,2650849.0000,735017.0000,641543.0000,1915832.0000,0.0000,3292392.0000,2650849.0000,3,2,No,0,0,2,0,0,0,2,0,0,0,0,0,0,0,DARSHANA GAUDE,2026-07-03 18:26:54.813,,
286,GOA,South Goa,Ponda,Velinga,2026-07-03,Non-tribal,No,,3139514.0000,2176458.0000,2176458.0000,603479.0000,526733.0000,1572978.0000,0.0000,2703190.0000,2176458.0000,2,2,No,4,6,0,0,0,0,10,0,0,0,0,0,0,0,RUPA NAIK,2026-07-03 18:39:50.902,,
287,GOA,South Goa,Ponda,Volvoi,2026-07-03,Non-tribal,No,,1103335.0000,1052972.0000,1052972.0000,291964.0000,254834.0000,761008.0000,0.0000,1307806.0000,1052972.0000,3,2,No,18,8,1,0,0,0,28,0,0,0,0,0,0,0,SUDIN NAIK,2026-07-03 18:43:52.009,,
288,GOA,South Goa,Quepem,Adnem,2026-07-07,Non-tribal,Yes,salaulim,9799353.0000,7980106.0000,7980106.0000,2027927.0000,2243447.0000,5736659.0000,0.0000,10008033.0000,7980106.0000,7,5,No,0,3,0,0,0,0,3,0,0,0,0,0,0,0,VITHAL GARAD,2026-07-07 11:13:23.278,,Village completed
289,GOA,South Goa,Quepem,Ambaulim,2026-07-07,Non-tribal,Yes,salaulim,6557232.0000,5339884.0000,5339884.0000,1356986.0000,1501202.0000,3838682.0000,0.0000,6696870.0000,5339884.0000,6,4,No,1,1,0,0,0,0,2,0,0,0,0,0,0,0,VITHAL GARAD,2026-07-07 11:00:41.415,,Village completed
290,GOA,South Goa,Quepem,Amona,2026-07-07,Non-tribal,Yes,canal,1798659.0000,1464739.0000,1464739.0000,372223.0000,411782.0000,1052957.0000,0.0000,1836962.0000,1464739.0000,5,3,No,0,0,0,0,0,0,0,0,0,0,0,0,0,0,PRATIMESH XETCAR,2026-07-08 10:05:16.5,,
291,GOA,South Goa,Quepem,Assolda,2026-07-07,Non-tribal,Yes,salaulim,3186168.0000,2594657.0000,2594657.0000,659361.0000,729436.0000,1865221.0000,0.0000,3254018.0000,2594657.0000,5,3,No,2,1,0,0,0,1,4,0,0,0,0,0,0,0,AMAN KHAUNEKAR,2026-07-07 15:52:28.293,,Village completed
292,GOA,South Goa,Quepem,Avedem,2026-07-09,Tribal,Yes,avedem,2257831.0000,1838665.0000,1838665.0000,467247.0000,516904.0000,1321761.0000,0.0000,2305912.0000,1838665.0000,5,3,No,1,0,0,0,1,0,2,0,0,0,0,0,0,0,REEMA BHAGAT,2026-07-09 12:25:16.534,,
293,GOA,South Goa,Quepem,Bali,2026-07-07,Tribal,No,,9434921.0000,7683331.0000,7683331.0000,1952509.0000,2160015.0000,5523316.0000,0.0000,9635840.0000,7683331.0000,6,5,No,2,5,0,0,0,4,11,0,0,0,0,0,0,0,ALASKA BLANCA FERRAO,2026-07-07 11:54:44.919,,
294,GOA,South Goa,Quepem,Barcem,2026-07-09,Tribal,No,,17268396.0000,14062524.0000,14062524.0000,3573607.0000,3953398.0000,10109126.0000,0.0000,17636131.0000,14062524.0000,13,7,No,1,1,0,0,5,0,7,0,0,0,0,0,0,0,ADARSH VELIP,2026-07-09 16:43:25.758,,
295,GOA,South Goa,Quepem,Bendordem,2026-07-07,Non-tribal,No,,5133989.0000,4180866.0000,4180866.0000,1062453.0000,1175367.0000,3005499.0000,0.0000,5243319.0000,4180866.0000,11,6,No,0,0,0,0,0,0,0,0,0,0,0,0,0,0,ALASKA BLANCA FERRAO,2026-07-07 11:54:49.282,,
296,GOA,South Goa,Quepem,Cacora,2026-07-07,Non-tribal,Yes,salaulim,18839083.0000,15385588.0000,15385588.0000,3909828.0000,4325351.0000,11060237.0000,0.0000,19295416.0000,15385588.0000,2,1,No,0,0,0,0,0,0,0,0,0,0,0,0,0,0,SUJAY S NAIK,2026-07-07 12:04:19.099,,Village completed
297,GOA,South Goa,Quepem,Cavorem,2026-07-07,Non-tribal,Yes,salaulim,8682720.0000,7070775.0000,7070775.0000,1796845.0000,1987807.0000,5082968.0000,0.0000,8867620.0000,7070775.0000,8,6,No,7,4,0,0,0,0,11,0,0,0,0,0,0,0,RAMAKANT VELIP,2026-07-07 15:20:41.062,,Village completed
298,GOA,South Goa,Quepem,Cazur,2026-07-09,Non-tribal,No,,7009765.0000,5708405.0000,5708405.0000,1450635.0000,1604804.0000,4103601.0000,0.0000,7159040.0000,5708405.0000,8,6,No,0,0,0,0,0,0,0,0,0,0,0,0,0,0,SANJAY V GAONKAR,2026-07-09 17:54:42.711,,
299,GOA,South Goa,Quepem,Chaifi,2026-07-09,Non-tribal,Yes,Chaifi,521759.0000,424895.0000,424895.0000,107975.0000,119451.0000,305444.0000,0.0000,532870.0000,424895.0000,5,3,No,0,0,0,0,0,0,0,0,0,0,0,0,0,0,REEMA BHAGAT,2026-07-09 12:25:19.632,,
300,GOA,South Goa,Quepem,Cordem,2026-07-07,Non-tribal,Yes,salaulim,8043150.0000,6549941.0000,6549941.0000,1664489.0000,1841385.0000,4708556.0000,0.0000,8214430.0000,6549941.0000,12,6,No,1,0,0,0,0,0,1,0,0,0,0,0,0,0,PRASHAL GAONKAR,2026-07-07 16:03:30.232,,Village completed
301,GOA,South Goa,Quepem,Corla,2026-07-09,Non-tribal,No,,7145688.0000,5819093.0000,5819093.0000,1478764.0000,1635922.0000,4183171.0000,0.0000,7297857.0000,5819093.0000,8,6,No,0,0,0,0,0,0,0,0,0,0,0,0,0,0,SANJAY V GAONKAR,2026-07-09 17:54:46.159,,
302,GOA,South Goa,Quepem,Cotombi,2026-07-09,Non-tribal,Yes,c,3032442.0000,2469470.0000,2469470.0000,627549.0000,694242.0000,1775228.0000,0.0000,3097019.0000,2469470.0000,5,3,No,1,1,1,0,0,2,6,0,0,0,0,0,0,0,PARESH U PARWAR,2026-07-09 12:01:31.835,,
303,GOA,South Goa,Quepem,Cusmane,2026-07-07,Non-tribal,Yes,salaulim,1502551.0000,1223603.0000,1223603.0000,310945.0000,343992.0000,879611.0000,0.0000,1534548.0000,1223603.0000,5,3,No,0,0,0,0,0,0,0,0,0,0,0,0,0,0,AMAN KHAUNEKAR,2026-07-07 12:23:36.882,,Village completed
304,GOA,South Goa,Quepem,Deao,2026-07-07,Non-tribal,Yes,Salaulim,8819382.0000,7182067.0000,7182067.0000,1825123.0000,2019095.0000,5162972.0000,0.0000,9007190.0000,7182067.0000,5,3,No,0,0,1,0,0,0,1,0,0,0,0,0,0,0,AMAN KHAUNEKAR,2026-07-07 12:31:31.402,,Village completed
305,GOA,South Goa,Quepem,Fatorpa,2026-07-09,Non-tribal,No,,8041119.0000,6548288.0000,6548288.0000,1664069.0000,1840920.0000,4707368.0000,0.0000,8212357.0000,6548288.0000,10,6,No,0,3,0,0,0,0,4,0,0,0,0,0,0,0,SAMEER K PHALDESSAI,2026-07-09 17:04:56.198,,
306,GOA,South Goa,Quepem,Goculdem,2026-07-09,Non-tribal,No,,10916626.0000,8889958.0000,8889958.0000,2259141.0000,2499234.0000,6390724.0000,0.0000,11149099.0000,8889958.0000,11,6,No,3,0,0,0,5,1,9,0,0,0,0,0,0,0,SURESH NARAYAN VELIP,2026-07-09 18:09:16.784,,
307,GOA,South Goa,Quepem,Hodar,2026-07-09,Non-tribal,No,,867744.0000,706648.0000,706648.0000,179575.0000,198660.0000,507988.0000,0.0000,886223.0000,706648.0000,4,3,No,0,0,0,0,0,0,1,0,0,0,0,0,0,0,SURAJ NAIK,2026-07-09 11:39:46.008,,
308,GOA,South Goa,Quepem,Maina,2026-07-07,Non-tribal,Yes,salaulim,14682112.0000,11956382.0000,11956382.0000,3038389.0000,3361298.0000,8595084.0000,0.0000,14994771.0000,11956382.0000,9,6,No,0,0,0,0,4,0,4,0,0,0,0,0,0,0,RAMAKANT VELIP,2026-07-07 15:27:55.983,,Village Completed
309,GOA,South Goa,Quepem,Mangal,2026-07-09,Non-tribal,No,,11428135.0000,9306505.0000,9306505.0000,2364995.0000,2616338.0000,6690167.0000,0.0000,11671500.0000,9306505.0000,7,6,No,3,0,0,0,0,0,3,0,0,0,0,0,0,0,JAYESH GAONKAR,2026-07-09 18:21:17.162,,
310,GOA,South Goa,Quepem,Molcopona,2026-07-09,Non-tribal,No,,2265379.0000,1844812.0000,1844812.0000,468809.0000,518632.0000,1326180.0000,0.0000,2313621.0000,1844812.0000,7,6,No,0,4,0,0,0,0,4,0,0,0,0,0,0,0,RUPA GAONKAR,2026-07-09 16:00:20.616,2026-07-16 20:14:13.488,
311,GOA,South Goa,Quepem,Molcornem,2026-07-06,Tribal,No,,10245070.0000,8343076.0000,8343076.0000,2120165.0000,2345489.0000,5997587.0000,0.0000,10463241.0000,8343076.0000,8,7,No,0,8,0,0,0,1,9,0,0,0,0,0,0,0,PANKAJ SAMANT,2026-07-07 11:32:06.831,2026-07-16 20:13:21.774,
312,GOA,South Goa,Quepem,Morpirla,2026-07-07,Non-tribal,Yes,salaulim,14343884.0000,11680947.0000,11680947.0000,2968394.0000,3283865.0000,8397082.0000,0.0000,14649341.0000,11680947.0000,12,6,No,6,1,0,0,0,0,7,0,0,0,0,0,0,0,RUPESH ARJUN VELIP,2026-07-07 16:27:14.856,,Village completed
313,GOA,South Goa,Quepem,Nagvem,2026-07-09,Non-tribal,Yes,nagvem,3573026.0000,2909695.0000,2909695.0000,739420.0000,818003.0000,2091692.0000,0.0000,3649115.0000,2909695.0000,6,5,No,0,1,0,0,0,0,1,0,0,0,0,0,0,0,POONAM NAIK,2026-07-09 14:57:24.417,2026-07-16 20:13:37.575,
314,GOA,South Goa,Quepem,Naqueri,2026-07-09,Non-tribal,No,,12784377.0000,10410962.0000,10410962.0000,2645662.0000,2926834.0000,7484128.0000,0.0000,13056624.0000,10410962.0000,11,6,No,0,0,0,0,0,0,0,0,0,0,0,0,0,0,SUJATA DESSAI,2026-07-09 17:20:10.67,,
315,GOA,South Goa,Quepem,Padi,2026-07-07,Non-tribal,Yes,salaulim,10955151.0000,8921331.0000,8921331.0000,2267113.0000,2508054.0000,6413277.0000,0.0000,11188444.0000,8921331.0000,13,7,No,0,0,0,0,0,0,0,0,0,0,0,0,0,0,BABU YAMKAR,2026-07-07 16:14:18.736,,Village completed
316,GOA,South Goa,Quepem,Pirla,2026-07-07,Non-tribal,Yes,salaulim,15072508.0000,12274302.0000,12274302.0000,3119179.0000,3450675.0000,8823627.0000,0.0000,15393481.0000,12274302.0000,8,6,No,0,0,0,0,1,0,1,0,0,0,0,0,0,0,RAMAKANT VELIP,2026-07-07 15:39:23.471,,Village completed
317,GOA,South Goa,Quepem,Quedem,2026-07-09,Non-tribal,No,,7893956.0000,6428446.0000,6428446.0000,1633614.0000,1807229.0000,4621217.0000,0.0000,8062060.0000,6428446.0000,13,7,No,5,0,0,0,0,0,5,0,0,0,0,0,0,0,DEEPAK M VELIP,2026-07-09 11:16:09.973,,
318,GOA,South Goa,Quepem,Quisconda,2026-07-09,Non-tribal,No,,11832835.0000,9636073.0000,9636073.0000,2448745.0000,2708989.0000,6927084.0000,0.0000,12084818.0000,9636073.0000,10,6,No,0,1,0,0,0,1,2,0,0,0,0,0,0,0,SURESH NARAYAN VELIP,2026-07-09 18:09:19.349,,
319,GOA,South Goa,Quepem,Quitol,2026-07-07,Non-tribal,Yes,Salaulim,7389675.0000,6017784.0000,6017784.0000,1529256.0000,1691780.0000,4326004.0000,0.0000,7547040.0000,6017784.0000,9,6,No,2,0,0,0,0,0,2,0,0,0,0,0,0,0,SEEMA DESSAI,2026-07-07 11:23:49.968,,Village completed
320,GOA,South Goa,Quepem,Sirvoi,2026-07-09,Non-tribal,No,,12132811.0000,9880358.0000,9880358.0000,2510824.0000,2777665.0000,7102693.0000,0.0000,12391182.0000,9880358.0000,5,4,No,0,2,0,0,0,0,2,0,0,0,0,0,0,0,AMAN KHAUNEKAR,2026-07-09 11:36:04.072,,
321,GOA,South Goa,Quepem,Sulcorna,2026-07-07,Non-tribal,Yes,salaulim,12613032.0000,10271426.0000,10271426.0000,2610203.0000,2887606.0000,7383820.0000,0.0000,12881629.0000,10271426.0000,7,6,No,0,1,0,0,0,0,1,0,0,0,0,0,0,0,RUPESH GURU DESSAI,2026-07-07 12:08:50.191,,Village completed
322,GOA,South Goa,Quepem,Tiloi,2026-07-07,Non-tribal,Yes,salaulim,6953602.0000,5662668.0000,5662668.0000,1439013.0000,1591946.0000,4070722.0000,0.0000,7101681.0000,5662668.0000,10,7,No,1,1,0,0,0,0,2,0,0,0,0,0,0,0,VITHAL GARAD,2026-07-07 11:16:29.892,,Village completed
323,GOA,South Goa,Quepem,Undorna,2026-07-09,Non-tribal,No,,5272933.0000,4294014.0000,4294014.0000,1091207.0000,1207176.0000,3086838.0000,0.0000,5385221.0000,4294014.0000,7,6,No,0,0,0,0,0,1,1,0,0,0,0,0,0,0,RUPA GAONKAR,2026-07-09 16:00:24.905,2026-07-16 20:14:29.797,
324,GOA,South Goa,Quepem,Xeldem (Ct),2026-07-09,Non-tribal,Yes,canal,10451011.0000,8510784.0000,8510784.0000,2162784.0000,2392637.0000,6118147.0000,0.0000,10673568.0000,8510784.0000,4,3,No,0,2,1,0,0,0,3,0,0,0,0,0,0,0,ANUJ A GAUNS DESSAI,2026-07-09 19:45:51.182,,
325,GOA,South Goa,Quepem,Xelvona,2026-07-09,Non-tribal,No,,1999591.0000,1628368.0000,1628368.0000,413805.0000,457783.0000,1170585.0000,0.0000,2042173.0000,1628368.0000,4,3,No,1,0,0,0,0,0,1,0,0,0,0,0,0,0,SARTHAK S NAIK,2026-07-09 17:40:46.66,,
326,GOA,South Goa,Quepem,Xic-Xelvona,2026-07-09,Non-tribal,Yes,a,1061953.0000,864802.0000,864802.0000,219766.0000,243122.0000,621680.0000,0.0000,1084568.0000,864802.0000,4,3,No,0,0,0,0,0,0,0,0,0,0,0,0,0,0,SARTHAK S NAIK,2026-07-09 17:40:50.176,,
327,GOA,South Goa,Quepem,Zanodem,2026-07-09,Non-tribal,Yes,zanodem,3630928.0000,2956848.0000,2956848.0000,751402.0000,831259.0000,2125589.0000,0.0000,3708250.0000,2956848.0000,7,6,No,0,2,0,0,0,0,2,0,0,0,0,0,0,0,POONAM NAIK,2026-07-09 14:57:28.722,2026-07-16 20:13:54.693,
328,GOA,South Goa,Salcete,Adsulim,2026-07-02,Non-tribal,No,,203905.0000,64636.0000,64636.0000,33773.0000,13259.0000,30863.0000,0.0000,77895.0000,64636.0000,6,3,No,2,0,0,0,0,0,2,0,0,0,0,0,0,0,DANNY DIAS,2026-07-02 15:47:22.044,,
329,GOA,South Goa,Salcete,Ambelim,2026-07-02,Tribal,No,,3839805.0000,1217174.0000,1217174.0000,635989.0000,249688.0000,581185.0000,0.0000,1466862.0000,1217174.0000,3,2,No,4,0,2,0,0,0,6,0,0,0,0,0,0,0,GOVIND JUVEKAR,2026-07-02 18:50:43.049,,
330,GOA,South Goa,Salcete,Aquem-Baixo,2026-07-02,Tribal,No,,1737225.0000,550680.0000,550680.0000,287738.0000,112965.0000,242943.0000,0.0000,643646.0000,550680.0000,5,3,No,1,0,0,0,0,0,1,0,0,0,0,0,0,0,SAHILI NAIK,2026-07-02 19:01:24.287,,
331,GOA,South Goa,Salcete,Assolna,2026-07-03,Non-tribal,No,,3409862.0000,1080887.0000,1080887.0000,564777.0000,221731.0000,516110.0000,0.0000,1302618.0000,1080887.0000,3,2,No,15,2,3,0,0,0,20,0,0,0,0,0,0,0,HAZEL PINTO,2026-07-03 18:27:02.023,,
332,GOA,South Goa,Salcete,Benaulim (Ct),2026-07-02,Non-tribal,No,,9903778.0000,3139383.0000,3139383.0000,1640368.0000,644005.0000,1499015.0000,0.0000,3783388.0000,3139383.0000,7,3,No,96,2,1,0,0,1,102,0,0,0,0,0,0,0,KENNY FERNANDES,2026-07-02 17:01:06.477,,
333,GOA,South Goa,Salcete,Betalbatim,2026-07-02,Non-tribal,No,,4276336.0000,1355549.0000,1355549.0000,708292.0000,278074.0000,647257.0000,0.0000,1633623.0000,1355549.0000,7,3,Yes,60,1,1,0,0,0,62,0,0,0,0,0,0,0,MICHELLE MIRANDA,2026-07-02 10:31:01.507,,
334,GOA,South Goa,Salcete,Calata,2026-07-03,Non-tribal,No,,1667819.0000,528679.0000,528679.0000,276242.0000,108452.0000,242438.0000,0.0000,627132.0000,528679.0000,7,3,No,11,1,0,0,0,0,12,0,0,0,0,0,0,0,VILMA CARDOZO,2026-07-03 11:22:42.57,,
335,GOA,South Goa,Salcete,Camurlim,2026-07-03,Non-tribal,No,,3583349.0000,1135880.0000,1135880.0000,593512.0000,233012.0000,542368.0000,0.0000,1368892.0000,1135880.0000,6,4,No,6,0,0,0,0,0,6,0,0,0,0,0,0,0,SURAJ CHODANKAR,2026-07-03 16:26:58.947,,
336,GOA,South Goa,Salcete,Cana,2026-07-02,Non-tribal,No,,426730.0000,135268.0000,135268.0000,70680.0000,27749.0000,54589.0000,0.0000,153018.0000,135268.0000,6,3,No,9,0,0,0,0,0,9,0,0,0,0,0,0,0,MINELVA M RODRIGUES,2026-07-02 15:43:03.804,,
337,GOA,South Goa,Salcete,Carmona,2026-07-06,Non-tribal,No,,5725648.0000,1814964.0000,1814964.0000,948342.0000,372317.0000,866622.0000,0.0000,2187281.0000,1814964.0000,4,2,No,76,2,1,0,0,0,79,0,0,0,0,0,0,0,MUKESH TARI,2026-07-06 16:07:34.146,,
338,GOA,South Goa,Salcete,Cavelossim,2026-07-02,Non-tribal,No,,6391429.0000,2026009.0000,2026009.0000,1058616.0000,415611.0000,967393.0000,0.0000,2441620.0000,2026009.0000,4,2,No,35,0,1,0,0,0,42,0,0,0,0,0,0,0,DANNY DIAS,2026-07-02 17:53:55.788,,
339,GOA,South Goa,Salcete,Cavorim,2026-07-06,Non-tribal,No,,4992101.0000,1582438.0000,1582438.0000,826844.0000,324618.0000,755594.0000,0.0000,1907056.0000,1582438.0000,4,3,No,2,0,2,0,0,0,4,0,0,0,0,0,0,0,SANJIL NAIK,2026-07-06 10:42:19.533,,
340,GOA,South Goa,Salcete,Chandor,2026-07-06,Non-tribal,No,,2310671.0000,732456.0000,732456.0000,382718.0000,150254.0000,349738.0000,0.0000,882710.0000,732456.0000,5,3,No,0,0,0,0,0,0,0,0,0,0,0,0,0,0,ANTONIO MENEZES,2026-07-06 11:00:04.267,,
341,GOA,South Goa,Salcete,Chinchinim (Ct),2026-07-03,Non-tribal,No,,9291044.0000,2945153.0000,2945153.0000,1538880.0000,604162.0000,1406273.0000,0.0000,3549315.0000,2945153.0000,3,2,No,69,4,3,0,0,0,79,0,0,0,0,0,0,0,RENUKA KANOLKAR,2026-07-03 18:53:15.372,,
342,GOA,South Goa,Salcete,Colva,2026-07-02,Non-tribal,No,,26573131.0000,842337.0000,842337.0000,440132.0000,172795.0000,402205.0000,0.0000,1015132.0000,842337.0000,7,3,No,37,0,0,0,0,0,37,0,0,0,0,0,0,0,MACKLIN DIAS,2026-07-02 16:29:21.253,,
343,GOA,South Goa,Salcete,Cuncolim,2026-07-12,Non-tribal,No,,19623534.0000,6220433.0000,6220433.0000,3250256.0000,1276045.0000,2970177.0000,0.0000,7496478.0000,6220433.0000,2,2,No,10,0,1,0,0,1,24,0,0,0,0,0,0,0,SANJIL NAIK,2026-07-12 19:45:06.575,,
344,GOA,South Goa,Salcete,Curtorim (Ct),2026-07-03,Non-tribal,No,,16467793.0000,5220099.0000,5220099.0000,2727569.0000,1070839.0000,2492530.0000,0.0000,6290938.0000,5220099.0000,6,3,No,6,2,5,0,0,0,14,0,0,0,0,0,0,0,NIRAJ NAIK,2026-07-03 16:46:34.209,,
345,GOA,South Goa,Salcete,Davorlim (Ct),2026-07-06,Non-tribal,No,,3216744.0000,1019671.0000,1019671.0000,532791.0000,209173.0000,486880.0000,0.0000,1228844.0000,1019671.0000,7,3,No,1,1,0,0,0,0,2,0,0,0,0,0,0,0,SUVARNA TALEKAR,2026-07-06 12:21:04.459,,
346,GOA,South Goa,Salcete,Deussua,2026-07-03,Non-tribal,No,,2724788.0000,863726.0000,863726.0000,451308.0000,177183.0000,412418.0000,0.0000,1040909.0000,863726.0000,4,2,No,17,0,1,0,0,0,28,0,0,0,0,0,0,0,AMAN KHAUNEKAR,2026-07-03 19:18:22.478,,
347,GOA,South Goa,Salcete,Dicarpale,2026-07-06,Non-tribal,No,,1975723.0000,626281.0000,626281.0000,327240.0000,128474.0000,299041.0000,0.0000,754755.0000,626281.0000,5,3,No,1,0,1,0,0,0,2,0,0,0,0,0,0,0,TESSICA MOURA,2026-07-06 11:52:01.461,,
348,GOA,South Goa,Salcete,Dramapur,2026-07-06,Non-tribal,No,,5387546.0000,1707790.0000,1707790.0000,892342.0000,350332.0000,815448.0000,0.0000,2058122.0000,1707790.0000,4,3,No,31,1,0,0,0,0,32,0,0,0,0,0,0,0,ROCHELLE F AFONSO,2026-07-06 14:59:00.6,,
349,GOA,South Goa,Salcete,Duncolim,2026-07-02,Non-tribal,No,,1161614.0000,368218.0000,368218.0000,192399.0000,75535.0000,175819.0000,0.0000,443753.0000,368218.0000,7,4,No,6,0,1,0,0,0,7,0,0,0,0,0,0,0,RONNY FERNANDES,2026-07-02 11:27:34.647,,
350,GOA,South Goa,Salcete,Gaundaulim,2026-07-02,Non-tribal,No,,379592.0000,120326.0000,120326.0000,62872.0000,24683.0000,57454.0000,0.0000,145009.0000,120326.0000,7,3,No,10,0,0,0,0,0,12,0,0,0,0,0,0,0,ROQUE SIMOES,2026-07-02 15:37:07.69,,
351,GOA,South Goa,Salcete,Gonsua,2026-07-02,Non-tribal,No,,389234.0000,123383.0000,123383.0000,64469.0000,25310.0000,58914.0000,0.0000,148693.0000,123383.0000,6,3,No,6,0,1,0,0,0,7,0,0,0,0,0,0,0,NILESH CHARI,2026-07-02 10:38:10.938,,
352,GOA,South Goa,Salcete,Guirdolim,2026-07-03,Non-tribal,No,,6598799.0000,2091743.0000,2091743.0000,1092963.0000,429095.0000,998780.0000,0.0000,2520838.0000,2091743.0000,5,3,No,2,1,1,0,0,0,4,0,0,0,0,0,0,0,ADRIA GLORYDCOSTA,2026-07-03 10:54:25.368,,
353,GOA,South Goa,Salcete,Loutulim,2026-07-03,Non-tribal,No,,16489463.0000,5226968.0000,5226968.0000,2731158.0000,1072248.0000,2495810.0000,0.0000,6299216.0000,5226968.0000,6,4,No,3,1,2,0,0,0,6,0,0,0,0,0,0,0,UMESH JUVATKAR,2026-07-03 16:06:18.605,,
354,GOA,South Goa,Salcete,Macasana,2026-07-03,Non-tribal,No,,4403759.0000,1395941.0000,1395941.0000,729397.0000,286360.0000,666544.0000,0.0000,1682301.0000,1395941.0000,5,3,No,1,0,1,0,0,0,2,0,0,0,0,0,0,0,SANDESH TARI,2026-07-03 17:37:31.867,,
355,GOA,South Goa,Salcete,Majorda,2026-07-03,Non-tribal,No,,4233263.0000,1341895.0000,1341895.0000,601158.0000,275273.0000,640738.0000,0.0000,1517169.0000,1341895.0000,6,3,No,44,1,1,0,0,0,47,0,0,0,0,0,0,0,SURAJ JOSHI,2026-07-03 11:57:29.127,,
356,GOA,South Goa,Salcete,Mulem,2026-07-06,Tribal,No,,8167495.0000,2589001.0000,2589001.0000,1352786.0000,531102.0000,1236215.0000,0.0000,3120103.0000,2589001.0000,4,2,No,4,5,0,0,0,0,10,0,0,0,0,0,0,0,MILIND K GIRI,2026-07-06 14:25:16.606,,
357,GOA,South Goa,Salcete,Nagoa,2026-07-03,Tribal,No,,5093368.0000,1614539.0000,1614539.0000,843617.0000,331203.0000,770921.0000,0.0000,1945741.0000,1614539.0000,6,4,No,4,2,1,0,0,0,7,0,0,0,0,0,0,0,MAHESH GAONKAR,2026-07-03 12:02:52.139,,
358,GOA,South Goa,Salcete,Navelim (Ct),2026-07-06,Non-tribal,No,,5252026.0000,1664831.0000,1664831.0000,869896.0000,341520.0000,694936.0000,0.0000,1906352.0000,1664831.0000,5,3,No,30,2,1,0,0,0,34,0,0,0,0,0,0,0,SANDESH TARI,2026-07-06 11:18:30.852,,
359,GOA,South Goa,Salcete,Nuvem (Ct),2026-07-03,Non-tribal,No,,11072142.0000,3509741.0000,3509741.0000,1833885.0000,719980.0000,1675856.0000,0.0000,4229721.0000,3509741.0000,7,6,No,24,5,0,0,0,0,30,0,0,0,0,0,0,0,FRANKLIN DOURADO,2026-07-03 15:26:08.738,,
360,GOA,South Goa,Salcete,Orlim,2026-07-03,Non-tribal,No,,2502574.0000,793287.0000,793287.0000,414503.0000,162733.0000,378784.0000,0.0000,956020.0000,793287.0000,4,2,No,56,1,1,0,0,0,63,0,0,0,0,0,0,0,MUKESH TARI,2026-07-03 17:49:15.897,,
361,GOA,South Goa,Salcete,Paroda,2026-07-02,Tribal,No,,3942135.0000,1249611.0000,1249611.0000,652938.0000,256342.0000,596673.0000,0.0000,1505953.0000,1249611.0000,4,2,No,0,1,0,0,0,0,1,0,0,0,0,0,0,0,SAISH NAIK,2026-07-02 17:09:59.498,,
362,GOA,South Goa,Salcete,Rachol,2026-07-03,Non-tribal,No,,1954378.0000,619515.0000,619515.0000,313705.0000,127086.0000,295811.0000,0.0000,736602.0000,619515.0000,6,4,No,0,0,0,0,0,0,0,0,0,0,0,0,0,0,PARESH V BORKAR,2026-07-03 15:44:37.153,,
363,GOA,South Goa,Salcete,Raia (Ct),2026-07-06,Non-tribal,No,,15148938.0000,4802038.0000,4802038.0000,2509127.0000,985078.0000,2292911.0000,0.0000,5787116.0000,4802038.0000,6,4,No,5,4,0,0,0,0,9,0,0,0,0,0,0,0,ALASKA BLANCA FERRAO,2026-07-06 10:21:46.618,,
364,GOA,South Goa,Salcete,Sao Jose De Areal (Ct),2026-07-06,Non-tribal,No,,12535436.0000,3973588.0000,3973588.0000,2076251.0000,815132.0000,1897337.0000,0.0000,4788720.0000,3973588.0000,5,3,No,3,0,0,0,0,10,13,0,0,0,0,0,0,0,SANJAY KAKODKAR,2026-07-06 14:05:03.456,,
365,GOA,South Goa,Salcete,Sarzora,2026-07-06,Non-tribal,No,,6591157.0000,2089321.0000,2089321.0000,1091697.0000,428598.0000,997624.0000,0.0000,2517919.0000,2089321.0000,3,2,No,15,0,2,0,0,0,17,0,0,0,0,0,0,0,DIENA PINTO,2026-07-06 15:33:01.324,,
366,GOA,South Goa,Salcete,Seraulim,2026-07-02,Non-tribal,No,,2783337.0000,882286.0000,882286.0000,461006.0000,180990.0000,421280.0000,0.0000,1063276.0000,882286.0000,7,4,No,36,1,1,0,0,0,38,0,0,0,0,0,0,0,BATISTINHA PINTO,2026-07-02 11:08:13.316,,
367,GOA,South Goa,Salcete,Sernabatim,2026-07-02,Non-tribal,No,,1563726.0000,495683.0000,495683.0000,259001.0000,101683.0000,236682.0000,0.0000,597366.0000,495683.0000,6,3,No,11,0,1,0,0,0,13,0,0,0,0,0,0,0,TUKARAM KAMALI,2026-07-02 15:18:14.777,,
368,GOA,South Goa,Salcete,Sirlim,2026-07-06,Non-tribal,No,,1810043.0000,573763.0000,573763.0000,299798.0000,117700.0000,273964.0000,0.0000,691462.0000,573763.0000,4,2,No,21,3,0,0,0,0,24,0,0,0,0,0,0,0,VITHAL R GARAD,2026-07-06 14:43:25.545,,
369,GOA,South Goa,Salcete,Talaulim,2026-07-06,Non-tribal,No,,4666896.0000,1479352.0000,1479352.0000,772980.0000,303471.0000,706372.0000,0.0000,1782823.0000,1479352.0000,5,3,No,41,1,1,0,0,0,44,0,0,0,0,0,0,0,GOVINDA C KALANGUTKAR,2026-07-06 11:04:48.709,,
370,GOA,South Goa,Salcete,Talvorda,2026-07-03,Non-tribal,No,,8090318.0000,2564537.0000,2564537.0000,1340004.0000,526083.0000,1224533.0000,0.0000,3090620.0000,2564537.0000,3,2,No,5,1,0,0,0,0,6,0,0,0,0,0,0,0,CELINIA EUGENIA DSOUZA,2026-07-03 18:08:04.483,,
371,GOA,South Goa,Salcete,Utorda,2026-07-03,Non-tribal,No,,3039168.0000,963381.0000,963381.0000,503379.0000,197626.0000,460002.0000,0.0000,1161007.0000,963381.0000,6,3,No,9,1,0,0,0,0,10,0,0,0,0,0,0,0,MONICA FERNANDES,2026-07-03 11:37:57.0,,
372,GOA,South Goa,Salcete,Vanelim,2026-07-02,Non-tribal,No,,1032810.0000,327389.0000,327389.0000,171065.0000,67160.0000,156324.0000,0.0000,394549.0000,327389.0000,6,3,No,15,0,0,0,0,0,15,0,0,0,0,0,0,0,VASUDEV GAUNS,2026-07-02 15:33:06.669,,
373,GOA,South Goa,Salcete,Varca (Ct),2026-07-02,Non-tribal,No,,7557653.0000,2395688.0000,2395688.0000,1251778.0000,491446.0000,1143910.0000,0.0000,2887134.0000,2395688.0000,4,3,No,85,0,1,0,0,0,87,0,0,0,0,0,0,0,DEEPAK TIRODKAR,2026-07-02 17:30:53.502,,
374,GOA,South Goa,Salcete,Varoda,2026-07-06,Non-tribal,No,,1978548.0000,627177.0000,627177.0000,327708.0000,128658.0000,299469.0000,0.0000,755835.0000,627177.0000,3,2,No,7,0,0,0,0,0,7,0,0,0,0,0,0,0,VIKAS DEU SAWANT,2026-07-06 15:52:25.687,,
375,GOA,South Goa,Salcete,Velim,2026-07-02,Tribal,No,,8204449.0000,2600715.0000,2600715.0000,1358907.0000,533504.0000,1241808.0000,0.0000,3134219.0000,2600715.0000,3,2,No,8,0,1,0,0,1,13,0,0,0,0,0,0,0,WILBER FERNANDES,2026-07-02 18:25:15.906,,
376,GOA,South Goa,Salcete,Verna (Ct),2026-07-03,Non-tribal,No,,15059848.0000,4773797.0000,4773797.0000,2494370.0000,979285.0000,2279427.0000,0.0000,5753082.0000,4773797.0000,7,4,No,3,3,1,0,0,0,7,0,0,0,0,0,0,0,DEEPAK TIRODKAR,2026-07-03 15:06:00.412,,
377,GOA,South Goa,Sanguem,Antoriem,2026-07-10,Non-tribal,No,,2441281.0000,454242.0000,454242.0000,47141.0000,35398.0000,387102.0000,0.0000,469641.0000,454242.0000,11,8,No,2,0,0,0,0,0,2,0,0,0,0,0,0,0,SANTOSH GAONKAR,2026-07-10 10:34:40.362,,
378,GOA,South Goa,Sanguem,Bati,2026-07-10,Non-tribal,No,,29494503.0000,5487959.0000,5487959.0000,569534.0000,427668.0000,4918425.0000,0.0000,5915627.0000,5487959.0000,7,6,No,5,4,0,0,0,3,12,0,0,0,0,0,0,0,PUTU GAONKAR,2026-07-11 14:35:08.456,,
379,GOA,South Goa,Sanguem,Boma,2026-07-11,Non-tribal,No,,7875184.0000,1465314.0000,1465314.0000,152069.0000,114189.0000,1313245.0000,0.0000,1579503.0000,1465314.0000,9,7,No,0,0,0,0,0,0,0,0,0,0,0,0,0,0,SONALI RAIKAR,2026-07-11 15:39:56.995,,
380,GOA,South Goa,Sanguem,Calem,2026-07-11,Non-tribal,No,,35684106.0000,6639641.0000,6639641.0000,689054.0000,517416.0000,5950587.0000,0.0000,7157057.0000,6639641.0000,12,10,No,1,2,1,0,0,1,5,0,0,0,0,0,0,0,VAISHANVI KHARAT,2026-07-11 15:55:01.582,,
381,GOA,South Goa,Sanguem,Colomb,2026-07-11,Non-tribal,No,,17792653.0000,3310629.0000,3310629.0000,343573.0000,257992.0000,2967056.0000,0.0000,3568621.0000,3310629.0000,5,4,No,3,13,0,0,1,9,33,0,0,0,0,0,0,0,SAISH NAIK,2026-07-11 17:01:15.812,,
382,GOA,South Goa,Sanguem,Comproi,2026-07-11,Non-tribal,No,,1222309.0000,227432.0000,227432.0000,23603.0000,17723.0000,203829.0000,0.0000,245155.0000,227432.0000,11,7,No,0,0,0,0,0,0,0,0,0,0,0,0,0,0,ANITA MANE,2026-07-11 17:06:30.541,,
383,GOA,South Goa,Sanguem,Coranginim,2026-07-11,Non-tribal,No,,4259659.0000,792583.0000,792583.0000,82253.0000,61765.0000,710329.0000,0.0000,854347.0000,792583.0000,11,8,No,0,0,0,0,0,1,1,0,0,0,0,0,0,0,GAURAKSH NAIK,2026-07-11 17:21:27.547,,
384,GOA,South Goa,Sanguem,Costi,2026-07-11,Non-tribal,Yes,Salaulim,6991357.0000,1300862.0000,1300862.0000,135002.0000,101374.0000,1165860.0000,0.0000,1402236.0000,1300862.0000,11,8,No,9,1,2,0,0,1,13,0,0,0,0,0,0,0,MAYUR TARI,2026-07-11 17:18:23.932,,Village completed
385,GOA,South Goa,Sanguem,Cotarli,2026-07-11,Non-tribal,Yes,dam,7458279.0000,1387741.0000,1387741.0000,144018.0000,108144.0000,1243723.0000,0.0000,1495885.0000,1387741.0000,9,3,No,0,0,1,0,0,1,2,0,0,0,0,0,0,0,RAHUL GAONKAR,2026-07-11 17:36:08.82,,
386,GOA,South Goa,Sanguem,Cumbari,2026-07-11,Non-tribal,No,,26178564.0000,4870972.0000,4870972.0000,505504.0000,379587.0000,4365468.0000,0.0000,5250559.0000,4870972.0000,7,6,No,0,0,0,0,0,0,0,0,0,0,0,0,0,0,NAVNATH ZORO,2026-07-11 18:01:07.3,,
387,GOA,South Goa,Sanguem,Curdem,2026-07-11,Non-tribal,No,,26909022.0000,5006886.0000,5006886.0000,519609.0000,390178.0000,4487277.0000,0.0000,5397064.0000,5006886.0000,7,5,No,3,0,0,0,0,3,6,0,0,0,0,0,0,0,ANUJA KURDIKAR,2026-07-11 18:16:59.057,,
388,GOA,South Goa,Sanguem,Dongor,2026-07-03,Non-tribal,No,,7941331.0000,1477621.0000,1477621.0000,153346.0000,115149.0000,1324275.0000,0.0000,1592770.0000,1477621.0000,6,6,No,0,0,0,0,0,0,1,0,0,0,0,0,0,0,PUTU GAONKAR,2026-07-03 18:08:04.109,,No Water Bodies in this Village
389,GOA,South Goa,Sanguem,Dongurli,2026-07-11,Non-tribal,Yes,salaulim,10675621.0000,1986382.0000,1986382.0000,206144.0000,154796.0000,1780238.0000,0.0000,2141178.0000,1986382.0000,10,8,No,0,0,0,0,0,0,0,0,0,0,0,0,0,0,PRIYA NAIK,2026-07-11 18:18:29.668,,Village completed
390,GOA,South Goa,Sanguem,Dudal,2026-07-11,Non-tribal,Yes,Salaulim,7704818.0000,1433614.0000,1433614.0000,148779.0000,111719.0000,1284835.0000,0.0000,1545333.0000,1433614.0000,12,10,No,0,1,0,0,0,2,3,0,0,0,0,0,0,0,RUPESH JANGALI,2026-07-11 18:14:35.083,,Village completed
391,GOA,South Goa,Sanguem,Kurpem,2026-07-11,Non-tribal,No,,10600392.0000,1972385.0000,1972385.0000,204692.0000,153705.0000,1767693.0000,0.0000,2126090.0000,1972385.0000,6,5,No,1,3,0,0,0,7,12,0,0,0,0,0,0,0,SHANTARAM DEIKAR,2026-07-11 15:21:04.233,,
392,GOA,South Goa,Sanguem,Maulinguem,2026-07-11,Non-tribal,Yes,salaulim,5262305.0000,979142.0000,979142.0000,101614.0000,76303.0000,877528.0000,0.0000,1055445.0000,979142.0000,10,8,No,0,0,0,0,0,2,3,0,0,0,0,0,0,0,DOMNIC FERNANDES,2026-07-11 18:11:24.553,,Village Completed
393,GOA,South Goa,Sanguem,Muguli,2026-07-11,Non-tribal,Yes,Salaulim,7692907.0000,1431398.0000,1431398.0000,148549.0000,111546.0000,1282849.0000,0.0000,1542944.0000,1431398.0000,10,6,No,1,0,0,0,0,0,1,0,0,0,0,0,0,0,VICKY NAIK,2026-07-11 18:08:19.233,,Village completed
394,GOA,South Goa,Sanguem,Naiquinim,2026-07-10,Non-tribal,No,,5823479.0000,1083609.0000,1083609.0000,112456.0000,84444.0000,971153.0000,0.0000,1168053.0000,1083609.0000,6,5,No,17,3,0,0,0,0,20,0,0,0,0,0,0,0,PUTU GAONKAR,2026-07-11 14:35:10.89,,
395,GOA,South Goa,Sanguem,Neturlim,2026-07-11,Non-tribal,Yes,salaulim,41305341.0000,7685568.0000,7685568.0000,797599.0000,598924.0000,6887969.0000,0.0000,8284492.0000,7685568.0000,10,5,No,8,6,1,0,0,0,15,0,0,0,0,0,0,0,SWAPNIL MANE,2026-07-11 17:57:12.424,,Village completed
396,GOA,South Goa,Sanguem,Nundem,2026-07-11,Non-tribal,Yes,Salaulim,8010037.0000,1490405.0000,1490405.0000,154673.0000,116145.0000,1335732.0000,0.0000,1606550.0000,1490405.0000,8,6,No,0,2,0,0,0,0,2,0,0,0,0,0,0,0,SWAPNIL MANE,2026-07-11 17:48:37.265,,Village completed
397,GOA,South Goa,Sanguem,Odxel,2026-07-11,Non-tribal,Yes,Salaulim,10090284.0000,1877471.0000,1877471.0000,194842.0000,146308.0000,1682629.0000,0.0000,2023779.0000,1877471.0000,9,7,No,0,0,0,0,0,0,0,0,0,0,0,0,0,0,RAMIT NAIK,2026-07-11 17:40:25.316,,Village completed
398,GOA,South Goa,Sanguem,Patiem,2026-07-11,Non-tribal,Yes,Salaulim,12394123.0000,2306139.0000,2306139.0000,239328.0000,179714.0000,2066811.0000,0.0000,2485853.0000,2306139.0000,9,7,No,1,0,0,0,0,4,6,0,0,0,0,0,0,0,VISHWAS BHANDARI,2026-07-11 16:54:42.293,,Village Completed
399,GOA,South Goa,Sanguem,Porteem,2026-07-11,Non-tribal,Yes,salaulim,13297367.0000,2474204.0000,2474204.0000,256770.0000,192811.0000,2217434.0000,0.0000,2667015.0000,2474204.0000,5,4,No,2,0,0,0,0,0,2,0,0,0,0,0,0,0,SURESH GAONKAR,2026-07-11 17:37:01.545,,Village completed
400,GOA,South Goa,Sanguem,Potrem,2026-07-11,Non-tribal,Yes,salaulim,22451430.0000,4177474.0000,4177474.0000,433533.0000,325544.0000,3743941.0000,0.0000,4503018.0000,4177474.0000,8,7,No,0,0,0,0,0,1,1,0,0,0,0,0,0,0,GAURESH GAONKAR,2026-07-11 17:25:09.325,,Village Completed
401,GOA,South Goa,Sanguem,Rivona,2026-07-11,Non-tribal,Yes,Salaulim,35921544.0000,6683820.0000,6683820.0000,693639.0000,520859.0000,5990181.0000,0.0000,7204679.0000,6683820.0000,8,7,No,14,10,1,0,5,4,35,0,0,0,0,0,0,0,MANOJ NAIK,2026-07-11 16:44:14.585,,Village Completed
402,GOA,South Goa,Sanguem,Rumbrem,2026-07-11,Non-tribal,Yes,Salaulim,3823275.0000,711386.0000,711386.0000,73827.0000,55437.0000,637559.0000,0.0000,766823.0000,711386.0000,11,8,No,1,0,0,0,0,2,3,0,0,0,0,0,0,0,RUDRESH GAONKAR,2026-07-11 17:21:26.003,,Village completed
403,GOA,South Goa,Sanguem,Salauli,2026-07-11,Non-tribal,Yes,Salaulim,10481201.0000,1950207.0000,1950207.0000,202390.0000,151976.0000,1747817.0000,0.0000,2102183.0000,1950207.0000,8,5,No,2,0,0,0,0,0,2,0,0,0,0,0,0,0,MAYUR TARI,2026-07-11 17:12:03.123,,Village Completed
404,GOA,South Goa,Sanguem,Santona,2026-07-11,Non-tribal,Yes,Salaulim,9034284.0000,1680984.0000,1680984.0000,174451.0000,130996.0000,1506533.0000,0.0000,1811980.0000,1680984.0000,11,9,No,1,0,0,0,0,8,10,0,0,0,0,0,0,0,VIDYA NAIK,2026-07-11 17:06:51.795,,Village Completed
405,GOA,South Goa,Sanguem,Sanvordem (Ct),2026-07-11,Non-tribal,Yes,Salaulim,5141342.0000,956635.0000,956635.0000,99278.0000,74549.0000,857357.0000,0.0000,1031184.0000,956635.0000,11,8,No,0,0,0,0,0,2,2,0,0,0,0,0,0,0,MANOJ NAIK,2026-07-11 16:51:00.884,,Village Completed
406,GOA,South Goa,Sanguem,Sigonem,2026-07-03,Non-tribal,No,,20935495.0000,3895409.0000,3895409.0000,404261.0000,303563.0000,3491148.0000,0.0000,4198972.0000,3895409.0000,7,6,No,0,0,0,0,0,0,0,0,0,0,0,0,0,0,DATTARAM NARVEKAR,2026-07-03 18:13:14.134,,No Water Bodies in this Village
407,GOA,South Goa,Sanguem,Todou,2026-07-11,Non-tribal,Yes,salaulim,12693355.0000,2361817.0000,2361817.0000,245107.0000,184052.0000,2116710.0000,0.0000,2545869.0000,2361817.0000,8,6,No,1,1,0,0,0,6,8,0,0,0,0,0,0,0,LAKHO YEDGO,2026-07-11 16:27:36.579,,Village Completed
408,GOA,South Goa,Sanguem,Uguem,2026-07-11,Non-tribal,No,,17778705.0000,3308034.0000,3308034.0000,343304.0000,257790.0000,2964730.0000,0.0000,3565824.0000,3308034.0000,9,6,No,2,2,0,0,0,9,16,0,0,0,0,0,0,0,SANJAY P DEVIDAS,2026-07-11 14:56:56.458,,
409,GOA,South Goa,Sanguem,Verlem,2026-07-11,Non-tribal,No,,44449745.0000,8270638.0000,8270638.0000,858317.0000,644517.0000,7412321.0000,0.0000,8915155.0000,8270638.0000,8,6,No,1,0,0,0,0,1,2,0,0,0,0,0,0,0,GAURESH GAONKAR,2026-07-11 15:36:06.222,2026-07-16 20:15:22.465,
410,GOA,South Goa,Sanguem,Vichundrem,2026-07-11,Non-tribal,No,,10704156.0000,1991692.0000,1991692.0000,206695.0000,155209.0000,1784997.0000,0.0000,2146901.0000,1991692.0000,7,6,No,1,4,0,0,0,3,8,0,0,0,0,0,0,0,SHANTARAM DEIKAR,2026-07-11 15:20:47.432,,
411,GOA,South Goa,Sanguem,Viliena,2026-07-10,Non-tribal,No,,4139108.0000,770152.0000,770152.0000,79925.0000,60017.0000,690227.0000,0.0000,830169.0000,770152.0000,7,6,No,1,0,0,0,0,0,1,0,0,0,0,0,0,0,PUTU GAONKAR,2026-07-11 14:35:15.053,,
412,GOA,South Goa,Sanguem,Xelpem,2026-07-11,Non-tribal,Yes,Salaulim Dam,4399951.0000,818686.0000,818686.0000,84962.0000,63799.0000,733724.0000,0.0000,882485.0000,818686.0000,9,4,No,1,0,0,0,0,0,1,0,0,0,0,0,0,0,PRITESH NAIK,2026-07-11 15:00:17.708,,
413,GOA,North Goa,Bardez,Sodiem,2026-07-07,Non-tribal,No,,1.0000,0.0000,0.0000,0.0000,0.0000,0.0000,0.0000,0.0000,0.0000,1,1,No,0,0,0,0,0,0,0,0,0,0,11,8,19,0,ROHAN JOSHI,2026-07-07 20:55:59.282,,"This revenue village does not exist "
414,GOA,North Goa,Bicholim,Maulingem South,2026-07-15,Non-tribal,No,,3921996.0000,0.0000,0.0000,0.0000,0.0000,0.0000,0.0000,0.0000,0.0000,7,5,No,0,0,0,0,0,4,4,0,0,0,0,0,0,0,RESHMI PARAB,2026-07-15 09:37:35.075,,
415,GOA,North Goa,Bardez,Cunchelim,2026-07-15,Non-tribal,No,,1988556.0000,0.0000,0.0000,0.0000,0.0000,0.0000,0.0000,0.0000,0.0000,4,3,No,0,0,0,0,0,0,0,0,0,0,0,0,0,0,CHANDAN C GADEKAR,2026-07-15 09:54:11.974,,"No Water Bodies in this Village "
