<?xml version="1.0" encoding="UTF-8"?>
<kml xmlns="http://www.opengis.net/kml/2.2" xmlns:gx="http://www.google.com/kml/ext/2.2">
    <Document id="92558">
        <Placemark id="92560">
            <ExtendedData>
                <Data name="direction">
                    <value>https://maps.google.com?q=15.53335,73.95349&amp;t=h</value>
                </Data>
                <Data name="id">
                    <value>5606</value>
                </Data>
                <Data name="name">
                    <value>St. Francisco Wado</value>
                </Data>
                <Data name="taluka">
                    <value>Tiswadi</value>
                </Data>
                <Data name="syno">
                    <value>130</value>
                </Data>
                <Data name="subdiv">
                    <value>1</value>
                </Data>
                <Data name="village">
                    <value>Jua</value>
                </Data>
                <Data name="latitude">
                    <value>15.53335</value>
                </Data>
                <Data name="longitude">
                    <value>73.95349</value>
                </Data>
                <Data name="photo_1">
                    <value>DCIM/20230505073132962.jpg</value>
                </Data>
                <Data name="photo_2">
                    <value>DCIM/20230505073150011.jpg</value>
                </Data>
                <Data name="syno_pt_list">
                    <value>130/1</value>
                </Data>
                <Data name="constituency">
                    <value>15 - Cumbarjua</value>
                </Data>
                <Data name="status">
                    <value>Completed</value>
                </Data>
                <Data name="panchayat">
                    <value>St. Estevam</value>
                </Data>
                <Data name="wb_type">
                    <value>Tank</value>
                </Data>
                <Data name="owner_type">
                    <value>Private</value>
                </Data>
                <Data name="purpose">
                    <value>Irrigation</value>
                </Data>
                <Data name="construction">
                    <value>Natural/Man Made</value>
                </Data>
                <Data name="condition">
                    <value>Needs Maintenance</value>
                </Data>
                <Data name="print_order">
                    <value>140</value>
                </Data>
                <Data name="wb_id">
                    <value>Ti/Jua/26</value>
                </Data>
                <Data name="storage_capacity">
                    <value>66.0</value>
                </Data>
                <Data name="wb_surface_id">
                    <value>4597</value>
                </Data>
                <Data name="created_at">
                    <value>2022-08-20 08:14:48.495304</value>
                </Data>
                <Data name="updated_at">
                    <value>2023-07-24 18:41:06.394199</value>
                </Data>
                <Data name="book_id">
                    <value>3</value>
                </Data>
                <Data name="owners">
                    <value>Eudecia Ana Silveira alias Eudecia Ana
Filomena Lourdes Adelaide de Menezes
Silveira e Pereira</value>
                </Data>
                <Data name="label_x">
                    <value>996822.0</value>
                </Data>
                <Data name="label_y">
                    <value>1018167.55672626</value>
                </Data>
            </ExtendedData>
            <Point id="92559">
                <coordinates>73.953489888,15.533348302,0.0</coordinates>
            </Point>
        </Placemark>
        <Placemark id="92593">
            <ExtendedData>
                <Data name="direction">
                    <value>https://maps.google.com?q=15.53127,73.94943&amp;t=h</value>
                </Data>
                <Data name="id">
                    <value>3528</value>
                </Data>
                <Data name="name">
                    <value>Vaikazon</value>
                </Data>
                <Data name="taluka">
                    <value>Tiswadi</value>
                </Data>
                <Data name="syno">
                    <value>143</value>
                </Data>
                <Data name="subdiv">
                    <value>3</value>
                </Data>
                <Data name="village">
                    <value>Jua</value>
                </Data>
                <Data name="latitude">
                    <value>15.53127</value>
                </Data>
                <Data name="longitude">
                    <value>73.94943</value>
                </Data>
                <Data name="photo_1">
                    <value>DCIM/20230505075549812.jpg</value>
                </Data>
                <Data name="photo_2">
                    <value>DCIM/20230505075554077.jpg</value>
                </Data>
                <Data name="syno_pt_list">
                    <value>143/3,6</value>
                </Data>
                <Data name="constituency">
                    <value>15 - Cumbarjua</value>
                </Data>
                <Data name="status">
                    <value>Completed</value>
                </Data>
                <Data name="panchayat">
                    <value>St. Estevam</value>
                </Data>
                <Data name="wb_type">
                    <value>Pond</value>
                </Data>
                <Data name="owner_type">
                    <value>Communidade</value>
                </Data>
                <Data name="purpose">
                    <value>Storage</value>
                </Data>
                <Data name="construction">
                    <value>Natural</value>
                </Data>
                <Data name="condition">
                    <value>Needs Maintenance</value>
                </Data>
                <Data name="print_order">
                    <value>026</value>
                </Data>
                <Data name="wb_id">
                    <value>Ti/Jua/32</value>
                </Data>
                <Data name="storage_capacity">
                    <value>40.0</value>
                </Data>
                <Data name="wb_surface_id">
                    <value>4578</value>
                </Data>
                <Data name="created_at">
                    <value>2020-12-05 08:40:27</value>
                </Data>
                <Data name="updated_at">
                    <value>2023-07-24 18:41:04.445024</value>
                </Data>
                <Data name="book_id">
                    <value>3</value>
                </Data>
                <Data name="owners">
                    <value>Communidade of Jua.</value>
                </Data>
                <Data name="label_x">
                    <value>996822.0</value>
                </Data>
                <Data name="label_y">
                    <value>1016417.55672626</value>
                </Data>
            </ExtendedData>
            <Point id="92592">
                <coordinates>73.949425212,15.531272293,0.0</coordinates>
            </Point>
        </Placemark>
        <Placemark id="92626">
            <ExtendedData>
                <Data name="direction">
                    <value>https://maps.google.com?q=15.53415,73.94248&amp;t=h</value>
                </Data>
                <Data name="id">
                    <value>6186</value>
                </Data>
                <Data name="name">
                    <value>Targen</value>
                </Data>
                <Data name="taluka">
                    <value>Tiswadi</value>
                </Data>
                <Data name="syno">
                    <value>15</value>
                </Data>
                <Data name="subdiv">
                    <value>9</value>
                </Data>
                <Data name="village">
                    <value>Jua</value>
                </Data>
                <Data name="latitude">
                    <value>15.53415</value>
                </Data>
                <Data name="longitude">
                    <value>73.94248</value>
                </Data>
                <Data name="photo_1">
                    <value>DCIM/20230505084120740.jpg</value>
                </Data>
                <Data name="photo_2">
                    <value>DCIM/20230505084128988.jpg</value>
                </Data>
                <Data name="constituency">
                    <value>15 - Cumbarjua</value>
                </Data>
                <Data name="status">
                    <value>Completed</value>
                </Data>
                <Data name="panchayat">
                    <value>St. Estevam</value>
                </Data>
                <Data name="wb_type">
                    <value>Pond</value>
                </Data>
                <Data name="owner_type">
                    <value>Communidade</value>
                </Data>
                <Data name="purpose">
                    <value>Storage</value>
                </Data>
                <Data name="construction">
                    <value>Natural</value>
                </Data>
                <Data name="condition">
                    <value>Dry</value>
                </Data>
                <Data name="print_order">
                    <value>006</value>
                </Data>
                <Data name="wb_id">
                    <value>Ti/Jua/11</value>
                </Data>
                <Data name="storage_capacity">
                    <value>110.0</value>
                </Data>
                <Data name="wb_surface_id">
                    <value>5602</value>
                </Data>
                <Data name="created_at">
                    <value>2023-05-05 00:00:00</value>
                </Data>
                <Data name="updated_at">
                    <value>2023-07-24 18:41:03.550778</value>
                </Data>
                <Data name="book_id">
                    <value>3</value>
                </Data>
                <Data name="owners">
                    <value>Communidade of Jua.</value>
                </Data>
                <Data name="label_x">
                    <value>996822.0</value>
                </Data>
                <Data name="label_y">
                    <value>1015417.55672626</value>
                </Data>
            </ExtendedData>
            <Point id="92625">
                <coordinates>73.942480331,15.534145137,0.0</coordinates>
            </Point>
        </Placemark>
        <Placemark id="92658">
            <ExtendedData>
                <Data name="direction">
                    <value>https://maps.google.com?q=15.53464,73.94672&amp;t=h</value>
                </Data>
                <Data name="id">
                    <value>6181</value>
                </Data>
                <Data name="name">
                    <value>Canjor or Choutho Anek Painin</value>
                </Data>
                <Data name="taluka">
                    <value>Tiswadi</value>
                </Data>
                <Data name="syno">
                    <value>38</value>
                </Data>
                <Data name="subdiv">
                    <value>5</value>
                </Data>
                <Data name="village">
                    <value>Jua</value>
                </Data>
                <Data name="latitude">
                    <value>15.53464</value>
                </Data>
                <Data name="longitude">
                    <value>73.94672</value>
                </Data>
                <Data name="photo_1">
                    <value>DCIM/20230505085910917.jpg</value>
                </Data>
                <Data name="photo_2">
                    <value>DCIM/20230505085919200.jpg</value>
                </Data>
                <Data name="constituency">
                    <value>15 - Cumbarjua</value>
                </Data>
                <Data name="status">
                    <value>Completed</value>
                </Data>
                <Data name="panchayat">
                    <value>St. Estevam</value>
                </Data>
                <Data name="wb_type">
                    <value>Tank</value>
                </Data>
                <Data name="owner_type">
                    <value>Communidade</value>
                </Data>
                <Data name="purpose">
                    <value>Irrigation</value>
                </Data>
                <Data name="construction">
                    <value>Natural/Man Made</value>
                </Data>
                <Data name="condition">
                    <value>Good</value>
                </Data>
                <Data name="print_order">
                    <value>137</value>
                </Data>
                <Data name="wb_id">
                    <value>Ti/Jua/06</value>
                </Data>
                <Data name="storage_capacity">
                    <value>156.0</value>
                </Data>
                <Data name="wb_surface_id">
                    <value>5605</value>
                </Data>
                <Data name="created_at">
                    <value>2023-05-05 00:00:00</value>
                </Data>
                <Data name="updated_at">
                    <value>2023-07-24 18:41:08.927037</value>
                </Data>
                <Data name="book_id">
                    <value>3</value>
                </Data>
                <Data name="owners">
                    <value>Communidade of Jua</value>
                </Data>
                <Data name="label_x">
                    <value>996822.0</value>
                </Data>
                <Data name="label_y">
                    <value>1020917.55672626</value>
                </Data>
            </ExtendedData>
            <Point id="92657">
                <coordinates>73.946716636,15.534637957,0.0</coordinates>
            </Point>
        </Placemark>
        <Placemark id="92690">
            <ExtendedData>
                <Data name="direction">
                    <value>https://maps.google.com?q=15.53543,73.94346&amp;t=h</value>
                </Data>
                <Data name="id">
                    <value>3506</value>
                </Data>
                <Data name="name">
                    <value>Vaniachem Xet</value>
                </Data>
                <Data name="taluka">
                    <value>Tiswadi</value>
                </Data>
                <Data name="syno">
                    <value>41</value>
                </Data>
                <Data name="subdiv">
                    <value>5</value>
                </Data>
                <Data name="village">
                    <value>Jua</value>
                </Data>
                <Data name="latitude">
                    <value>15.53543</value>
                </Data>
                <Data name="longitude">
                    <value>73.94346</value>
                </Data>
                <Data name="photo_1">
                    <value>DCIM/20230505084718734.jpg</value>
                </Data>
                <Data name="photo_2">
                    <value>DCIM/20230505084725863.jpg</value>
                </Data>
                <Data name="syno_pt_list">
                    <value>41/3,5</value>
                </Data>
                <Data name="constituency">
                    <value>15 - Cumbarjua</value>
                </Data>
                <Data name="status">
                    <value>Completed</value>
                </Data>
                <Data name="panchayat">
                    <value>St. Estevam</value>
                </Data>
                <Data name="wb_type">
                    <value>Tank</value>
                </Data>
                <Data name="owner_type">
                    <value>Private</value>
                </Data>
                <Data name="purpose">
                    <value>Storage</value>
                </Data>
                <Data name="construction">
                    <value>Natural/Man Made</value>
                </Data>
                <Data name="condition">
                    <value>Good</value>
                </Data>
                <Data name="print_order">
                    <value>139</value>
                </Data>
                <Data name="wb_id">
                    <value>Ti/Jua/08</value>
                </Data>
                <Data name="storage_capacity">
                    <value>120.0</value>
                </Data>
                <Data name="wb_surface_id">
                    <value>4919</value>
                </Data>
                <Data name="created_at">
                    <value>2020-12-05 08:40:27</value>
                </Data>
                <Data name="updated_at">
                    <value>2023-07-24 18:41:11.433199</value>
                </Data>
                <Data name="book_id">
                    <value>3</value>
                </Data>
                <Data name="owners">
                    <value>Luis Bonaparte Alboim de Fonseca</value>
                </Data>
                <Data name="label_x">
                    <value>996822.0</value>
                </Data>
                <Data name="label_y">
                    <value>1023667.55672626</value>
                </Data>
            </ExtendedData>
            <Point id="92689">
                <coordinates>73.94346115,15.535426462,0.0</coordinates>
            </Point>
        </Placemark>
        <Placemark id="92723">
            <ExtendedData>
                <Data name="direction">
                    <value>https://maps.google.com?q=15.53577,73.94365&amp;t=h</value>
                </Data>
                <Data name="id">
                    <value>3637</value>
                </Data>
                <Data name="name">
                    <value>Vavoi</value>
                </Data>
                <Data name="taluka">
                    <value>Tiswadi</value>
                </Data>
                <Data name="syno">
                    <value>43</value>
                </Data>
                <Data name="subdiv">
                    <value>7</value>
                </Data>
                <Data name="village">
                    <value>Jua</value>
                </Data>
                <Data name="latitude">
                    <value>15.53577</value>
                </Data>
                <Data name="longitude">
                    <value>73.94365</value>
                </Data>
                <Data name="photo_1">
                    <value>DCIM/20230505084826172.jpg</value>
                </Data>
                <Data name="photo_2">
                    <value>DCIM/20230505084834041.jpg</value>
                </Data>
                <Data name="syno_pt_list">
                    <value>42/1; 43/1,7</value>
                </Data>
                <Data name="constituency">
                    <value>15 - Cumbarjua</value>
                </Data>
                <Data name="status">
                    <value>Completed</value>
                </Data>
                <Data name="panchayat">
                    <value>St. Estevam</value>
                </Data>
                <Data name="wb_type">
                    <value>Pond</value>
                </Data>
                <Data name="owner_type">
                    <value>Communidade</value>
                </Data>
                <Data name="purpose">
                    <value>Storage</value>
                </Data>
                <Data name="construction">
                    <value>Natural</value>
                </Data>
                <Data name="condition">
                    <value>Dry</value>
                </Data>
                <Data name="print_order">
                    <value>004</value>
                </Data>
                <Data name="wb_id">
                    <value>Ti/Jua/09</value>
                </Data>
                <Data name="storage_capacity">
                    <value>119.0</value>
                </Data>
                <Data name="wb_surface_id">
                    <value>4583</value>
                </Data>
                <Data name="created_at">
                    <value>2020-12-05 08:40:27</value>
                </Data>
                <Data name="updated_at">
                    <value>2023-07-24 18:41:11.077969</value>
                </Data>
                <Data name="book_id">
                    <value>3</value>
                </Data>
                <Data name="owners">
                    <value>Communidade of Jua</value>
                </Data>
                <Data name="label_x">
                    <value>996822.0</value>
                </Data>
                <Data name="label_y">
                    <value>1023417.55672626</value>
                </Data>
            </ExtendedData>
            <Point id="92722">
                <coordinates>73.94365067,15.535768037,0.0</coordinates>
            </Point>
        </Placemark>
        <Placemark id="92756">
            <ExtendedData>
                <Data name="direction">
                    <value>https://maps.google.com?q=15.53441,73.94327&amp;t=h</value>
                </Data>
                <Data name="id">
                    <value>3509</value>
                </Data>
                <Data name="name">
                    <value>Patto Vao</value>
                </Data>
                <Data name="taluka">
                    <value>Tiswadi</value>
                </Data>
                <Data name="syno">
                    <value>15</value>
                </Data>
                <Data name="subdiv">
                    <value>2</value>
                </Data>
                <Data name="village">
                    <value>Jua</value>
                </Data>
                <Data name="latitude">
                    <value>15.53441</value>
                </Data>
                <Data name="longitude">
                    <value>73.94327</value>
                </Data>
                <Data name="photo_1">
                    <value>DCIM/20230505084351843.jpg</value>
                </Data>
                <Data name="photo_2">
                    <value>DCIM/20230505084401941.jpg</value>
                </Data>
                <Data name="syno_pt_list">
                    <value>15/1-3</value>
                </Data>
                <Data name="constituency">
                    <value>15 - Cumbarjua</value>
                </Data>
                <Data name="status">
                    <value>Completed</value>
                </Data>
                <Data name="panchayat">
                    <value>St. Estevam</value>
                </Data>
                <Data name="wb_type">
                    <value>Pond</value>
                </Data>
                <Data name="owner_type">
                    <value>Private</value>
                </Data>
                <Data name="purpose">
                    <value>Storage</value>
                </Data>
                <Data name="construction">
                    <value>Natural</value>
                </Data>
                <Data name="condition">
                    <value>Dry</value>
                </Data>
                <Data name="print_order">
                    <value>019</value>
                </Data>
                <Data name="wb_id">
                    <value>Ti/Jua/24</value>
                </Data>
                <Data name="storage_capacity">
                    <value>68.0</value>
                </Data>
                <Data name="wb_surface_id">
                    <value>4587</value>
                </Data>
                <Data name="created_at">
                    <value>2020-12-05 08:40:27</value>
                </Data>
                <Data name="updated_at">
                    <value>2023-07-24 18:41:10.460439</value>
                </Data>
                <Data name="book_id">
                    <value>3</value>
                </Data>
                <Data name="owners">
                    <value>Ana Carmelina Leopoldina Afonso.
Lalita Preciosa Afonso.
Two</value>
                </Data>
                <Data name="label_x">
                    <value>996822.0</value>
                </Data>
                <Data name="label_y">
                    <value>1022667.55672626</value>
                </Data>
            </ExtendedData>
            <Point id="92755">
                <coordinates>73.943266436,15.5344056,0.0</coordinates>
            </Point>
        </Placemark>
        <Placemark id="92789">
            <ExtendedData>
                <Data name="direction">
                    <value>https://maps.google.com?q=15.53517,73.94698&amp;t=h</value>
                </Data>
                <Data name="id">
                    <value>3638</value>
                </Data>
                <Data name="name">
                    <value>Primeiro Boilot</value>
                </Data>
                <Data name="taluka">
                    <value>Tiswadi</value>
                </Data>
                <Data name="syno">
                    <value>36</value>
                </Data>
                <Data name="subdiv">
                    <value>37</value>
                </Data>
                <Data name="village">
                    <value>Jua</value>
                </Data>
                <Data name="latitude">
                    <value>15.53517</value>
                </Data>
                <Data name="longitude">
                    <value>73.94698</value>
                </Data>
                <Data name="photo_1">
                    <value>DCIM/20230505085405053.jpg</value>
                </Data>
                <Data name="photo_2">
                    <value>DCIM/20230505085411460.jpg</value>
                </Data>
                <Data name="syno_pt_list">
                    <value>36/36-37</value>
                </Data>
                <Data name="constituency">
                    <value>15 - Cumbarjua</value>
                </Data>
                <Data name="status">
                    <value>Completed</value>
                </Data>
                <Data name="panchayat">
                    <value>St. Estevam</value>
                </Data>
                <Data name="wb_type">
                    <value>Pond</value>
                </Data>
                <Data name="owner_type">
                    <value>Communidade</value>
                </Data>
                <Data name="purpose">
                    <value>Storage</value>
                </Data>
                <Data name="construction">
                    <value>Natural</value>
                </Data>
                <Data name="condition">
                    <value>Needs Maintenance</value>
                </Data>
                <Data name="print_order">
                    <value>003</value>
                </Data>
                <Data name="wb_id">
                    <value>Ti/Jua/02</value>
                </Data>
                <Data name="storage_capacity">
                    <value>203.0</value>
                </Data>
                <Data name="wb_surface_id">
                    <value>4571</value>
                </Data>
                <Data name="created_at">
                    <value>2020-12-05 08:40:27</value>
                </Data>
                <Data name="updated_at">
                    <value>2023-07-24 18:41:09.436309</value>
                </Data>
                <Data name="book_id">
                    <value>3</value>
                </Data>
                <Data name="owners">
                    <value>1-Jua
Communidade of Jua.</value>
                </Data>
                <Data name="label_x">
                    <value>996822.0</value>
                </Data>
                <Data name="label_y">
                    <value>1021417.55672626</value>
                </Data>
            </ExtendedData>
            <Point id="92788">
                <coordinates>73.946983755,15.535172793,0.0</coordinates>
            </Point>
        </Placemark>
        <Placemark id="92822">
            <ExtendedData>
                <Data name="direction">
                    <value>https://maps.google.com?q=15.53349,73.94687&amp;t=h</value>
                </Data>
                <Data name="id">
                    <value>6182</value>
                </Data>
                <Data name="name">
                    <value>Patto Vao</value>
                </Data>
                <Data name="taluka">
                    <value>Tiswadi</value>
                </Data>
                <Data name="syno">
                    <value>17</value>
                </Data>
                <Data name="subdiv">
                    <value>5</value>
                </Data>
                <Data name="village">
                    <value>Jua</value>
                </Data>
                <Data name="latitude">
                    <value>15.53349</value>
                </Data>
                <Data name="longitude">
                    <value>73.94687</value>
                </Data>
                <Data name="photo_1">
                    <value>DCIM/20230505085722888.jpg</value>
                </Data>
                <Data name="photo_2">
                    <value>DCIM/20230505085729439.jpg</value>
                </Data>
                <Data name="constituency">
                    <value>15 - Cumbarjua</value>
                </Data>
                <Data name="status">
                    <value>Completed</value>
                </Data>
                <Data name="panchayat">
                    <value>St. Estevam</value>
                </Data>
                <Data name="wb_type">
                    <value>Pond</value>
                </Data>
                <Data name="owner_type">
                    <value>Private</value>
                </Data>
                <Data name="purpose">
                    <value>Storage</value>
                </Data>
                <Data name="construction">
                    <value>Natural</value>
                </Data>
                <Data name="condition">
                    <value>Needs Maintenance</value>
                </Data>
                <Data name="print_order">
                    <value>011</value>
                </Data>
                <Data name="wb_id">
                    <value>Ti/Jua/16</value>
                </Data>
                <Data name="storage_capacity">
                    <value>89.0</value>
                </Data>
                <Data name="wb_surface_id">
                    <value>5606</value>
                </Data>
                <Data name="created_at">
                    <value>2023-05-05 00:00:00</value>
                </Data>
                <Data name="updated_at">
                    <value>2023-07-24 18:41:08.028263</value>
                </Data>
                <Data name="book_id">
                    <value>3</value>
                </Data>
                <Data name="owners">
                    <value>Elias Paixao Afonso.
Simon Robart Afonso.
Two</value>
                </Data>
                <Data name="label_x">
                    <value>996822.0</value>
                </Data>
                <Data name="label_y">
                    <value>1019917.55672626</value>
                </Data>
            </ExtendedData>
            <Point id="92821">
                <coordinates>73.946871322,15.533487728,0.0</coordinates>
            </Point>
        </Placemark>
        <Placemark id="92854">
            <ExtendedData>
                <Data name="direction">
                    <value>https://maps.google.com?q=15.53326,73.94665&amp;t=h</value>
                </Data>
                <Data name="id">
                    <value>6183</value>
                </Data>
                <Data name="name">
                    <value>Painim</value>
                </Data>
                <Data name="taluka">
                    <value>Tiswadi</value>
                </Data>
                <Data name="syno">
                    <value>17</value>
                </Data>
                <Data name="subdiv">
                    <value>13</value>
                </Data>
                <Data name="village">
                    <value>Jua</value>
                </Data>
                <Data name="latitude">
                    <value>15.53326</value>
                </Data>
                <Data name="longitude">
                    <value>73.94665</value>
                </Data>
                <Data name="photo_1">
                    <value>DCIM/20230505085643619.jpg</value>
                </Data>
                <Data name="photo_2">
                    <value>DCIM/20230505085652015.jpg</value>
                </Data>
                <Data name="constituency">
                    <value>15 - Cumbarjua</value>
                </Data>
                <Data name="status">
                    <value>Completed</value>
                </Data>
                <Data name="panchayat">
                    <value>St. Estevam</value>
                </Data>
                <Data name="wb_type">
                    <value>Pond</value>
                </Data>
                <Data name="owner_type">
                    <value>Communidade</value>
                </Data>
                <Data name="purpose">
                    <value>Storage</value>
                </Data>
                <Data name="construction">
                    <value>Natural</value>
                </Data>
                <Data name="condition">
                    <value>Needs Maintenance</value>
                </Data>
                <Data name="print_order">
                    <value>023</value>
                </Data>
                <Data name="wb_id">
                    <value>Ti/Jua/29</value>
                </Data>
                <Data name="storage_capacity">
                    <value>62.0</value>
                </Data>
                <Data name="wb_surface_id">
                    <value>5607</value>
                </Data>
                <Data name="created_at">
                    <value>2023-05-05 00:00:00</value>
                </Data>
                <Data name="updated_at">
                    <value>2023-07-24 18:41:07.825922</value>
                </Data>
                <Data name="book_id">
                    <value>3</value>
                </Data>
                <Data name="owners">
                    <value>Communidade of Jua.</value>
                </Data>
                <Data name="label_x">
                    <value>996822.0</value>
                </Data>
                <Data name="label_y">
                    <value>1019667.55672626</value>
                </Data>
            </ExtendedData>
            <Point id="92853">
                <coordinates>73.946648091,15.533262347,0.0</coordinates>
            </Point>
        </Placemark>
        <Placemark id="92886">
            <ExtendedData>
                <Data name="direction">
                    <value>https://maps.google.com?q=15.53334,73.95035&amp;t=h</value>
                </Data>
                <Data name="id">
                    <value>6179</value>
                </Data>
                <Data name="name">
                    <value>Dongri</value>
                </Data>
                <Data name="taluka">
                    <value>Tiswadi</value>
                </Data>
                <Data name="syno">
                    <value>133</value>
                </Data>
                <Data name="subdiv">
                    <value>33</value>
                </Data>
                <Data name="village">
                    <value>Jua</value>
                </Data>
                <Data name="latitude">
                    <value>15.53334</value>
                </Data>
                <Data name="longitude">
                    <value>73.95035</value>
                </Data>
                <Data name="photo_1">
                    <value>DCIM/20230505081156760.jpg</value>
                </Data>
                <Data name="photo_2">
                    <value>DCIM/20230505081210183.jpg</value>
                </Data>
                <Data name="constituency">
                    <value>15 - Cumbarjua</value>
                </Data>
                <Data name="status">
                    <value>Completed</value>
                </Data>
                <Data name="panchayat">
                    <value>St. Estevam</value>
                </Data>
                <Data name="wb_type">
                    <value>Pond</value>
                </Data>
                <Data name="owner_type">
                    <value>Private</value>
                </Data>
                <Data name="purpose">
                    <value>Storage</value>
                </Data>
                <Data name="construction">
                    <value>Natural</value>
                </Data>
                <Data name="condition">
                    <value>Needs Maintenance</value>
                </Data>
                <Data name="print_order">
                    <value>030</value>
                </Data>
                <Data name="wb_id">
                    <value>Ti/Jua/36</value>
                </Data>
                <Data name="storage_capacity">
                    <value>32.0</value>
                </Data>
                <Data name="wb_surface_id">
                    <value>5627</value>
                </Data>
                <Data name="created_at">
                    <value>2023-05-05 00:00:00</value>
                </Data>
                <Data name="updated_at">
                    <value>2023-07-24 18:41:07.424934</value>
                </Data>
                <Data name="book_id">
                    <value>3</value>
                </Data>
                <Data name="owners">
                    <value>Hermenigildo Rodrigues.</value>
                </Data>
                <Data name="label_x">
                    <value>996822.0</value>
                </Data>
                <Data name="label_y">
                    <value>1019167.55672626</value>
                </Data>
            </ExtendedData>
            <Point id="92885">
                <coordinates>73.950353333,15.533343333,0.0</coordinates>
            </Point>
        </Placemark>
        <Placemark id="92918">
            <ExtendedData>
                <Data name="direction">
                    <value>https://maps.google.com?q=15.53458,73.94319&amp;t=h</value>
                </Data>
                <Data name="id">
                    <value>6184</value>
                </Data>
                <Data name="name">
                    <value>Vaniachem Xet</value>
                </Data>
                <Data name="taluka">
                    <value>Tiswadi</value>
                </Data>
                <Data name="syno">
                    <value>41</value>
                </Data>
                <Data name="subdiv">
                    <value>6</value>
                </Data>
                <Data name="village">
                    <value>Jua</value>
                </Data>
                <Data name="latitude">
                    <value>15.53458</value>
                </Data>
                <Data name="longitude">
                    <value>73.94319</value>
                </Data>
                <Data name="photo_1">
                    <value>DCIM/20230505084455537.jpg</value>
                </Data>
                <Data name="photo_2">
                    <value>DCIM/20230505084501703.jpg</value>
                </Data>
                <Data name="constituency">
                    <value>15 - Cumbarjua</value>
                </Data>
                <Data name="status">
                    <value>Completed</value>
                </Data>
                <Data name="panchayat">
                    <value>St. Estevam</value>
                </Data>
                <Data name="wb_type">
                    <value>Pond</value>
                </Data>
                <Data name="owner_type">
                    <value>Private</value>
                </Data>
                <Data name="purpose">
                    <value>Storage</value>
                </Data>
                <Data name="construction">
                    <value>Natural</value>
                </Data>
                <Data name="condition">
                    <value>Needs Maintenance</value>
                </Data>
                <Data name="print_order">
                    <value>029</value>
                </Data>
                <Data name="wb_id">
                    <value>Ti/Jua/35</value>
                </Data>
                <Data name="storage_capacity">
                    <value>33.0</value>
                </Data>
                <Data name="wb_surface_id">
                    <value>5604</value>
                </Data>
                <Data name="created_at">
                    <value>2023-05-05 00:00:00</value>
                </Data>
                <Data name="updated_at">
                    <value>2023-07-24 18:41:10.664703</value>
                </Data>
                <Data name="book_id">
                    <value>3</value>
                </Data>
                <Data name="owners">
                    <value>Luis Bonaparte Alboim de Fonseca</value>
                </Data>
                <Data name="label_x">
                    <value>996822.0</value>
                </Data>
                <Data name="label_y">
                    <value>1022917.55672626</value>
                </Data>
            </ExtendedData>
            <Point id="92917">
                <coordinates>73.943190573,15.534577013,0.0</coordinates>
            </Point>
        </Placemark>
        <Placemark id="92950">
            <ExtendedData>
                <Data name="direction">
                    <value>https://maps.google.com?q=15.53446,73.94252&amp;t=h</value>
                </Data>
                <Data name="id">
                    <value>6185</value>
                </Data>
                <Data name="name">
                    <value>Pato</value>
                </Data>
                <Data name="taluka">
                    <value>Tiswadi</value>
                </Data>
                <Data name="syno">
                    <value>255</value>
                </Data>
                <Data name="subdiv">
                    <value>1</value>
                </Data>
                <Data name="village">
                    <value>Jua</value>
                </Data>
                <Data name="latitude">
                    <value>15.53446</value>
                </Data>
                <Data name="longitude">
                    <value>73.94252</value>
                </Data>
                <Data name="photo_1">
                    <value>DCIM/20230505084200444.jpg</value>
                </Data>
                <Data name="photo_2">
                    <value>DCIM/20230505084206398.jpg</value>
                </Data>
                <Data name="constituency">
                    <value>15 - Cumbarjua</value>
                </Data>
                <Data name="status">
                    <value>Completed</value>
                </Data>
                <Data name="panchayat">
                    <value>St. Estevam</value>
                </Data>
                <Data name="wb_type">
                    <value>Pond</value>
                </Data>
                <Data name="owner_type">
                    <value>Private</value>
                </Data>
                <Data name="purpose">
                    <value>Storage</value>
                </Data>
                <Data name="construction">
                    <value>Natural</value>
                </Data>
                <Data name="condition">
                    <value>Needs Maintenance</value>
                </Data>
                <Data name="print_order">
                    <value>009</value>
                </Data>
                <Data name="wb_id">
                    <value>Ti/Jua/14</value>
                </Data>
                <Data name="storage_capacity">
                    <value>103.0</value>
                </Data>
                <Data name="wb_surface_id">
                    <value>5603</value>
                </Data>
                <Data name="created_at">
                    <value>2023-05-05 00:00:00</value>
                </Data>
                <Data name="updated_at">
                    <value>2023-07-24 18:41:12.295665</value>
                </Data>
                <Data name="book_id">
                    <value>3</value>
                </Data>
                <Data name="owners">
                    <value>Maria Tereza Aruilda D'Mello</value>
                </Data>
                <Data name="label_x">
                    <value>996822.0</value>
                </Data>
                <Data name="label_y">
                    <value>1023917.55672626</value>
                </Data>
            </ExtendedData>
            <Point id="92949">
                <coordinates>73.942524577,15.53446327,0.0</coordinates>
            </Point>
        </Placemark>
        <Placemark id="92982">
            <ExtendedData>
                <Data name="direction">
                    <value>https://maps.google.com?q=15.53536,73.94824&amp;t=h</value>
                </Data>
                <Data name="id">
                    <value>3534</value>
                </Data>
                <Data name="name">
                    <value>Bela Vista</value>
                </Data>
                <Data name="taluka">
                    <value>Tiswadi</value>
                </Data>
                <Data name="syno">
                    <value>28</value>
                </Data>
                <Data name="subdiv">
                    <value>23</value>
                </Data>
                <Data name="village">
                    <value>Jua</value>
                </Data>
                <Data name="latitude">
                    <value>15.53536</value>
                </Data>
                <Data name="longitude">
                    <value>73.94824</value>
                </Data>
                <Data name="photo_1">
                    <value>DCIM/20230505090318752.jpg</value>
                </Data>
                <Data name="photo_2">
                    <value>DCIM/20230505090340212.jpg</value>
                </Data>
                <Data name="syno_pt_list">
                    <value>28/23</value>
                </Data>
                <Data name="constituency">
                    <value>15 - Cumbarjua</value>
                </Data>
                <Data name="status">
                    <value>Completed</value>
                </Data>
                <Data name="panchayat">
                    <value>St. Estevam</value>
                </Data>
                <Data name="wb_type">
                    <value>Pond</value>
                </Data>
                <Data name="owner_type">
                    <value>Private</value>
                </Data>
                <Data name="purpose">
                    <value>Storage</value>
                </Data>
                <Data name="construction">
                    <value>Natural/Man Made</value>
                </Data>
                <Data name="condition">
                    <value>Dry</value>
                </Data>
                <Data name="print_order">
                    <value>017</value>
                </Data>
                <Data name="wb_id">
                    <value>Ti/Jua/22</value>
                </Data>
                <Data name="storage_capacity">
                    <value>71.0</value>
                </Data>
                <Data name="wb_surface_id">
                    <value>4582</value>
                </Data>
                <Data name="created_at">
                    <value>2020-12-05 08:40:27</value>
                </Data>
                <Data name="updated_at">
                    <value>2023-07-24 18:41:08.234778</value>
                </Data>
                <Data name="book_id">
                    <value>3</value>
                </Data>
                <Data name="owners">
                    <value>Caetano Silveira.
Elegiano Monteiro.
Four</value>
                </Data>
                <Data name="label_x">
                    <value>996822.0</value>
                </Data>
                <Data name="label_y">
                    <value>1020167.55672626</value>
                </Data>
            </ExtendedData>
            <Point id="92981">
                <coordinates>73.948243772,15.535362986,0.0</coordinates>
            </Point>
        </Placemark>
        <Placemark id="93015">
            <ExtendedData>
                <Data name="direction">
                    <value>https://maps.google.com?q=15.53105,73.94853&amp;t=h</value>
                </Data>
                <Data name="id">
                    <value>3525</value>
                </Data>
                <Data name="name">
                    <value>Vaikazon</value>
                </Data>
                <Data name="taluka">
                    <value>Tiswadi</value>
                </Data>
                <Data name="syno">
                    <value>142</value>
                </Data>
                <Data name="subdiv">
                    <value>11</value>
                </Data>
                <Data name="village">
                    <value>Jua</value>
                </Data>
                <Data name="latitude">
                    <value>15.53105</value>
                </Data>
                <Data name="longitude">
                    <value>73.94853</value>
                </Data>
                <Data name="photo_1">
                    <value>DCIM/20230505075359192.jpg</value>
                </Data>
                <Data name="photo_2">
                    <value>DCIM/20230505075404964.jpg</value>
                </Data>
                <Data name="syno_pt_list">
                    <value>134/20; 142/10-11; 143/1</value>
                </Data>
                <Data name="constituency">
                    <value>15 - Cumbarjua</value>
                </Data>
                <Data name="status">
                    <value>Completed</value>
                </Data>
                <Data name="panchayat">
                    <value>St. Estevam</value>
                </Data>
                <Data name="wb_type">
                    <value>Pond</value>
                </Data>
                <Data name="owner_type">
                    <value>Communidade</value>
                </Data>
                <Data name="purpose">
                    <value>Storage</value>
                </Data>
                <Data name="construction">
                    <value>Natural</value>
                </Data>
                <Data name="condition">
                    <value>Dry</value>
                </Data>
                <Data name="print_order">
                    <value>020</value>
                </Data>
                <Data name="wb_id">
                    <value>Ti/Jua/25</value>
                </Data>
                <Data name="storage_capacity">
                    <value>68.0</value>
                </Data>
                <Data name="wb_surface_id">
                    <value>4590</value>
                </Data>
                <Data name="created_at">
                    <value>2020-12-05 08:40:27</value>
                </Data>
                <Data name="updated_at">
                    <value>2023-07-24 18:41:04.010288</value>
                </Data>
                <Data name="book_id">
                    <value>3</value>
                </Data>
                <Data name="owners">
                    <value>Communidade of Jua.</value>
                </Data>
                <Data name="label_x">
                    <value>996822.0</value>
                </Data>
                <Data name="label_y">
                    <value>1015917.55672626</value>
                </Data>
            </ExtendedData>
            <Point id="93014">
                <coordinates>73.948527207,15.531054749,0.0</coordinates>
            </Point>
        </Placemark>
        <Placemark id="93048">
            <ExtendedData>
                <Data name="direction">
                    <value>https://maps.google.com?q=15.53374,73.95498&amp;t=h</value>
                </Data>
                <Data name="id">
                    <value>1206</value>
                </Data>
                <Data name="name">
                    <value>St. Francisco Wado</value>
                </Data>
                <Data name="taluka">
                    <value>Tiswadi</value>
                </Data>
                <Data name="syno">
                    <value>112</value>
                </Data>
                <Data name="subdiv">
                    <value>21</value>
                </Data>
                <Data name="village">
                    <value>Jua</value>
                </Data>
                <Data name="latitude">
                    <value>15.53374</value>
                </Data>
                <Data name="longitude">
                    <value>73.95498</value>
                </Data>
                <Data name="photo_1">
                    <value>DCIM/20230505072604346.jpg</value>
                </Data>
                <Data name="photo_2">
                    <value>DCIM/20230505072634810.jpg</value>
                </Data>
                <Data name="syno_pt_list">
                    <value>112/1-21</value>
                </Data>
                <Data name="constituency">
                    <value>15 - Cumbarjua</value>
                </Data>
                <Data name="status">
                    <value>Completed</value>
                </Data>
                <Data name="panchayat">
                    <value>St. Estevam</value>
                </Data>
                <Data name="wb_type">
                    <value>Pond</value>
                </Data>
                <Data name="owner_type">
                    <value>Private</value>
                </Data>
                <Data name="purpose">
                    <value>Storage</value>
                </Data>
                <Data name="construction">
                    <value>Natural</value>
                </Data>
                <Data name="condition">
                    <value>Good</value>
                </Data>
                <Data name="print_order">
                    <value>002</value>
                </Data>
                <Data name="wb_id">
                    <value>Ti/Jua/01</value>
                </Data>
                <Data name="storage_capacity">
                    <value>408.0</value>
                </Data>
                <Data name="wb_surface_id">
                    <value>651</value>
                </Data>
                <Data name="created_at">
                    <value>2020-02-28 15:24:34</value>
                </Data>
                <Data name="updated_at">
                    <value>2023-07-24 18:41:06.069458</value>
                </Data>
                <Data name="book_id">
                    <value>3</value>
                </Data>
                <Data name="owners">
                    <value>Dr. Luis da Fonseca.
Maria Anunciacao Fernandes</value>
                </Data>
                <Data name="label_x">
                    <value>996822.0</value>
                </Data>
                <Data name="label_y">
                    <value>1017917.55672626</value>
                </Data>
            </ExtendedData>
            <Point id="93047">
                <coordinates>73.954981413,15.533744227,0.0</coordinates>
            </Point>
        </Placemark>
        <Placemark id="93081">
            <ExtendedData>
                <Data name="direction">
                    <value>https://maps.google.com?q=15.53259,73.94979&amp;t=h</value>
                </Data>
                <Data name="id">
                    <value>3530</value>
                </Data>
                <Data name="name">
                    <value>Vaikazon</value>
                </Data>
                <Data name="taluka">
                    <value>Tiswadi</value>
                </Data>
                <Data name="syno">
                    <value>133</value>
                </Data>
                <Data name="subdiv">
                    <value>23</value>
                </Data>
                <Data name="village">
                    <value>Jua</value>
                </Data>
                <Data name="latitude">
                    <value>15.53259</value>
                </Data>
                <Data name="longitude">
                    <value>73.94979</value>
                </Data>
                <Data name="photo_1">
                    <value>DCIM/20230505075738535.jpg</value>
                </Data>
                <Data name="photo_2">
                    <value>DCIM/20230505075741608.jpg</value>
                </Data>
                <Data name="syno_pt_list">
                    <value>133/22-24</value>
                </Data>
                <Data name="constituency">
                    <value>15 - Cumbarjua</value>
                </Data>
                <Data name="status">
                    <value>Completed</value>
                </Data>
                <Data name="panchayat">
                    <value>St. Estevam</value>
                </Data>
                <Data name="wb_type">
                    <value>Pond</value>
                </Data>
                <Data name="owner_type">
                    <value>Communidade</value>
                </Data>
                <Data name="purpose">
                    <value>Storage</value>
                </Data>
                <Data name="construction">
                    <value>Natural</value>
                </Data>
                <Data name="condition">
                    <value>Needs Maintenance</value>
                </Data>
                <Data name="print_order">
                    <value>012</value>
                </Data>
                <Data name="wb_id">
                    <value>Ti/Jua/17</value>
                </Data>
                <Data name="storage_capacity">
                    <value>88.0</value>
                </Data>
                <Data name="wb_surface_id">
                    <value>4575</value>
                </Data>
                <Data name="created_at">
                    <value>2020-12-05 08:40:27</value>
                </Data>
                <Data name="updated_at">
                    <value>2023-07-24 18:41:05.571276</value>
                </Data>
                <Data name="book_id">
                    <value>3</value>
                </Data>
                <Data name="owners">
                    <value>Communidade of Jua.</value>
                </Data>
                <Data name="label_x">
                    <value>996822.0</value>
                </Data>
                <Data name="label_y">
                    <value>1017417.55672626</value>
                </Data>
            </ExtendedData>
            <Point id="93080">
                <coordinates>73.949786654,15.53259146,0.0</coordinates>
            </Point>
        </Placemark>
        <Placemark id="93114">
            <ExtendedData>
                <Data name="direction">
                    <value>https://maps.google.com?q=15.5356,73.94813&amp;t=h</value>
                </Data>
                <Data name="id">
                    <value>3533</value>
                </Data>
                <Data name="name">
                    <value>Bela vista</value>
                </Data>
                <Data name="taluka">
                    <value>Tiswadi</value>
                </Data>
                <Data name="syno">
                    <value>28</value>
                </Data>
                <Data name="subdiv">
                    <value>19</value>
                </Data>
                <Data name="village">
                    <value>Jua</value>
                </Data>
                <Data name="latitude">
                    <value>15.5356</value>
                </Data>
                <Data name="longitude">
                    <value>73.94813</value>
                </Data>
                <Data name="photo_1">
                    <value>DCIM/20230505090524008.jpg</value>
                </Data>
                <Data name="photo_2">
                    <value>DCIM/20230505090548920.jpg</value>
                </Data>
                <Data name="syno_pt_list">
                    <value>28/19</value>
                </Data>
                <Data name="constituency">
                    <value>15 - Cumbarjua</value>
                </Data>
                <Data name="status">
                    <value>Completed</value>
                </Data>
                <Data name="panchayat">
                    <value>St. Estevam</value>
                </Data>
                <Data name="wb_type">
                    <value>Pond</value>
                </Data>
                <Data name="owner_type">
                    <value>Private</value>
                </Data>
                <Data name="purpose">
                    <value>Storage</value>
                </Data>
                <Data name="construction">
                    <value>Natural</value>
                </Data>
                <Data name="condition">
                    <value>Needs Maintenance</value>
                </Data>
                <Data name="print_order">
                    <value>018</value>
                </Data>
                <Data name="wb_id">
                    <value>Ti/Jua/23</value>
                </Data>
                <Data name="storage_capacity">
                    <value>69.0</value>
                </Data>
                <Data name="wb_surface_id">
                    <value>4581</value>
                </Data>
                <Data name="created_at">
                    <value>2020-12-05 08:40:27</value>
                </Data>
                <Data name="updated_at">
                    <value>2023-07-24 18:41:08.719829</value>
                </Data>
                <Data name="book_id">
                    <value>3</value>
                </Data>
                <Data name="owners">
                    <value>Ermelinda Monserate.</value>
                </Data>
                <Data name="label_x">
                    <value>996822.0</value>
                </Data>
                <Data name="label_y">
                    <value>1020667.55672626</value>
                </Data>
            </ExtendedData>
            <Point id="93113">
                <coordinates>73.948126569,15.535601028,0.0</coordinates>
            </Point>
        </Placemark>
        <Placemark id="93147">
            <ExtendedData>
                <Data name="direction">
                    <value>https://maps.google.com?q=15.52973,73.94803&amp;t=h</value>
                </Data>
                <Data name="id">
                    <value>3524</value>
                </Data>
                <Data name="name">
                    <value>Vaikazon</value>
                </Data>
                <Data name="taluka">
                    <value>Tiswadi</value>
                </Data>
                <Data name="syno">
                    <value>142</value>
                </Data>
                <Data name="subdiv">
                    <value>9</value>
                </Data>
                <Data name="village">
                    <value>Jua</value>
                </Data>
                <Data name="latitude">
                    <value>15.52973</value>
                </Data>
                <Data name="longitude">
                    <value>73.94803</value>
                </Data>
                <Data name="photo_1">
                    <value>DCIM/20230505075230982.jpg</value>
                </Data>
                <Data name="photo_2">
                    <value>DCIM/20230505075241626.jpg</value>
                </Data>
                <Data name="syno_pt_list">
                    <value>142/6,8-9</value>
                </Data>
                <Data name="constituency">
                    <value>15 - Cumbarjua</value>
                </Data>
                <Data name="status">
                    <value>Completed</value>
                </Data>
                <Data name="panchayat">
                    <value>St. Estevam</value>
                </Data>
                <Data name="wb_type">
                    <value>Pond</value>
                </Data>
                <Data name="owner_type">
                    <value>Communidade</value>
                </Data>
                <Data name="purpose">
                    <value>Storage</value>
                </Data>
                <Data name="construction">
                    <value>Natural</value>
                </Data>
                <Data name="condition">
                    <value>Needs Maintenance</value>
                </Data>
                <Data name="print_order">
                    <value>024</value>
                </Data>
                <Data name="wb_id">
                    <value>Ti/Jua/30</value>
                </Data>
                <Data name="storage_capacity">
                    <value>61.0</value>
                </Data>
                <Data name="wb_surface_id">
                    <value>4902</value>
                </Data>
                <Data name="created_at">
                    <value>2020-12-05 08:40:27</value>
                </Data>
                <Data name="updated_at">
                    <value>2023-07-24 18:41:03.224666</value>
                </Data>
                <Data name="book_id">
                    <value>3</value>
                </Data>
                <Data name="owners">
                    <value>Communidade of Jua.</value>
                </Data>
                <Data name="label_x">
                    <value>996822.0</value>
                </Data>
                <Data name="label_y">
                    <value>1015167.55672626</value>
                </Data>
            </ExtendedData>
            <Point id="93146">
                <coordinates>73.948026281,15.529732692,0.0</coordinates>
            </Point>
        </Placemark>
        <Placemark id="93180">
            <ExtendedData>
                <Data name="direction">
                    <value>https://maps.google.com?q=15.53595,73.94741&amp;t=h</value>
                </Data>
                <Data name="id">
                    <value>3518</value>
                </Data>
                <Data name="name">
                    <value>Primeiro Boilot</value>
                </Data>
                <Data name="taluka">
                    <value>Tiswadi</value>
                </Data>
                <Data name="syno">
                    <value>36</value>
                </Data>
                <Data name="subdiv">
                    <value>17</value>
                </Data>
                <Data name="village">
                    <value>Jua</value>
                </Data>
                <Data name="latitude">
                    <value>15.53595</value>
                </Data>
                <Data name="longitude">
                    <value>73.94741</value>
                </Data>
                <Data name="photo_1">
                    <value>DCIM/20230505085223048.jpg</value>
                </Data>
                <Data name="photo_2">
                    <value>DCIM/20230505085229640.jpg</value>
                </Data>
                <Data name="syno_pt_list">
                    <value>36/16-17,20</value>
                </Data>
                <Data name="constituency">
                    <value>15 - Cumbarjua</value>
                </Data>
                <Data name="status">
                    <value>Completed</value>
                </Data>
                <Data name="panchayat">
                    <value>St. Estevam</value>
                </Data>
                <Data name="wb_type">
                    <value>Tank</value>
                </Data>
                <Data name="owner_type">
                    <value>Communidade</value>
                </Data>
                <Data name="purpose">
                    <value>Storage</value>
                </Data>
                <Data name="construction">
                    <value>Natural</value>
                </Data>
                <Data name="condition">
                    <value>Needs Maintenance</value>
                </Data>
                <Data name="print_order">
                    <value>135</value>
                </Data>
                <Data name="wb_id">
                    <value>Ti/Jua/04</value>
                </Data>
                <Data name="storage_capacity">
                    <value>163.0</value>
                </Data>
                <Data name="wb_surface_id">
                    <value>4569</value>
                </Data>
                <Data name="created_at">
                    <value>2020-12-05 08:40:27</value>
                </Data>
                <Data name="updated_at">
                    <value>2023-07-24 18:41:09.643259</value>
                </Data>
                <Data name="book_id">
                    <value>3</value>
                </Data>
                <Data name="owners">
                    <value>Communidade of Jua.</value>
                </Data>
                <Data name="label_x">
                    <value>996822.0</value>
                </Data>
                <Data name="label_y">
                    <value>1021667.55672626</value>
                </Data>
            </ExtendedData>
            <Point id="93179">
                <coordinates>73.947413122,15.535948855,0.0</coordinates>
            </Point>
        </Placemark>
        <Placemark id="93213">
            <ExtendedData>
                <Data name="direction">
                    <value>https://maps.google.com?q=15.53335,73.95063&amp;t=h</value>
                </Data>
                <Data name="id">
                    <value>6178</value>
                </Data>
                <Data name="name">
                    <value>Vaikazan</value>
                </Data>
                <Data name="taluka">
                    <value>Tiswadi</value>
                </Data>
                <Data name="syno">
                    <value>133</value>
                </Data>
                <Data name="subdiv">
                    <value>14</value>
                </Data>
                <Data name="village">
                    <value>Jua</value>
                </Data>
                <Data name="latitude">
                    <value>15.53335</value>
                </Data>
                <Data name="longitude">
                    <value>73.95063</value>
                </Data>
                <Data name="photo_1">
                    <value>DCIM/20230505081020692.jpg</value>
                </Data>
                <Data name="photo_2">
                    <value>DCIM/20230505081048183.jpg</value>
                </Data>
                <Data name="constituency">
                    <value>15 - Cumbarjua</value>
                </Data>
                <Data name="status">
                    <value>Completed</value>
                </Data>
                <Data name="panchayat">
                    <value>St. Estevam</value>
                </Data>
                <Data name="wb_type">
                    <value>Pond</value>
                </Data>
                <Data name="owner_type">
                    <value>Communidade</value>
                </Data>
                <Data name="purpose">
                    <value>Storage</value>
                </Data>
                <Data name="construction">
                    <value>Natural</value>
                </Data>
                <Data name="condition">
                    <value>Needs Maintenance</value>
                </Data>
                <Data name="print_order">
                    <value>028</value>
                </Data>
                <Data name="wb_id">
                    <value>Ti/Jua/34</value>
                </Data>
                <Data name="storage_capacity">
                    <value>36.0</value>
                </Data>
                <Data name="wb_surface_id">
                    <value>5610</value>
                </Data>
                <Data name="created_at">
                    <value>2023-05-05 00:00:00</value>
                </Data>
                <Data name="updated_at">
                    <value>2023-07-24 18:41:06.906781</value>
                </Data>
                <Data name="book_id">
                    <value>3</value>
                </Data>
                <Data name="owners">
                    <value>Communidade of Jua.</value>
                </Data>
                <Data name="label_x">
                    <value>996822.0</value>
                </Data>
                <Data name="label_y">
                    <value>1018667.55672626</value>
                </Data>
            </ExtendedData>
            <Point id="93212">
                <coordinates>73.950627419,15.533349074,0.0</coordinates>
            </Point>
        </Placemark>
        <Placemark id="93245">
            <ExtendedData>
                <Data name="direction">
                    <value>https://maps.google.com?q=15.53315,73.95019&amp;t=h</value>
                </Data>
                <Data name="id">
                    <value>6180</value>
                </Data>
                <Data name="name">
                    <value>Vaikajan,Vaikajon</value>
                </Data>
                <Data name="taluka">
                    <value>Tiswadi</value>
                </Data>
                <Data name="syno">
                    <value>133</value>
                </Data>
                <Data name="subdiv">
                    <value>3,4</value>
                </Data>
                <Data name="village">
                    <value>Jua</value>
                </Data>
                <Data name="latitude">
                    <value>15.53315</value>
                </Data>
                <Data name="longitude">
                    <value>73.95019</value>
                </Data>
                <Data name="photo_1">
                    <value>DCIM/20230505081247405.jpg</value>
                </Data>
                <Data name="photo_2">
                    <value>DCIM/20230505081301965.jpg</value>
                </Data>
                <Data name="constituency">
                    <value>15 - Cumbarjua</value>
                </Data>
                <Data name="status">
                    <value>Completed</value>
                </Data>
                <Data name="panchayat">
                    <value>St. Estevam</value>
                </Data>
                <Data name="wb_type">
                    <value>Pond</value>
                </Data>
                <Data name="owner_type">
                    <value>Communidade / Pvt</value>
                </Data>
                <Data name="purpose">
                    <value>Storage</value>
                </Data>
                <Data name="construction">
                    <value>Natural</value>
                </Data>
                <Data name="condition">
                    <value>Needs Maintenance</value>
                </Data>
                <Data name="print_order">
                    <value>027</value>
                </Data>
                <Data name="wb_id">
                    <value>Ti/Jua/33</value>
                </Data>
                <Data name="storage_capacity">
                    <value>37.0</value>
                </Data>
                <Data name="wb_surface_id">
                    <value>5609</value>
                </Data>
                <Data name="created_at">
                    <value>2023-05-05 00:00:00</value>
                </Data>
                <Data name="updated_at">
                    <value>2023-07-24 18:41:07.218798</value>
                </Data>
                <Data name="book_id">
                    <value>3</value>
                </Data>
                <Data name="owners">
                    <value>Communidade of Jua.
Maria Regina Fernandes.
Maria Salvina Madalena Menezes</value>
                </Data>
                <Data name="label_x">
                    <value>996822.0</value>
                </Data>
                <Data name="label_y">
                    <value>1018917.55672626</value>
                </Data>
            </ExtendedData>
            <Point id="93244">
                <coordinates>73.950186067,15.533148342,0.0</coordinates>
            </Point>
        </Placemark>
        <Placemark id="93277">
            <ExtendedData>
                <Data name="direction">
                    <value>https://maps.google.com?q=15.53396,73.9429&amp;t=h</value>
                </Data>
                <Data name="id">
                    <value>3505</value>
                </Data>
                <Data name="name">
                    <value>Targen</value>
                </Data>
                <Data name="taluka">
                    <value>Tiswadi</value>
                </Data>
                <Data name="syno">
                    <value>15</value>
                </Data>
                <Data name="subdiv">
                    <value>11</value>
                </Data>
                <Data name="village">
                    <value>Jua</value>
                </Data>
                <Data name="latitude">
                    <value>15.53396</value>
                </Data>
                <Data name="longitude">
                    <value>73.9429</value>
                </Data>
                <Data name="photo_1">
                    <value>DCIM/20230505084301918.jpg</value>
                </Data>
                <Data name="photo_2">
                    <value>DCIM/20230505084307513.jpg</value>
                </Data>
                <Data name="syno_pt_list">
                    <value>15/10-11</value>
                </Data>
                <Data name="constituency">
                    <value>15 - Cumbarjua</value>
                </Data>
                <Data name="status">
                    <value>Completed</value>
                </Data>
                <Data name="panchayat">
                    <value>St. Estevam</value>
                </Data>
                <Data name="wb_type">
                    <value>Pond</value>
                </Data>
                <Data name="owner_type">
                    <value>Communidade</value>
                </Data>
                <Data name="purpose">
                    <value>Irrigation</value>
                </Data>
                <Data name="construction">
                    <value>Natural</value>
                </Data>
                <Data name="condition">
                    <value>Needs Maintenance</value>
                </Data>
                <Data name="print_order">
                    <value>007</value>
                </Data>
                <Data name="wb_id">
                    <value>Ti/Jua/12</value>
                </Data>
                <Data name="storage_capacity">
                    <value>106.0</value>
                </Data>
                <Data name="wb_surface_id">
                    <value>4588</value>
                </Data>
                <Data name="created_at">
                    <value>2020-12-05 08:40:27</value>
                </Data>
                <Data name="updated_at">
                    <value>2023-07-24 18:41:03.728686</value>
                </Data>
                <Data name="book_id">
                    <value>3</value>
                </Data>
                <Data name="owners">
                    <value>Communidade of Jua.</value>
                </Data>
                <Data name="label_x">
                    <value>996822.0</value>
                </Data>
                <Data name="label_y">
                    <value>1015667.55672626</value>
                </Data>
            </ExtendedData>
            <Point id="93276">
                <coordinates>73.942904098,15.533957347,0.0</coordinates>
            </Point>
        </Placemark>
        <Placemark id="93310">
            <ExtendedData>
                <Data name="direction">
                    <value>https://maps.google.com?q=15.53526,73.9472&amp;t=h</value>
                </Data>
                <Data name="id">
                    <value>3639</value>
                </Data>
                <Data name="name">
                    <value>Primeiro Boilot</value>
                </Data>
                <Data name="taluka">
                    <value>Tiswadi</value>
                </Data>
                <Data name="syno">
                    <value>36</value>
                </Data>
                <Data name="subdiv">
                    <value>38</value>
                </Data>
                <Data name="village">
                    <value>Jua</value>
                </Data>
                <Data name="latitude">
                    <value>15.53526</value>
                </Data>
                <Data name="longitude">
                    <value>73.9472</value>
                </Data>
                <Data name="photo_1">
                    <value>DCIM/20230505085322677.jpg</value>
                </Data>
                <Data name="photo_2">
                    <value>DCIM/20230505085334654.jpg</value>
                </Data>
                <Data name="syno_pt_list">
                    <value>36/34,36,38</value>
                </Data>
                <Data name="constituency">
                    <value>15 - Cumbarjua</value>
                </Data>
                <Data name="status">
                    <value>Completed</value>
                </Data>
                <Data name="panchayat">
                    <value>St. Estevam</value>
                </Data>
                <Data name="wb_type">
                    <value>Pond</value>
                </Data>
                <Data name="owner_type">
                    <value>Communidade</value>
                </Data>
                <Data name="purpose">
                    <value>Storage</value>
                </Data>
                <Data name="construction">
                    <value>Natural</value>
                </Data>
                <Data name="condition">
                    <value>Needs Maintenance</value>
                </Data>
                <Data name="print_order">
                    <value>010</value>
                </Data>
                <Data name="wb_id">
                    <value>Ti/Jua/15</value>
                </Data>
                <Data name="storage_capacity">
                    <value>96.0</value>
                </Data>
                <Data name="wb_surface_id">
                    <value>4572</value>
                </Data>
                <Data name="created_at">
                    <value>2020-12-05 08:40:27</value>
                </Data>
                <Data name="updated_at">
                    <value>2023-07-24 18:41:09.130183</value>
                </Data>
                <Data name="book_id">
                    <value>3</value>
                </Data>
                <Data name="owners">
                    <value>Communidade of Jua.</value>
                </Data>
                <Data name="label_x">
                    <value>996822.0</value>
                </Data>
                <Data name="label_y">
                    <value>1021167.55672626</value>
                </Data>
            </ExtendedData>
            <Point id="93309">
                <coordinates>73.947197361,15.535261446,0.0</coordinates>
            </Point>
        </Placemark>
        <Placemark id="93343">
            <ExtendedData>
                <Data name="direction">
                    <value>https://maps.google.com?q=15.53451,73.94363&amp;t=h</value>
                </Data>
                <Data name="id">
                    <value>3510</value>
                </Data>
                <Data name="name">
                    <value>Vao</value>
                </Data>
                <Data name="taluka">
                    <value>Tiswadi</value>
                </Data>
                <Data name="syno">
                    <value>40</value>
                </Data>
                <Data name="subdiv">
                    <value>6</value>
                </Data>
                <Data name="village">
                    <value>Jua</value>
                </Data>
                <Data name="latitude">
                    <value>15.53451</value>
                </Data>
                <Data name="longitude">
                    <value>73.94363</value>
                </Data>
                <Data name="photo_1">
                    <value>DCIM/20230505084555786.jpg</value>
                </Data>
                <Data name="photo_2">
                    <value>DCIM/20230505084621680.jpg</value>
                </Data>
                <Data name="syno_pt_list">
                    <value>40/5-6</value>
                </Data>
                <Data name="constituency">
                    <value>15 - Cumbarjua</value>
                </Data>
                <Data name="status">
                    <value>Completed</value>
                </Data>
                <Data name="panchayat">
                    <value>St. Estevam</value>
                </Data>
                <Data name="wb_type">
                    <value>Pond</value>
                </Data>
                <Data name="owner_type">
                    <value>Communidade</value>
                </Data>
                <Data name="purpose">
                    <value>Storage</value>
                </Data>
                <Data name="construction">
                    <value>Natural</value>
                </Data>
                <Data name="condition">
                    <value>Dry</value>
                </Data>
                <Data name="print_order">
                    <value>016</value>
                </Data>
                <Data name="wb_id">
                    <value>Ti/Jua/21</value>
                </Data>
                <Data name="storage_capacity">
                    <value>76.0</value>
                </Data>
                <Data name="wb_surface_id">
                    <value>4586</value>
                </Data>
                <Data name="created_at">
                    <value>2020-12-05 08:40:27</value>
                </Data>
                <Data name="updated_at">
                    <value>2023-07-24 18:41:10.050789</value>
                </Data>
                <Data name="book_id">
                    <value>3</value>
                </Data>
                <Data name="owners">
                    <value>Communidade of Jua</value>
                </Data>
                <Data name="label_x">
                    <value>996822.0</value>
                </Data>
                <Data name="label_y">
                    <value>1022167.55672626</value>
                </Data>
            </ExtendedData>
            <Point id="93342">
                <coordinates>73.943633138,15.534510075,0.0</coordinates>
            </Point>
        </Placemark>
        <Placemark id="93376">
            <ExtendedData>
                <Data name="direction">
                    <value>https://maps.google.com?q=15.53171,73.95003&amp;t=h</value>
                </Data>
                <Data name="id">
                    <value>3529</value>
                </Data>
                <Data name="name">
                    <value>Dongri</value>
                </Data>
                <Data name="taluka">
                    <value>Tiswadi</value>
                </Data>
                <Data name="syno">
                    <value>133</value>
                </Data>
                <Data name="subdiv">
                    <value>31</value>
                </Data>
                <Data name="village">
                    <value>Jua</value>
                </Data>
                <Data name="latitude">
                    <value>15.53171</value>
                </Data>
                <Data name="longitude">
                    <value>73.95003</value>
                </Data>
                <Data name="photo_1">
                    <value>DCIM/20230505075656953.jpg</value>
                </Data>
                <Data name="photo_2">
                    <value>DCIM/20230505075701820.jpg</value>
                </Data>
                <Data name="syno_pt_list">
                    <value>133/30-31</value>
                </Data>
                <Data name="constituency">
                    <value>15 - Cumbarjua</value>
                </Data>
                <Data name="status">
                    <value>Completed</value>
                </Data>
                <Data name="panchayat">
                    <value>St. Estevam</value>
                </Data>
                <Data name="wb_type">
                    <value>Pond</value>
                </Data>
                <Data name="owner_type">
                    <value>Communidade</value>
                </Data>
                <Data name="purpose">
                    <value>Storage</value>
                </Data>
                <Data name="construction">
                    <value>Natural</value>
                </Data>
                <Data name="condition">
                    <value>Good</value>
                </Data>
                <Data name="print_order">
                    <value>022</value>
                </Data>
                <Data name="wb_id">
                    <value>Ti/Jua/28</value>
                </Data>
                <Data name="storage_capacity">
                    <value>64.0</value>
                </Data>
                <Data name="wb_surface_id">
                    <value>4577</value>
                </Data>
                <Data name="created_at">
                    <value>2020-12-05 08:40:27</value>
                </Data>
                <Data name="updated_at">
                    <value>2023-07-24 18:41:05.287173</value>
                </Data>
                <Data name="book_id">
                    <value>3</value>
                </Data>
                <Data name="owners">
                    <value>Communidade of Jua.</value>
                </Data>
                <Data name="label_x">
                    <value>996822.0</value>
                </Data>
                <Data name="label_y">
                    <value>1017167.55672626</value>
                </Data>
            </ExtendedData>
            <Point id="93375">
                <coordinates>73.950028717,15.53171211,0.0</coordinates>
            </Point>
        </Placemark>
        <Placemark id="93409">
            <ExtendedData>
                <Data name="direction">
                    <value>https://maps.google.com?q=15.53695,73.94727&amp;t=h</value>
                </Data>
                <Data name="id">
                    <value>3517</value>
                </Data>
                <Data name="name">
                    <value>Tolpicho Boilat</value>
                </Data>
                <Data name="taluka">
                    <value>Tiswadi</value>
                </Data>
                <Data name="syno">
                    <value>35</value>
                </Data>
                <Data name="subdiv">
                    <value>20</value>
                </Data>
                <Data name="village">
                    <value>Jua</value>
                </Data>
                <Data name="latitude">
                    <value>15.53695</value>
                </Data>
                <Data name="longitude">
                    <value>73.94727</value>
                </Data>
                <Data name="photo_1">
                    <value>DCIM/20230505085118963.jpg</value>
                </Data>
                <Data name="photo_2">
                    <value>DCIM/20230505085126034.jpg</value>
                </Data>
                <Data name="syno_pt_list">
                    <value>35/15,19-20</value>
                </Data>
                <Data name="constituency">
                    <value>15 - Cumbarjua</value>
                </Data>
                <Data name="status">
                    <value>Completed</value>
                </Data>
                <Data name="panchayat">
                    <value>St. Estevam</value>
                </Data>
                <Data name="wb_type">
                    <value>Tank</value>
                </Data>
                <Data name="owner_type">
                    <value>Communidade</value>
                </Data>
                <Data name="purpose">
                    <value>Storage</value>
                </Data>
                <Data name="construction">
                    <value>Natural</value>
                </Data>
                <Data name="condition">
                    <value>Needs Maintenance</value>
                </Data>
                <Data name="print_order">
                    <value>138</value>
                </Data>
                <Data name="wb_id">
                    <value>Ti/Jua/07</value>
                </Data>
                <Data name="storage_capacity">
                    <value>128.0</value>
                </Data>
                <Data name="wb_surface_id">
                    <value>4568</value>
                </Data>
                <Data name="created_at">
                    <value>2020-12-05 08:40:27</value>
                </Data>
                <Data name="updated_at">
                    <value>2023-07-24 18:41:09.846634</value>
                </Data>
                <Data name="book_id">
                    <value>3</value>
                </Data>
                <Data name="owners">
                    <value>Communidade of Jua.</value>
                </Data>
                <Data name="label_x">
                    <value>996822.0</value>
                </Data>
                <Data name="label_y">
                    <value>1021917.55672626</value>
                </Data>
            </ExtendedData>
            <Point id="93408">
                <coordinates>73.947266015,15.536953198,0.0</coordinates>
            </Point>
        </Placemark>
        <Placemark id="93442">
            <ExtendedData>
                <Data name="direction">
                    <value>https://maps.google.com?q=15.53289,73.95282&amp;t=h</value>
                </Data>
                <Data name="id">
                    <value>3513</value>
                </Data>
                <Data name="name">
                    <value>Vaikazon</value>
                </Data>
                <Data name="taluka">
                    <value>Tiswadi</value>
                </Data>
                <Data name="syno">
                    <value>145</value>
                </Data>
                <Data name="subdiv">
                    <value>4</value>
                </Data>
                <Data name="village">
                    <value>Jua</value>
                </Data>
                <Data name="latitude">
                    <value>15.53289</value>
                </Data>
                <Data name="longitude">
                    <value>73.95282</value>
                </Data>
                <Data name="photo_1">
                    <value>DCIM/20230505075925142.jpg</value>
                </Data>
                <Data name="photo_2">
                    <value>DCIM/20230505075929728.jpg</value>
                </Data>
                <Data name="syno_pt_list">
                    <value>145/4-5,10</value>
                </Data>
                <Data name="constituency">
                    <value>15 - Cumbarjua</value>
                </Data>
                <Data name="status">
                    <value>Completed</value>
                </Data>
                <Data name="panchayat">
                    <value>St. Estevam</value>
                </Data>
                <Data name="wb_type">
                    <value>Tank</value>
                </Data>
                <Data name="owner_type">
                    <value>Communidade</value>
                </Data>
                <Data name="purpose">
                    <value>Storage</value>
                </Data>
                <Data name="construction">
                    <value>Natural/Man Made</value>
                </Data>
                <Data name="condition">
                    <value>Needs Maintenance</value>
                </Data>
                <Data name="print_order">
                    <value>134</value>
                </Data>
                <Data name="wb_id">
                    <value>Ti/Jua/03</value>
                </Data>
                <Data name="storage_capacity">
                    <value>166.0</value>
                </Data>
                <Data name="wb_surface_id">
                    <value>4593</value>
                </Data>
                <Data name="created_at">
                    <value>2020-12-05 08:40:27</value>
                </Data>
                <Data name="updated_at">
                    <value>2023-07-24 18:41:05.775328</value>
                </Data>
                <Data name="book_id">
                    <value>3</value>
                </Data>
                <Data name="owners">
                    <value>Communidade of Jua.</value>
                </Data>
                <Data name="label_x">
                    <value>996822.0</value>
                </Data>
                <Data name="label_y">
                    <value>1017667.55672626</value>
                </Data>
            </ExtendedData>
            <Point id="93441">
                <coordinates>73.952820306,15.532890723,0.0</coordinates>
            </Point>
        </Placemark>
        <Placemark id="93475">
            <ExtendedData>
                <Data name="direction">
                    <value>https://maps.google.com?q=15.53106,73.94877&amp;t=h</value>
                </Data>
                <Data name="id">
                    <value>3526</value>
                </Data>
                <Data name="name">
                    <value>Vaikazon</value>
                </Data>
                <Data name="taluka">
                    <value>Tiswadi</value>
                </Data>
                <Data name="syno">
                    <value>143</value>
                </Data>
                <Data name="subdiv">
                    <value>9</value>
                </Data>
                <Data name="village">
                    <value>Jua</value>
                </Data>
                <Data name="latitude">
                    <value>15.53106</value>
                </Data>
                <Data name="longitude">
                    <value>73.94877</value>
                </Data>
                <Data name="photo_1">
                    <value>DCIM/20230505075442073.jpg</value>
                </Data>
                <Data name="photo_2">
                    <value>DCIM/20230505075447453.jpg</value>
                </Data>
                <Data name="syno_pt_list">
                    <value>143/1,9</value>
                </Data>
                <Data name="constituency">
                    <value>15 - Cumbarjua</value>
                </Data>
                <Data name="status">
                    <value>Completed</value>
                </Data>
                <Data name="panchayat">
                    <value>St. Estevam</value>
                </Data>
                <Data name="wb_type">
                    <value>Pond</value>
                </Data>
                <Data name="owner_type">
                    <value>Communidade</value>
                </Data>
                <Data name="purpose">
                    <value>Storage</value>
                </Data>
                <Data name="construction">
                    <value>Natural</value>
                </Data>
                <Data name="condition">
                    <value>Needs Maintenance</value>
                </Data>
                <Data name="print_order">
                    <value>013</value>
                </Data>
                <Data name="wb_id">
                    <value>Ti/Jua/18</value>
                </Data>
                <Data name="storage_capacity">
                    <value>85.0</value>
                </Data>
                <Data name="wb_surface_id">
                    <value>4580</value>
                </Data>
                <Data name="created_at">
                    <value>2020-12-05 08:40:27</value>
                </Data>
                <Data name="updated_at">
                    <value>2023-07-24 18:41:04.238414</value>
                </Data>
                <Data name="book_id">
                    <value>3</value>
                </Data>
                <Data name="owners">
                    <value>Communidade of Jua.</value>
                </Data>
                <Data name="label_x">
                    <value>996822.0</value>
                </Data>
                <Data name="label_y">
                    <value>1016167.55672626</value>
                </Data>
            </ExtendedData>
            <Point id="93474">
                <coordinates>73.948769427,15.531062081,0.0</coordinates>
            </Point>
        </Placemark>
        <Placemark id="93508">
            <ExtendedData>
                <Data name="direction">
                    <value>https://maps.google.com?q=15.53138,73.94895&amp;t=h</value>
                </Data>
                <Data name="id">
                    <value>3527</value>
                </Data>
                <Data name="name">
                    <value>Vaikazon</value>
                </Data>
                <Data name="taluka">
                    <value>Tiswadi</value>
                </Data>
                <Data name="syno">
                    <value>143</value>
                </Data>
                <Data name="subdiv">
                    <value>8</value>
                </Data>
                <Data name="village">
                    <value>Jua</value>
                </Data>
                <Data name="latitude">
                    <value>15.53138</value>
                </Data>
                <Data name="longitude">
                    <value>73.94895</value>
                </Data>
                <Data name="photo_1">
                    <value>DCIM/20230505075514060.jpg</value>
                </Data>
                <Data name="photo_2">
                    <value>DCIM/20230505075520893.jpg</value>
                </Data>
                <Data name="syno_pt_list">
                    <value>143/2,8</value>
                </Data>
                <Data name="constituency">
                    <value>15 - Cumbarjua</value>
                </Data>
                <Data name="status">
                    <value>Completed</value>
                </Data>
                <Data name="panchayat">
                    <value>St. Estevam</value>
                </Data>
                <Data name="wb_type">
                    <value>Pond</value>
                </Data>
                <Data name="owner_type">
                    <value>Communidade</value>
                </Data>
                <Data name="purpose">
                    <value>Storage</value>
                </Data>
                <Data name="construction">
                    <value>Natural</value>
                </Data>
                <Data name="condition">
                    <value>Needs Maintenance</value>
                </Data>
                <Data name="print_order">
                    <value>014</value>
                </Data>
                <Data name="wb_id">
                    <value>Ti/Jua/19</value>
                </Data>
                <Data name="storage_capacity">
                    <value>78.0</value>
                </Data>
                <Data name="wb_surface_id">
                    <value>4579</value>
                </Data>
                <Data name="created_at">
                    <value>2020-12-05 08:40:27</value>
                </Data>
                <Data name="updated_at">
                    <value>2023-07-24 18:41:04.958533</value>
                </Data>
                <Data name="book_id">
                    <value>3</value>
                </Data>
                <Data name="owners">
                    <value>Communidade of Jua.</value>
                </Data>
                <Data name="label_x">
                    <value>996822.0</value>
                </Data>
                <Data name="label_y">
                    <value>1016917.55672626</value>
                </Data>
            </ExtendedData>
            <Point id="93507">
                <coordinates>73.948946971,15.531377321,0.0</coordinates>
            </Point>
        </Placemark>
        <Placemark id="93541">
            <ExtendedData>
                <Data name="direction">
                    <value>https://maps.google.com?q=15.53509,73.94377&amp;t=h</value>
                </Data>
                <Data name="id">
                    <value>3508</value>
                </Data>
                <Data name="name">
                    <value>Vao</value>
                </Data>
                <Data name="taluka">
                    <value>Tiswadi</value>
                </Data>
                <Data name="syno">
                    <value>40</value>
                </Data>
                <Data name="subdiv">
                    <value>3</value>
                </Data>
                <Data name="village">
                    <value>Jua</value>
                </Data>
                <Data name="latitude">
                    <value>15.53509</value>
                </Data>
                <Data name="longitude">
                    <value>73.94377</value>
                </Data>
                <Data name="photo_1">
                    <value>DCIM/20230505084636610.jpg</value>
                </Data>
                <Data name="photo_2">
                    <value>DCIM/20230505084642813.jpg</value>
                </Data>
                <Data name="syno_pt_list">
                    <value>40/2-3</value>
                </Data>
                <Data name="constituency">
                    <value>15 - Cumbarjua</value>
                </Data>
                <Data name="status">
                    <value>Completed</value>
                </Data>
                <Data name="panchayat">
                    <value>St. Estevam</value>
                </Data>
                <Data name="wb_type">
                    <value>Pond</value>
                </Data>
                <Data name="owner_type">
                    <value>Communidade</value>
                </Data>
                <Data name="purpose">
                    <value>Storage</value>
                </Data>
                <Data name="construction">
                    <value>Natural</value>
                </Data>
                <Data name="condition">
                    <value>Needs Maintenance</value>
                </Data>
                <Data name="print_order">
                    <value>005</value>
                </Data>
                <Data name="wb_id">
                    <value>Ti/Jua/10</value>
                </Data>
                <Data name="storage_capacity">
                    <value>112.0</value>
                </Data>
                <Data name="wb_surface_id">
                    <value>4585</value>
                </Data>
                <Data name="created_at">
                    <value>2020-12-05 08:40:27</value>
                </Data>
                <Data name="updated_at">
                    <value>2023-07-24 18:41:10.259429</value>
                </Data>
                <Data name="book_id">
                    <value>3</value>
                </Data>
                <Data name="owners">
                    <value>Communidade of Jua</value>
                </Data>
                <Data name="label_x">
                    <value>996822.0</value>
                </Data>
                <Data name="label_y">
                    <value>1022417.55672626</value>
                </Data>
            </ExtendedData>
            <Point id="93540">
                <coordinates>73.943774112,15.535092204,0.0</coordinates>
            </Point>
        </Placemark>
        <Placemark id="93574">
            <ExtendedData>
                <Data name="direction">
                    <value>https://maps.google.com?q=15.53389,73.94756&amp;t=h</value>
                </Data>
                <Data name="id">
                    <value>3511</value>
                </Data>
                <Data name="name">
                    <value>Vao Painin</value>
                </Data>
                <Data name="taluka">
                    <value>Tiswadi</value>
                </Data>
                <Data name="syno">
                    <value>38</value>
                </Data>
                <Data name="subdiv">
                    <value>14</value>
                </Data>
                <Data name="village">
                    <value>Jua</value>
                </Data>
                <Data name="latitude">
                    <value>15.53389</value>
                </Data>
                <Data name="longitude">
                    <value>73.94756</value>
                </Data>
                <Data name="photo_1">
                    <value>DCIM/20230505085800923.jpg</value>
                </Data>
                <Data name="photo_2">
                    <value>DCIM/20230505085807076.jpg</value>
                </Data>
                <Data name="syno_pt_list">
                    <value>38/11,14</value>
                </Data>
                <Data name="constituency">
                    <value>15 - Cumbarjua</value>
                </Data>
                <Data name="status">
                    <value>Completed</value>
                </Data>
                <Data name="panchayat">
                    <value>St. Estevam</value>
                </Data>
                <Data name="wb_type">
                    <value>Tank</value>
                </Data>
                <Data name="owner_type">
                    <value>Communidade</value>
                </Data>
                <Data name="purpose">
                    <value>Irrigation</value>
                </Data>
                <Data name="construction">
                    <value>Natural/Man Made</value>
                </Data>
                <Data name="condition">
                    <value>Good</value>
                </Data>
                <Data name="print_order">
                    <value>136</value>
                </Data>
                <Data name="wb_id">
                    <value>Ti/Jua/05</value>
                </Data>
                <Data name="storage_capacity">
                    <value>158.0</value>
                </Data>
                <Data name="wb_surface_id">
                    <value>4574</value>
                </Data>
                <Data name="created_at">
                    <value>2020-12-05 08:40:27</value>
                </Data>
                <Data name="updated_at">
                    <value>2023-07-24 18:41:07.603010</value>
                </Data>
                <Data name="book_id">
                    <value>3</value>
                </Data>
                <Data name="owners">
                    <value>Communidade of Jua</value>
                </Data>
                <Data name="label_x">
                    <value>996822.0</value>
                </Data>
                <Data name="label_y">
                    <value>1019417.55672626</value>
                </Data>
            </ExtendedData>
            <Point id="93573">
                <coordinates>73.94755713,15.533889922,0.0</coordinates>
            </Point>
        </Placemark>
        <Placemark id="93607">
            <ExtendedData>
                <Data name="direction">
                    <value>https://maps.google.com?q=15.53552,73.94364&amp;t=h</value>
                </Data>
                <Data name="id">
                    <value>3507</value>
                </Data>
                <Data name="name">
                    <value>Agodi</value>
                </Data>
                <Data name="taluka">
                    <value>Tiswadi</value>
                </Data>
                <Data name="syno">
                    <value>42</value>
                </Data>
                <Data name="subdiv">
                    <value>2</value>
                </Data>
                <Data name="village">
                    <value>Jua</value>
                </Data>
                <Data name="latitude">
                    <value>15.53552</value>
                </Data>
                <Data name="longitude">
                    <value>73.94364</value>
                </Data>
                <Data name="photo_1">
                    <value>DCIM/20230505084752051.jpg</value>
                </Data>
                <Data name="photo_2">
                    <value>DCIM/20230505084758316.jpg</value>
                </Data>
                <Data name="syno_pt_list">
                    <value>42/1-2</value>
                </Data>
                <Data name="constituency">
                    <value>15 - Cumbarjua</value>
                </Data>
                <Data name="status">
                    <value>Completed</value>
                </Data>
                <Data name="panchayat">
                    <value>St. Estevam</value>
                </Data>
                <Data name="wb_type">
                    <value>Pond</value>
                </Data>
                <Data name="owner_type">
                    <value>Communidade</value>
                </Data>
                <Data name="purpose">
                    <value>Storage</value>
                </Data>
                <Data name="construction">
                    <value>Natural</value>
                </Data>
                <Data name="condition">
                    <value>Dry</value>
                </Data>
                <Data name="print_order">
                    <value>015</value>
                </Data>
                <Data name="wb_id">
                    <value>Ti/Jua/20</value>
                </Data>
                <Data name="storage_capacity">
                    <value>76.0</value>
                </Data>
                <Data name="wb_surface_id">
                    <value>4584</value>
                </Data>
                <Data name="created_at">
                    <value>2020-12-05 08:40:27</value>
                </Data>
                <Data name="updated_at">
                    <value>2023-07-24 18:41:10.871607</value>
                </Data>
                <Data name="book_id">
                    <value>3</value>
                </Data>
                <Data name="owners">
                    <value>Communidade of Jua</value>
                </Data>
                <Data name="label_x">
                    <value>996822.0</value>
                </Data>
                <Data name="label_y">
                    <value>1023167.55672626</value>
                </Data>
            </ExtendedData>
            <Point id="93606">
                <coordinates>73.943639901,15.535520127,0.0</coordinates>
            </Point>
        </Placemark>
        <Placemark id="93640">
            <ExtendedData>
                <Data name="direction">
                    <value>https://maps.google.com?q=15.53115,73.95006&amp;t=h</value>
                </Data>
                <Data name="id">
                    <value>6177</value>
                </Data>
                <Data name="name">
                    <value>Vaikazon</value>
                </Data>
                <Data name="taluka">
                    <value>Tiswadi</value>
                </Data>
                <Data name="syno">
                    <value>143</value>
                </Data>
                <Data name="subdiv">
                    <value>5</value>
                </Data>
                <Data name="village">
                    <value>Jua</value>
                </Data>
                <Data name="latitude">
                    <value>15.53115</value>
                </Data>
                <Data name="longitude">
                    <value>73.95006</value>
                </Data>
                <Data name="photo_1">
                    <value>DCIM/20230505075628065.jpg</value>
                </Data>
                <Data name="photo_2">
                    <value>DCIM/20230505075631338.jpg</value>
                </Data>
                <Data name="constituency">
                    <value>15 - Cumbarjua</value>
                </Data>
                <Data name="status">
                    <value>Completed</value>
                </Data>
                <Data name="panchayat">
                    <value>St. Estevam</value>
                </Data>
                <Data name="wb_type">
                    <value>Pond</value>
                </Data>
                <Data name="owner_type">
                    <value>Communidade</value>
                </Data>
                <Data name="purpose">
                    <value>Storage</value>
                </Data>
                <Data name="construction">
                    <value>Natural</value>
                </Data>
                <Data name="condition">
                    <value>Needs Maintenance</value>
                </Data>
                <Data name="print_order">
                    <value>021</value>
                </Data>
                <Data name="wb_id">
                    <value>Ti/Jua/27</value>
                </Data>
                <Data name="storage_capacity">
                    <value>66.0</value>
                </Data>
                <Data name="wb_surface_id">
                    <value>5608</value>
                </Data>
                <Data name="created_at">
                    <value>2023-05-05 00:00:00</value>
                </Data>
                <Data name="updated_at">
                    <value>2023-07-24 18:41:04.724578</value>
                </Data>
                <Data name="book_id">
                    <value>3</value>
                </Data>
                <Data name="owners">
                    <value>Communidade of Jua.</value>
                </Data>
                <Data name="label_x">
                    <value>996822.0</value>
                </Data>
                <Data name="label_y">
                    <value>1016667.55672626</value>
                </Data>
            </ExtendedData>
            <Point id="93639">
                <coordinates>73.950058626,15.531154942,0.0</coordinates>
            </Point>
        </Placemark>
        <Placemark id="93672">
            <ExtendedData>
                <Data name="direction">
                    <value>https://maps.google.com?q=15.53287,73.95045&amp;t=h</value>
                </Data>
                <Data name="id">
                    <value>3532</value>
                </Data>
                <Data name="name">
                    <value>Dongri</value>
                </Data>
                <Data name="taluka">
                    <value>Tiswadi</value>
                </Data>
                <Data name="syno">
                    <value>133</value>
                </Data>
                <Data name="subdiv">
                    <value>34</value>
                </Data>
                <Data name="village">
                    <value>Jua</value>
                </Data>
                <Data name="latitude">
                    <value>15.53287</value>
                </Data>
                <Data name="longitude">
                    <value>73.95045</value>
                </Data>
                <Data name="photo_1">
                    <value>DCIM/20230505075823132.jpg</value>
                </Data>
                <Data name="photo_2">
                    <value>DCIM/20230505075827343.jpg</value>
                </Data>
                <Data name="syno_pt_list">
                    <value>133/5-6,32,34</value>
                </Data>
                <Data name="constituency">
                    <value>15 - Cumbarjua</value>
                </Data>
                <Data name="status">
                    <value>Completed</value>
                </Data>
                <Data name="panchayat">
                    <value>St. Estevam</value>
                </Data>
                <Data name="wb_type">
                    <value>Pond</value>
                </Data>
                <Data name="owner_type">
                    <value>Private</value>
                </Data>
                <Data name="purpose">
                    <value>Storage</value>
                </Data>
                <Data name="construction">
                    <value>Natural</value>
                </Data>
                <Data name="condition">
                    <value>Dry</value>
                </Data>
                <Data name="print_order">
                    <value>025</value>
                </Data>
                <Data name="wb_id">
                    <value>Ti/Jua/31</value>
                </Data>
                <Data name="storage_capacity">
                    <value>61.0</value>
                </Data>
                <Data name="wb_surface_id">
                    <value>4598</value>
                </Data>
                <Data name="created_at">
                    <value>2020-12-05 08:40:27</value>
                </Data>
                <Data name="updated_at">
                    <value>2023-07-24 18:41:06.695726</value>
                </Data>
                <Data name="book_id">
                    <value>3</value>
                </Data>
                <Data name="owners">
                    <value>Luis Bonaparto Alboim de Fonseca.</value>
                </Data>
                <Data name="label_x">
                    <value>996822.0</value>
                </Data>
                <Data name="label_y">
                    <value>1018417.55672626</value>
                </Data>
            </ExtendedData>
            <Point id="93671">
                <coordinates>73.950447213,15.532870427,0.0</coordinates>
            </Point>
        </Placemark>
        <Placemark id="93705">
            <ExtendedData>
                <Data name="direction">
                    <value>https://maps.google.com?q=15.53418,73.9469&amp;t=h</value>
                </Data>
                <Data name="id">
                    <value>3512</value>
                </Data>
                <Data name="name">
                    <value>Vao Painin</value>
                </Data>
                <Data name="taluka">
                    <value>Tiswadi</value>
                </Data>
                <Data name="syno">
                    <value>38</value>
                </Data>
                <Data name="subdiv">
                    <value>12</value>
                </Data>
                <Data name="village">
                    <value>Jua</value>
                </Data>
                <Data name="latitude">
                    <value>15.53418</value>
                </Data>
                <Data name="longitude">
                    <value>73.9469</value>
                </Data>
                <Data name="photo_1">
                    <value>DCIM/20230505085839451.jpg</value>
                </Data>
                <Data name="photo_2">
                    <value>DCIM/20230505085846119.jpg</value>
                </Data>
                <Data name="syno_pt_list">
                    <value>38/10-12</value>
                </Data>
                <Data name="constituency">
                    <value>15 - Cumbarjua</value>
                </Data>
                <Data name="status">
                    <value>Completed</value>
                </Data>
                <Data name="panchayat">
                    <value>St. Estevam</value>
                </Data>
                <Data name="wb_type">
                    <value>Pond</value>
                </Data>
                <Data name="owner_type">
                    <value>Communidade</value>
                </Data>
                <Data name="purpose">
                    <value>Irrigation</value>
                </Data>
                <Data name="construction">
                    <value>Natural</value>
                </Data>
                <Data name="condition">
                    <value>Needs Maintenance</value>
                </Data>
                <Data name="print_order">
                    <value>008</value>
                </Data>
                <Data name="wb_id">
                    <value>Ti/Jua/13</value>
                </Data>
                <Data name="storage_capacity">
                    <value>103.0</value>
                </Data>
                <Data name="wb_surface_id">
                    <value>4573</value>
                </Data>
                <Data name="created_at">
                    <value>2020-12-05 08:40:27</value>
                </Data>
                <Data name="updated_at">
                    <value>2023-07-24 18:41:08.429274</value>
                </Data>
                <Data name="book_id">
                    <value>3</value>
                </Data>
                <Data name="owners">
                    <value>Communidade of Jua</value>
                </Data>
                <Data name="label_x">
                    <value>996822.0</value>
                </Data>
                <Data name="label_y">
                    <value>1020417.55672626</value>
                </Data>
            </ExtendedData>
            <Point id="93704">
                <coordinates>73.946902875,15.534180445,0.0</coordinates>
            </Point>
        </Placemark>
    </Document>
</kml>
