<?xml version="1.0" encoding="UTF-8"?>
<kml xmlns="http://www.opengis.net/kml/2.2" xmlns:gx="http://www.google.com/kml/ext/2.2">
    <Document id="93738">
        <Placemark id="93740">
            <ExtendedData>
                <Data name="direction">
                    <value>https://maps.google.com?q=15.53112,73.91676&amp;t=h</value>
                </Data>
                <Data name="id">
                    <value>4836</value>
                </Data>
                <Data name="name">
                    <value>Deroid</value>
                </Data>
                <Data name="taluka">
                    <value>Tiswadi</value>
                </Data>
                <Data name="syno">
                    <value>197</value>
                </Data>
                <Data name="subdiv">
                    <value>4</value>
                </Data>
                <Data name="village">
                    <value>Malar</value>
                </Data>
                <Data name="latitude">
                    <value>15.53112</value>
                </Data>
                <Data name="longitude">
                    <value>73.91676</value>
                </Data>
                <Data name="photo_1">
                    <value>DCIM/20230502123704422.jpg</value>
                </Data>
                <Data name="photo_2">
                    <value>DCIM/20230502123714151.jpg</value>
                </Data>
                <Data name="syno_pt_list">
                    <value>197/4</value>
                </Data>
                <Data name="constituency">
                    <value>15 - Cumbarjua</value>
                </Data>
                <Data name="status">
                    <value>Completed</value>
                </Data>
                <Data name="panchayat">
                    <value>Sao Matias</value>
                </Data>
                <Data name="wb_type">
                    <value>Pond</value>
                </Data>
                <Data name="owner_type">
                    <value>Communidade</value>
                </Data>
                <Data name="purpose">
                    <value>Irrigation</value>
                </Data>
                <Data name="construction">
                    <value>Natural</value>
                </Data>
                <Data name="condition">
                    <value>Needs Maintenance</value>
                </Data>
                <Data name="print_order">
                    <value>060</value>
                </Data>
                <Data name="wb_id">
                    <value>Ti/Mala/37</value>
                </Data>
                <Data name="storage_capacity">
                    <value>80.0</value>
                </Data>
                <Data name="wb_surface_id">
                    <value>4469</value>
                </Data>
                <Data name="created_at">
                    <value>2022-05-03 05:28:59.750605</value>
                </Data>
                <Data name="updated_at">
                    <value>2023-07-24 15:13:05.150053</value>
                </Data>
                <Data name="book_id">
                    <value>3</value>
                </Data>
                <Data name="owners">
                    <value>Communidade of Malar</value>
                </Data>
                <Data name="label_x">
                    <value>976174.0</value>
                </Data>
                <Data name="label_y">
                    <value>1013206.0</value>
                </Data>
            </ExtendedData>
            <Point id="93739">
                <coordinates>73.916758777,15.531117009,0.0</coordinates>
            </Point>
        </Placemark>
        <Placemark id="93773">
            <ExtendedData>
                <Data name="direction">
                    <value>https://maps.google.com?q=15.52679,73.91027&amp;t=h</value>
                </Data>
                <Data name="id">
                    <value>4792</value>
                </Data>
                <Data name="name">
                    <value>--</value>
                </Data>
                <Data name="taluka">
                    <value>Tiswadi</value>
                </Data>
                <Data name="syno">
                    <value>79</value>
                </Data>
                <Data name="subdiv">
                    <value>4</value>
                </Data>
                <Data name="village">
                    <value>Malar</value>
                </Data>
                <Data name="latitude">
                    <value>15.52679</value>
                </Data>
                <Data name="longitude">
                    <value>73.91027</value>
                </Data>
                <Data name="photo_1">
                    <value>DCIM/20230502111059836.jpg</value>
                </Data>
                <Data name="photo_2">
                    <value>DCIM/20230502111133458.jpg</value>
                </Data>
                <Data name="syno_pt_list">
                    <value>79/4</value>
                </Data>
                <Data name="constituency">
                    <value>15 - Cumbarjua</value>
                </Data>
                <Data name="status">
                    <value>Completed</value>
                </Data>
                <Data name="panchayat">
                    <value>Sao Matias</value>
                </Data>
                <Data name="wb_type">
                    <value>Pond</value>
                </Data>
                <Data name="owner_type">
                    <value>Communidade</value>
                </Data>
                <Data name="purpose">
                    <value>Irrigation</value>
                </Data>
                <Data name="construction">
                    <value>Natural</value>
                </Data>
                <Data name="condition">
                    <value>Dry</value>
                </Data>
                <Data name="print_order">
                    <value>071</value>
                </Data>
                <Data name="wb_id">
                    <value>Ti/Mala/49</value>
                </Data>
                <Data name="storage_capacity">
                    <value>66.0</value>
                </Data>
                <Data name="wb_surface_id">
                    <value>4437</value>
                </Data>
                <Data name="created_at">
                    <value>2022-05-03 05:17:49.375882</value>
                </Data>
                <Data name="updated_at">
                    <value>2023-07-24 15:13:01.458486</value>
                </Data>
                <Data name="book_id">
                    <value>3</value>
                </Data>
                <Data name="owners">
                    <value>Communidade of Malar</value>
                </Data>
                <Data name="label_x">
                    <value>976174.0</value>
                </Data>
                <Data name="label_y">
                    <value>1007956.0</value>
                </Data>
            </ExtendedData>
            <Point id="93772">
                <coordinates>73.910273156,15.526790261,0.0</coordinates>
            </Point>
        </Placemark>
        <Placemark id="93806">
            <ExtendedData>
                <Data name="direction">
                    <value>https://maps.google.com?q=15.53302,73.91108&amp;t=h</value>
                </Data>
                <Data name="id">
                    <value>5585</value>
                </Data>
                <Data name="name">
                    <value>Acco</value>
                </Data>
                <Data name="taluka">
                    <value>Tiswadi</value>
                </Data>
                <Data name="syno">
                    <value>110</value>
                </Data>
                <Data name="subdiv">
                    <value>19</value>
                </Data>
                <Data name="village">
                    <value>Malar</value>
                </Data>
                <Data name="latitude">
                    <value>15.53302</value>
                </Data>
                <Data name="longitude">
                    <value>73.91108</value>
                </Data>
                <Data name="photo_1">
                    <value>DCIM/20230504085301156.jpg</value>
                </Data>
                <Data name="photo_2">
                    <value>DCIM/20230504085309618.jpg</value>
                </Data>
                <Data name="syno_pt_list">
                    <value>110/19</value>
                </Data>
                <Data name="constituency">
                    <value>15 - Cumbarjua</value>
                </Data>
                <Data name="status">
                    <value>Completed</value>
                </Data>
                <Data name="panchayat">
                    <value>Sao Matias</value>
                </Data>
                <Data name="wb_type">
                    <value>Pond</value>
                </Data>
                <Data name="owner_type">
                    <value>Communidade</value>
                </Data>
                <Data name="purpose">
                    <value>Irrigation</value>
                </Data>
                <Data name="construction">
                    <value>Natural/Man Made</value>
                </Data>
                <Data name="condition">
                    <value>Good</value>
                </Data>
                <Data name="print_order">
                    <value>072</value>
                </Data>
                <Data name="wb_id">
                    <value>Ti/Mala/50</value>
                </Data>
                <Data name="storage_capacity">
                    <value>65.0</value>
                </Data>
                <Data name="wb_surface_id">
                    <value>4484</value>
                </Data>
                <Data name="created_at">
                    <value>2022-08-17 03:51:08.797732</value>
                </Data>
                <Data name="updated_at">
                    <value>2023-07-24 15:13:09.698678</value>
                </Data>
                <Data name="book_id">
                    <value>3</value>
                </Data>
                <Data name="owners">
                    <value>Communidade of Malar</value>
                </Data>
                <Data name="label_x">
                    <value>976174.0</value>
                </Data>
                <Data name="label_y">
                    <value>1019956.0</value>
                </Data>
            </ExtendedData>
            <Point id="93805">
                <coordinates>73.911081851,15.533015055,0.0</coordinates>
            </Point>
        </Placemark>
        <Placemark id="93839">
            <ExtendedData>
                <Data name="direction">
                    <value>https://maps.google.com?q=15.53108,73.91539&amp;t=h</value>
                </Data>
                <Data name="id">
                    <value>5579</value>
                </Data>
                <Data name="name">
                    <value>--</value>
                </Data>
                <Data name="taluka">
                    <value>Tiswadi</value>
                </Data>
                <Data name="syno">
                    <value>201</value>
                </Data>
                <Data name="subdiv">
                    <value>7</value>
                </Data>
                <Data name="village">
                    <value>Malar</value>
                </Data>
                <Data name="latitude">
                    <value>15.53108</value>
                </Data>
                <Data name="longitude">
                    <value>73.91539</value>
                </Data>
                <Data name="photo_1">
                    <value>DCIM/20230502121651128.jpg</value>
                </Data>
                <Data name="photo_2">
                    <value>DCIM/20230502121702813.jpg</value>
                </Data>
                <Data name="syno_pt_list">
                    <value>197/1,7; 201/6-7</value>
                </Data>
                <Data name="constituency">
                    <value>15 - Cumbarjua</value>
                </Data>
                <Data name="status">
                    <value>Completed</value>
                </Data>
                <Data name="panchayat">
                    <value>Sao Matias</value>
                </Data>
                <Data name="wb_type">
                    <value>Pond</value>
                </Data>
                <Data name="owner_type">
                    <value>Communidade</value>
                </Data>
                <Data name="purpose">
                    <value>Irrigation</value>
                </Data>
                <Data name="construction">
                    <value>Natural</value>
                </Data>
                <Data name="condition">
                    <value>Dry</value>
                </Data>
                <Data name="print_order">
                    <value>051</value>
                </Data>
                <Data name="wb_id">
                    <value>Ti/Mala/27</value>
                </Data>
                <Data name="storage_capacity">
                    <value>94.0</value>
                </Data>
                <Data name="wb_surface_id">
                    <value>4452</value>
                </Data>
                <Data name="created_at">
                    <value>2022-08-16 03:10:10.705291</value>
                </Data>
                <Data name="updated_at">
                    <value>2023-07-24 15:13:06.827134</value>
                </Data>
                <Data name="book_id">
                    <value>3</value>
                </Data>
                <Data name="owners">
                    <value>Communidade of Malar</value>
                </Data>
                <Data name="label_x">
                    <value>976174.0</value>
                </Data>
                <Data name="label_y">
                    <value>1015706.0</value>
                </Data>
            </ExtendedData>
            <Point id="93838">
                <coordinates>73.915385986,15.53107902,0.0</coordinates>
            </Point>
        </Placemark>
        <Placemark id="93872">
            <ExtendedData>
                <Data name="direction">
                    <value>https://maps.google.com?q=15.52788,73.91086&amp;t=h</value>
                </Data>
                <Data name="id">
                    <value>6147</value>
                </Data>
                <Data name="name">
                    <value>Capuddi</value>
                </Data>
                <Data name="taluka">
                    <value>Tiswadi</value>
                </Data>
                <Data name="syno">
                    <value>80</value>
                </Data>
                <Data name="subdiv">
                    <value>4</value>
                </Data>
                <Data name="village">
                    <value>Malar</value>
                </Data>
                <Data name="latitude">
                    <value>15.52788</value>
                </Data>
                <Data name="longitude">
                    <value>73.91086</value>
                </Data>
                <Data name="photo_1">
                    <value>DCIM/20230502111813564.jpg</value>
                </Data>
                <Data name="photo_2">
                    <value>DCIM/20230502111823156.jpg</value>
                </Data>
                <Data name="constituency">
                    <value>15 - Cumbarjua</value>
                </Data>
                <Data name="status">
                    <value>Completed</value>
                </Data>
                <Data name="panchayat">
                    <value>Sao Matias</value>
                </Data>
                <Data name="wb_type">
                    <value>Tank</value>
                </Data>
                <Data name="owner_type">
                    <value>Communidade</value>
                </Data>
                <Data name="purpose">
                    <value>Storage</value>
                </Data>
                <Data name="construction">
                    <value>Natural/Man Made</value>
                </Data>
                <Data name="condition">
                    <value>Good</value>
                </Data>
                <Data name="print_order">
                    <value>147</value>
                </Data>
                <Data name="wb_id">
                    <value>Ti/Mala/36</value>
                </Data>
                <Data name="storage_capacity">
                    <value>82.0</value>
                </Data>
                <Data name="wb_surface_id">
                    <value>5631</value>
                </Data>
                <Data name="created_at">
                    <value>2023-05-02 00:00:00</value>
                </Data>
                <Data name="updated_at">
                    <value>2023-07-24 15:13:03.950502</value>
                </Data>
                <Data name="book_id">
                    <value>3</value>
                </Data>
                <Data name="owners">
                    <value>Communidade of Malar</value>
                </Data>
                <Data name="label_x">
                    <value>976174.0</value>
                </Data>
                <Data name="label_y">
                    <value>1011456.0</value>
                </Data>
            </ExtendedData>
            <Point id="93871">
                <coordinates>73.910856241,15.52788004,0.0</coordinates>
            </Point>
        </Placemark>
        <Placemark id="93904">
            <ExtendedData>
                <Data name="direction">
                    <value>https://maps.google.com?q=15.53095,73.91837&amp;t=h</value>
                </Data>
                <Data name="id">
                    <value>4841</value>
                </Data>
                <Data name="name">
                    <value>Deroid</value>
                </Data>
                <Data name="taluka">
                    <value>Tiswadi</value>
                </Data>
                <Data name="syno">
                    <value>195</value>
                </Data>
                <Data name="subdiv">
                    <value>2</value>
                </Data>
                <Data name="village">
                    <value>Malar</value>
                </Data>
                <Data name="latitude">
                    <value>15.53095</value>
                </Data>
                <Data name="longitude">
                    <value>73.91837</value>
                </Data>
                <Data name="photo_1">
                    <value>DCIM/20230502124315175.jpg</value>
                </Data>
                <Data name="photo_2">
                    <value>DCIM/20230502124331766.jpg</value>
                </Data>
                <Data name="syno_pt_list">
                    <value>195/2</value>
                </Data>
                <Data name="constituency">
                    <value>15 - Cumbarjua</value>
                </Data>
                <Data name="status">
                    <value>Completed</value>
                </Data>
                <Data name="panchayat">
                    <value>Sao Matias</value>
                </Data>
                <Data name="wb_type">
                    <value>Pond</value>
                </Data>
                <Data name="owner_type">
                    <value>Communidade</value>
                </Data>
                <Data name="purpose">
                    <value>Irrigation</value>
                </Data>
                <Data name="construction">
                    <value>Natural</value>
                </Data>
                <Data name="condition">
                    <value>Needs Maintenance</value>
                </Data>
                <Data name="print_order">
                    <value>075</value>
                </Data>
                <Data name="wb_id">
                    <value>Ti/Mala/54</value>
                </Data>
                <Data name="storage_capacity">
                    <value>59.0</value>
                </Data>
                <Data name="wb_surface_id">
                    <value>4473</value>
                </Data>
                <Data name="created_at">
                    <value>2022-05-03 05:28:59.750605</value>
                </Data>
                <Data name="updated_at">
                    <value>2023-07-24 15:13:00.007024</value>
                </Data>
                <Data name="book_id">
                    <value>3</value>
                </Data>
                <Data name="owners">
                    <value>Communidade of Malar</value>
                </Data>
                <Data name="label_x">
                    <value>976174.0</value>
                </Data>
                <Data name="label_y">
                    <value>1005956.0</value>
                </Data>
            </ExtendedData>
            <Point id="93903">
                <coordinates>73.918367804,15.530954514,0.0</coordinates>
            </Point>
        </Placemark>
        <Placemark id="93937">
            <ExtendedData>
                <Data name="direction">
                    <value>https://maps.google.com?q=15.52699,73.90951&amp;t=h</value>
                </Data>
                <Data name="id">
                    <value>4788</value>
                </Data>
                <Data name="name">
                    <value>Corari</value>
                </Data>
                <Data name="taluka">
                    <value>Tiswadi</value>
                </Data>
                <Data name="syno">
                    <value>79</value>
                </Data>
                <Data name="subdiv">
                    <value>1</value>
                </Data>
                <Data name="village">
                    <value>Malar</value>
                </Data>
                <Data name="latitude">
                    <value>15.52699</value>
                </Data>
                <Data name="longitude">
                    <value>73.90951</value>
                </Data>
                <Data name="photo_1">
                    <value>DCIM/20230502110223284.jpg</value>
                </Data>
                <Data name="photo_2">
                    <value>DCIM/20230502110239296.jpg</value>
                </Data>
                <Data name="syno_pt_list">
                    <value>79/1</value>
                </Data>
                <Data name="constituency">
                    <value>15 - Cumbarjua</value>
                </Data>
                <Data name="status">
                    <value>Completed</value>
                </Data>
                <Data name="panchayat">
                    <value>Sao Matias</value>
                </Data>
                <Data name="wb_type">
                    <value>Pond</value>
                </Data>
                <Data name="owner_type">
                    <value>Private</value>
                </Data>
                <Data name="purpose">
                    <value>Storage</value>
                </Data>
                <Data name="construction">
                    <value>Natural</value>
                </Data>
                <Data name="condition">
                    <value>Dry</value>
                </Data>
                <Data name="print_order">
                    <value>035</value>
                </Data>
                <Data name="wb_id">
                    <value>Ti/Mala/09</value>
                </Data>
                <Data name="storage_capacity">
                    <value>148.0</value>
                </Data>
                <Data name="wb_surface_id">
                    <value>4435</value>
                </Data>
                <Data name="created_at">
                    <value>2022-05-03 05:17:49.375882</value>
                </Data>
                <Data name="updated_at">
                    <value>2023-07-24 15:13:03.434479</value>
                </Data>
                <Data name="book_id">
                    <value>3</value>
                </Data>
                <Data name="owners">
                    <value>2 Two
Aires Fernandes D'Sa
Camilo Aires D'Sa</value>
                </Data>
                <Data name="label_x">
                    <value>976174.0</value>
                </Data>
                <Data name="label_y">
                    <value>1010706.0</value>
                </Data>
            </ExtendedData>
            <Point id="93936">
                <coordinates>73.909506003,15.526990341,0.0</coordinates>
            </Point>
        </Placemark>
        <Placemark id="93970">
            <ExtendedData>
                <Data name="direction">
                    <value>https://maps.google.com?q=15.53088,73.91757&amp;t=h</value>
                </Data>
                <Data name="id">
                    <value>4838</value>
                </Data>
                <Data name="name">
                    <value>deroid</value>
                </Data>
                <Data name="taluka">
                    <value>Tiswadi</value>
                </Data>
                <Data name="syno">
                    <value>196</value>
                </Data>
                <Data name="subdiv">
                    <value>1</value>
                </Data>
                <Data name="village">
                    <value>Malar</value>
                </Data>
                <Data name="latitude">
                    <value>15.53088</value>
                </Data>
                <Data name="longitude">
                    <value>73.91757</value>
                </Data>
                <Data name="photo_1">
                    <value>DCIM/20230502123937640.jpg</value>
                </Data>
                <Data name="photo_2">
                    <value>DCIM/20230502123953129.jpg</value>
                </Data>
                <Data name="syno_pt_list">
                    <value>196/1</value>
                </Data>
                <Data name="constituency">
                    <value>15 - Cumbarjua</value>
                </Data>
                <Data name="status">
                    <value>Completed</value>
                </Data>
                <Data name="panchayat">
                    <value>Sao Matias</value>
                </Data>
                <Data name="wb_type">
                    <value>Pond</value>
                </Data>
                <Data name="owner_type">
                    <value>Communidade</value>
                </Data>
                <Data name="purpose">
                    <value>Irrigation</value>
                </Data>
                <Data name="construction">
                    <value>Natural</value>
                </Data>
                <Data name="condition">
                    <value>Needs Maintenance</value>
                </Data>
                <Data name="print_order">
                    <value>070</value>
                </Data>
                <Data name="wb_id">
                    <value>Ti/Mala/48</value>
                </Data>
                <Data name="storage_capacity">
                    <value>68.0</value>
                </Data>
                <Data name="wb_surface_id">
                    <value>4471</value>
                </Data>
                <Data name="created_at">
                    <value>2022-05-03 05:28:59.750605</value>
                </Data>
                <Data name="updated_at">
                    <value>2023-07-24 15:13:04.454534</value>
                </Data>
                <Data name="book_id">
                    <value>3</value>
                </Data>
                <Data name="owners">
                    <value>Communidade of Malar</value>
                </Data>
                <Data name="label_x">
                    <value>976174.0</value>
                </Data>
                <Data name="label_y">
                    <value>1012206.0</value>
                </Data>
            </ExtendedData>
            <Point id="93969">
                <coordinates>73.917567646,15.530878884,0.0</coordinates>
            </Point>
        </Placemark>
        <Placemark id="94003">
            <ExtendedData>
                <Data name="direction">
                    <value>https://maps.google.com?q=15.52765,73.91133&amp;t=h</value>
                </Data>
                <Data name="id">
                    <value>4791</value>
                </Data>
                <Data name="name">
                    <value>Capuddi</value>
                </Data>
                <Data name="taluka">
                    <value>Tiswadi</value>
                </Data>
                <Data name="syno">
                    <value>80</value>
                </Data>
                <Data name="subdiv">
                    <value>6</value>
                </Data>
                <Data name="village">
                    <value>Malar</value>
                </Data>
                <Data name="latitude">
                    <value>15.52765</value>
                </Data>
                <Data name="longitude">
                    <value>73.91133</value>
                </Data>
                <Data name="photo_1">
                    <value>DCIM/20230502111840794.jpg</value>
                </Data>
                <Data name="photo_2">
                    <value>DCIM/20230502111856528.jpg</value>
                </Data>
                <Data name="syno_pt_list">
                    <value>80/6</value>
                </Data>
                <Data name="constituency">
                    <value>15 - Cumbarjua</value>
                </Data>
                <Data name="status">
                    <value>Completed</value>
                </Data>
                <Data name="panchayat">
                    <value>Sao Matias</value>
                </Data>
                <Data name="wb_type">
                    <value>Pond</value>
                </Data>
                <Data name="owner_type">
                    <value>Communidade</value>
                </Data>
                <Data name="purpose">
                    <value>Storage</value>
                </Data>
                <Data name="construction">
                    <value>Natural</value>
                </Data>
                <Data name="condition">
                    <value>Dry</value>
                </Data>
                <Data name="print_order">
                    <value>038</value>
                </Data>
                <Data name="wb_id">
                    <value>Ti/Mala/12</value>
                </Data>
                <Data name="storage_capacity">
                    <value>138.0</value>
                </Data>
                <Data name="wb_surface_id">
                    <value>4442</value>
                </Data>
                <Data name="created_at">
                    <value>2022-05-03 05:17:49.375882</value>
                </Data>
                <Data name="updated_at">
                    <value>2023-07-24 15:13:03.078548</value>
                </Data>
                <Data name="book_id">
                    <value>3</value>
                </Data>
                <Data name="owners">
                    <value>Communidade of Malar</value>
                </Data>
                <Data name="label_x">
                    <value>976174.0</value>
                </Data>
                <Data name="label_y">
                    <value>1010206.0</value>
                </Data>
            </ExtendedData>
            <Point id="94002">
                <coordinates>73.911334057,15.527646308,0.0</coordinates>
            </Point>
        </Placemark>
        <Placemark id="94036">
            <ExtendedData>
                <Data name="direction">
                    <value>https://maps.google.com?q=15.53088,73.91941&amp;t=h</value>
                </Data>
                <Data name="id">
                    <value>4842</value>
                </Data>
                <Data name="name">
                    <value>Paner</value>
                </Data>
                <Data name="taluka">
                    <value>Tiswadi</value>
                </Data>
                <Data name="syno">
                    <value>192</value>
                </Data>
                <Data name="subdiv">
                    <value>5</value>
                </Data>
                <Data name="village">
                    <value>Malar</value>
                </Data>
                <Data name="latitude">
                    <value>15.53088</value>
                </Data>
                <Data name="longitude">
                    <value>73.91941</value>
                </Data>
                <Data name="photo_1">
                    <value>DCIM/20230502124403766.jpg</value>
                </Data>
                <Data name="photo_2">
                    <value>DCIM/20230502124418538.jpg</value>
                </Data>
                <Data name="syno_pt_list">
                    <value>192/5</value>
                </Data>
                <Data name="constituency">
                    <value>15 - Cumbarjua</value>
                </Data>
                <Data name="status">
                    <value>Completed</value>
                </Data>
                <Data name="panchayat">
                    <value>Sao Matias</value>
                </Data>
                <Data name="wb_type">
                    <value>Pond</value>
                </Data>
                <Data name="owner_type">
                    <value>Private</value>
                </Data>
                <Data name="purpose">
                    <value>Irrigation</value>
                </Data>
                <Data name="construction">
                    <value>Natural</value>
                </Data>
                <Data name="condition">
                    <value>Needs Maintenance</value>
                </Data>
                <Data name="print_order">
                    <value>032</value>
                </Data>
                <Data name="wb_id">
                    <value>Ti/Mala/06</value>
                </Data>
                <Data name="storage_capacity">
                    <value>185.0</value>
                </Data>
                <Data name="wb_surface_id">
                    <value>4476</value>
                </Data>
                <Data name="created_at">
                    <value>2022-05-03 05:28:59.750605</value>
                </Data>
                <Data name="updated_at">
                    <value>2023-07-24 15:12:59.502449</value>
                </Data>
                <Data name="book_id">
                    <value>3</value>
                </Data>
                <Data name="owners">
                    <value>Bhiku S. Morajkar</value>
                </Data>
                <Data name="label_x">
                    <value>976174.0</value>
                </Data>
                <Data name="label_y">
                    <value>1005206.0</value>
                </Data>
            </ExtendedData>
            <Point id="94035">
                <coordinates>73.919407132,15.530875104,0.0</coordinates>
            </Point>
        </Placemark>
        <Placemark id="94069">
            <ExtendedData>
                <Data name="direction">
                    <value>https://maps.google.com?q=15.52814,73.9129&amp;t=h</value>
                </Data>
                <Data name="id">
                    <value>5577</value>
                </Data>
                <Data name="name">
                    <value>Konso</value>
                </Data>
                <Data name="taluka">
                    <value>Tiswadi</value>
                </Data>
                <Data name="syno">
                    <value>204</value>
                </Data>
                <Data name="subdiv">
                    <value>1</value>
                </Data>
                <Data name="village">
                    <value>Malar</value>
                </Data>
                <Data name="latitude">
                    <value>15.52814</value>
                </Data>
                <Data name="longitude">
                    <value>73.9129</value>
                </Data>
                <Data name="photo_1">
                    <value>DCIM/20230502112225142.jpg</value>
                </Data>
                <Data name="photo_2">
                    <value>DCIM/20230502112242090.jpg</value>
                </Data>
                <Data name="syno_pt_list">
                    <value>204/1</value>
                </Data>
                <Data name="constituency">
                    <value>15 - Cumbarjua</value>
                </Data>
                <Data name="status">
                    <value>Completed</value>
                </Data>
                <Data name="panchayat">
                    <value>Sao Matias</value>
                </Data>
                <Data name="wb_type">
                    <value>Pond</value>
                </Data>
                <Data name="owner_type">
                    <value>Private</value>
                </Data>
                <Data name="purpose">
                    <value>Storage</value>
                </Data>
                <Data name="construction">
                    <value>Natural</value>
                </Data>
                <Data name="condition">
                    <value>Dry</value>
                </Data>
                <Data name="print_order">
                    <value>067</value>
                </Data>
                <Data name="wb_id">
                    <value>Ti/Mala/45</value>
                </Data>
                <Data name="storage_capacity">
                    <value>71.0</value>
                </Data>
                <Data name="wb_surface_id">
                    <value>4451</value>
                </Data>
                <Data name="created_at">
                    <value>2022-08-16 02:47:10.363245</value>
                </Data>
                <Data name="updated_at">
                    <value>2023-07-24 15:13:00.882487</value>
                </Data>
                <Data name="book_id">
                    <value>3</value>
                </Data>
                <Data name="owners">
                    <value>Maria Pia Vital</value>
                </Data>
                <Data name="label_x">
                    <value>976174.0</value>
                </Data>
                <Data name="label_y">
                    <value>1007206.0</value>
                </Data>
            </ExtendedData>
            <Point id="94068">
                <coordinates>73.912902944,15.52813748,0.0</coordinates>
            </Point>
        </Placemark>
        <Placemark id="94102">
            <ExtendedData>
                <Data name="direction">
                    <value>https://maps.google.com?q=15.53131,73.91955&amp;t=h</value>
                </Data>
                <Data name="id">
                    <value>4844</value>
                </Data>
                <Data name="name">
                    <value>Paner</value>
                </Data>
                <Data name="taluka">
                    <value>Tiswadi</value>
                </Data>
                <Data name="syno">
                    <value>192</value>
                </Data>
                <Data name="subdiv">
                    <value>4</value>
                </Data>
                <Data name="village">
                    <value>Malar</value>
                </Data>
                <Data name="latitude">
                    <value>15.53131</value>
                </Data>
                <Data name="longitude">
                    <value>73.91955</value>
                </Data>
                <Data name="photo_1">
                    <value>DCIM/20230502124528137.jpg</value>
                </Data>
                <Data name="photo_2">
                    <value>DCIM/20230502124550303.jpg</value>
                </Data>
                <Data name="syno_pt_list">
                    <value>192/4</value>
                </Data>
                <Data name="constituency">
                    <value>15 - Cumbarjua</value>
                </Data>
                <Data name="status">
                    <value>Completed</value>
                </Data>
                <Data name="panchayat">
                    <value>Sao Matias</value>
                </Data>
                <Data name="wb_type">
                    <value>Pond</value>
                </Data>
                <Data name="owner_type">
                    <value>Communidade</value>
                </Data>
                <Data name="purpose">
                    <value>Irrigation</value>
                </Data>
                <Data name="construction">
                    <value>Natural</value>
                </Data>
                <Data name="condition">
                    <value>Needs Maintenance</value>
                </Data>
                <Data name="print_order">
                    <value>078</value>
                </Data>
                <Data name="wb_id">
                    <value>Ti/Mala/57</value>
                </Data>
                <Data name="storage_capacity">
                    <value>57.0</value>
                </Data>
                <Data name="wb_surface_id">
                    <value>4474</value>
                </Data>
                <Data name="created_at">
                    <value>2022-05-03 05:28:59.750605</value>
                </Data>
                <Data name="updated_at">
                    <value>2023-07-24 15:12:59.842555</value>
                </Data>
                <Data name="book_id">
                    <value>3</value>
                </Data>
                <Data name="owners">
                    <value>Communidade of Malar</value>
                </Data>
                <Data name="label_x">
                    <value>976174.0</value>
                </Data>
                <Data name="label_y">
                    <value>1005706.0</value>
                </Data>
            </ExtendedData>
            <Point id="94101">
                <coordinates>73.919547222,15.531309423,0.0</coordinates>
            </Point>
        </Placemark>
        <Placemark id="94135">
            <ExtendedData>
                <Data name="direction">
                    <value>https://maps.google.com?q=15.53034,73.91349&amp;t=h</value>
                </Data>
                <Data name="id">
                    <value>3548</value>
                </Data>
                <Data name="name">
                    <value>Kol Derod</value>
                </Data>
                <Data name="taluka">
                    <value>Tiswadi</value>
                </Data>
                <Data name="syno">
                    <value>203</value>
                </Data>
                <Data name="subdiv">
                    <value>3</value>
                </Data>
                <Data name="village">
                    <value>Malar</value>
                </Data>
                <Data name="latitude">
                    <value>15.53034</value>
                </Data>
                <Data name="longitude">
                    <value>73.91349</value>
                </Data>
                <Data name="photo_1">
                    <value>DCIM/20230502120438470.jpg</value>
                </Data>
                <Data name="photo_2">
                    <value>DCIM/20230502120450980.jpg</value>
                </Data>
                <Data name="syno_pt_list">
                    <value>203/3</value>
                </Data>
                <Data name="constituency">
                    <value>15 - Cumbarjua</value>
                </Data>
                <Data name="status">
                    <value>Completed</value>
                </Data>
                <Data name="panchayat">
                    <value>Sao Matias</value>
                </Data>
                <Data name="wb_type">
                    <value>Pond</value>
                </Data>
                <Data name="owner_type">
                    <value>Communidade</value>
                </Data>
                <Data name="purpose">
                    <value>Irrigation</value>
                </Data>
                <Data name="construction">
                    <value>Natural</value>
                </Data>
                <Data name="condition">
                    <value>Needs Maintenance</value>
                </Data>
                <Data name="print_order">
                    <value>047</value>
                </Data>
                <Data name="wb_id">
                    <value>Ti/Mala/23</value>
                </Data>
                <Data name="storage_capacity">
                    <value>102.0</value>
                </Data>
                <Data name="wb_surface_id">
                    <value>4453</value>
                </Data>
                <Data name="created_at">
                    <value>2020-12-05 08:40:27</value>
                </Data>
                <Data name="updated_at">
                    <value>2023-07-24 15:13:05.474088</value>
                </Data>
                <Data name="book_id">
                    <value>3</value>
                </Data>
                <Data name="owners">
                    <value>Communidade of Malar</value>
                </Data>
                <Data name="label_x">
                    <value>976174.0</value>
                </Data>
                <Data name="label_y">
                    <value>1013706.0</value>
                </Data>
            </ExtendedData>
            <Point id="94134">
                <coordinates>73.913494949,15.530344677,0.0</coordinates>
            </Point>
        </Placemark>
        <Placemark id="94168">
            <ExtendedData>
                <Data name="direction">
                    <value>https://maps.google.com?q=15.53088,73.9139&amp;t=h</value>
                </Data>
                <Data name="id">
                    <value>3550</value>
                </Data>
                <Data name="name">
                    <value>--</value>
                </Data>
                <Data name="taluka">
                    <value>Tiswadi</value>
                </Data>
                <Data name="syno">
                    <value>201</value>
                </Data>
                <Data name="subdiv">
                    <value>8</value>
                </Data>
                <Data name="village">
                    <value>Malar</value>
                </Data>
                <Data name="latitude">
                    <value>15.53088</value>
                </Data>
                <Data name="longitude">
                    <value>73.9139</value>
                </Data>
                <Data name="photo_1">
                    <value>DCIM/20230502121007331.jpg</value>
                </Data>
                <Data name="photo_2">
                    <value>DCIM/20230502121131510.jpg</value>
                </Data>
                <Data name="syno_pt_list">
                    <value>201/2-3,8</value>
                </Data>
                <Data name="constituency">
                    <value>15 - Cumbarjua</value>
                </Data>
                <Data name="status">
                    <value>Completed</value>
                </Data>
                <Data name="panchayat">
                    <value>Sao Matias</value>
                </Data>
                <Data name="wb_type">
                    <value>Pond</value>
                </Data>
                <Data name="owner_type">
                    <value>Communidade</value>
                </Data>
                <Data name="purpose">
                    <value>Irrigation</value>
                </Data>
                <Data name="construction">
                    <value>Natural</value>
                </Data>
                <Data name="condition">
                    <value>Dry</value>
                </Data>
                <Data name="print_order">
                    <value>063</value>
                </Data>
                <Data name="wb_id">
                    <value>Ti/Mala/41</value>
                </Data>
                <Data name="storage_capacity">
                    <value>78.0</value>
                </Data>
                <Data name="wb_surface_id">
                    <value>4457</value>
                </Data>
                <Data name="created_at">
                    <value>2020-12-05 08:40:27</value>
                </Data>
                <Data name="updated_at">
                    <value>2023-07-24 15:13:06.656168</value>
                </Data>
                <Data name="book_id">
                    <value>3</value>
                </Data>
                <Data name="owners">
                    <value>Communidade of Malar</value>
                </Data>
                <Data name="label_x">
                    <value>976174.0</value>
                </Data>
                <Data name="label_y">
                    <value>1015456.0</value>
                </Data>
            </ExtendedData>
            <Point id="94167">
                <coordinates>73.913904424,15.530878884,0.0</coordinates>
            </Point>
        </Placemark>
        <Placemark id="94201">
            <ExtendedData>
                <Data name="direction">
                    <value>https://maps.google.com?q=15.53098,73.91815&amp;t=h</value>
                </Data>
                <Data name="id">
                    <value>4840</value>
                </Data>
                <Data name="name">
                    <value>Deroid</value>
                </Data>
                <Data name="taluka">
                    <value>Tiswadi</value>
                </Data>
                <Data name="syno">
                    <value>195</value>
                </Data>
                <Data name="subdiv">
                    <value>1</value>
                </Data>
                <Data name="village">
                    <value>Malar</value>
                </Data>
                <Data name="latitude">
                    <value>15.53098</value>
                </Data>
                <Data name="longitude">
                    <value>73.91815</value>
                </Data>
                <Data name="photo_1">
                    <value>DCIM/20230502124243018.jpg</value>
                </Data>
                <Data name="photo_2">
                    <value>DCIM/20230502124252546.jpg</value>
                </Data>
                <Data name="syno_pt_list">
                    <value>195/1</value>
                </Data>
                <Data name="constituency">
                    <value>15 - Cumbarjua</value>
                </Data>
                <Data name="status">
                    <value>Completed</value>
                </Data>
                <Data name="panchayat">
                    <value>Sao Matias</value>
                </Data>
                <Data name="wb_type">
                    <value>Pond</value>
                </Data>
                <Data name="owner_type">
                    <value>Communidade</value>
                </Data>
                <Data name="purpose">
                    <value>Irrigation</value>
                </Data>
                <Data name="construction">
                    <value>Natural</value>
                </Data>
                <Data name="condition">
                    <value>Needs Maintenance</value>
                </Data>
                <Data name="print_order">
                    <value>084</value>
                </Data>
                <Data name="wb_id">
                    <value>Ti/Mala/65</value>
                </Data>
                <Data name="storage_capacity">
                    <value>45.0</value>
                </Data>
                <Data name="wb_surface_id">
                    <value>4478</value>
                </Data>
                <Data name="created_at">
                    <value>2022-05-03 05:28:59.750605</value>
                </Data>
                <Data name="updated_at">
                    <value>2023-07-24 15:13:00.546434</value>
                </Data>
                <Data name="book_id">
                    <value>3</value>
                </Data>
                <Data name="owners">
                    <value>Communidade of Malar</value>
                </Data>
                <Data name="label_x">
                    <value>976174.0</value>
                </Data>
                <Data name="label_y">
                    <value>1006706.0</value>
                </Data>
            </ExtendedData>
            <Point id="94200">
                <coordinates>73.91815351,15.530978418,0.0</coordinates>
            </Point>
        </Placemark>
        <Placemark id="94234">
            <ExtendedData>
                <Data name="direction">
                    <value>https://maps.google.com?q=15.52701,73.91003&amp;t=h</value>
                </Data>
                <Data name="id">
                    <value>3553</value>
                </Data>
                <Data name="name">
                    <value>--</value>
                </Data>
                <Data name="taluka">
                    <value>Tiswadi</value>
                </Data>
                <Data name="syno">
                    <value>79</value>
                </Data>
                <Data name="subdiv">
                    <value>3</value>
                </Data>
                <Data name="village">
                    <value>Malar</value>
                </Data>
                <Data name="latitude">
                    <value>15.52701</value>
                </Data>
                <Data name="longitude">
                    <value>73.91003</value>
                </Data>
                <Data name="photo_1">
                    <value>DCIM/20230502110900994.jpg</value>
                </Data>
                <Data name="photo_2">
                    <value>DCIM/20230502110913245.jpg</value>
                </Data>
                <Data name="syno_pt_list">
                    <value>79/3-4</value>
                </Data>
                <Data name="constituency">
                    <value>15 - Cumbarjua</value>
                </Data>
                <Data name="status">
                    <value>Completed</value>
                </Data>
                <Data name="panchayat">
                    <value>Sao Matias</value>
                </Data>
                <Data name="wb_type">
                    <value>Pond</value>
                </Data>
                <Data name="owner_type">
                    <value>Communidade</value>
                </Data>
                <Data name="purpose">
                    <value>Irrigation</value>
                </Data>
                <Data name="construction">
                    <value>Natural/Man Made</value>
                </Data>
                <Data name="condition">
                    <value>Needs Maintenance</value>
                </Data>
                <Data name="print_order">
                    <value>043</value>
                </Data>
                <Data name="wb_id">
                    <value>Ti/Mala/18</value>
                </Data>
                <Data name="storage_capacity">
                    <value>112.0</value>
                </Data>
                <Data name="wb_surface_id">
                    <value>4436</value>
                </Data>
                <Data name="created_at">
                    <value>2020-12-05 08:40:27</value>
                </Data>
                <Data name="updated_at">
                    <value>2023-07-24 15:13:02.662500</value>
                </Data>
                <Data name="book_id">
                    <value>3</value>
                </Data>
                <Data name="owners">
                    <value>Communidade of Malar</value>
                </Data>
                <Data name="label_x">
                    <value>976174.0</value>
                </Data>
                <Data name="label_y">
                    <value>1009706.0</value>
                </Data>
            </ExtendedData>
            <Point id="94233">
                <coordinates>73.910025567,15.527006544,0.0</coordinates>
            </Point>
        </Placemark>
        <Placemark id="94267">
            <ExtendedData>
                <Data name="direction">
                    <value>https://maps.google.com?q=15.52778,73.91168&amp;t=h</value>
                </Data>
                <Data name="id">
                    <value>5573</value>
                </Data>
                <Data name="name">
                    <value>Capuddi</value>
                </Data>
                <Data name="taluka">
                    <value>Tiswadi</value>
                </Data>
                <Data name="syno">
                    <value>80</value>
                </Data>
                <Data name="subdiv">
                    <value>8</value>
                </Data>
                <Data name="village">
                    <value>Malar</value>
                </Data>
                <Data name="latitude">
                    <value>15.52778</value>
                </Data>
                <Data name="longitude">
                    <value>73.91168</value>
                </Data>
                <Data name="photo_1">
                    <value>DCIM/20230502111934936.jpg</value>
                </Data>
                <Data name="photo_2">
                    <value>DCIM/20230502111944736.jpg</value>
                </Data>
                <Data name="syno_pt_list">
                    <value>80/7-8</value>
                </Data>
                <Data name="constituency">
                    <value>15 - Cumbarjua</value>
                </Data>
                <Data name="status">
                    <value>Completed</value>
                </Data>
                <Data name="panchayat">
                    <value>Sao Matias</value>
                </Data>
                <Data name="wb_type">
                    <value>Pond</value>
                </Data>
                <Data name="owner_type">
                    <value>Communidade / Public</value>
                </Data>
                <Data name="purpose">
                    <value>Storage</value>
                </Data>
                <Data name="construction">
                    <value>Natural</value>
                </Data>
                <Data name="condition">
                    <value>Dry</value>
                </Data>
                <Data name="print_order">
                    <value>039</value>
                </Data>
                <Data name="wb_id">
                    <value>Ti/Mala/13</value>
                </Data>
                <Data name="storage_capacity">
                    <value>130.0</value>
                </Data>
                <Data name="wb_surface_id">
                    <value>4446</value>
                </Data>
                <Data name="created_at">
                    <value>2022-08-16 02:46:10.356067</value>
                </Data>
                <Data name="updated_at">
                    <value>2023-07-24 15:13:01.970547</value>
                </Data>
                <Data name="book_id">
                    <value>3</value>
                </Data>
                <Data name="owners">
                    <value>Block Development Officer Panaji
Communidade of Malar</value>
                </Data>
                <Data name="label_x">
                    <value>976174.0</value>
                </Data>
                <Data name="label_y">
                    <value>1008706.0</value>
                </Data>
            </ExtendedData>
            <Point id="94266">
                <coordinates>73.911677268,15.527777961,0.0</coordinates>
            </Point>
        </Placemark>
        <Placemark id="94300">
            <ExtendedData>
                <Data name="direction">
                    <value>https://maps.google.com?q=15.53113,73.91627&amp;t=h</value>
                </Data>
                <Data name="id">
                    <value>5582</value>
                </Data>
                <Data name="name">
                    <value>Moti Deroid</value>
                </Data>
                <Data name="taluka">
                    <value>Tiswadi</value>
                </Data>
                <Data name="syno">
                    <value>197</value>
                </Data>
                <Data name="subdiv">
                    <value>3</value>
                </Data>
                <Data name="village">
                    <value>Malar</value>
                </Data>
                <Data name="latitude">
                    <value>15.53113</value>
                </Data>
                <Data name="longitude">
                    <value>73.91627</value>
                </Data>
                <Data name="photo_1">
                    <value>DCIM/20230502122649398.jpg</value>
                </Data>
                <Data name="photo_2">
                    <value>DCIM/20230502122708944.jpg</value>
                </Data>
                <Data name="syno_pt_list">
                    <value>197/3</value>
                </Data>
                <Data name="constituency">
                    <value>15 - Cumbarjua</value>
                </Data>
                <Data name="status">
                    <value>Completed</value>
                </Data>
                <Data name="panchayat">
                    <value>Sao Matias</value>
                </Data>
                <Data name="wb_type">
                    <value>Pond</value>
                </Data>
                <Data name="owner_type">
                    <value>Communidade</value>
                </Data>
                <Data name="purpose">
                    <value>Storage</value>
                </Data>
                <Data name="construction">
                    <value>Natural</value>
                </Data>
                <Data name="condition">
                    <value>Dry</value>
                </Data>
                <Data name="print_order">
                    <value>034</value>
                </Data>
                <Data name="wb_id">
                    <value>Ti/Mala/08</value>
                </Data>
                <Data name="storage_capacity">
                    <value>157.0</value>
                </Data>
                <Data name="wb_surface_id">
                    <value>4481</value>
                </Data>
                <Data name="created_at">
                    <value>2022-08-16 03:33:10.567234</value>
                </Data>
                <Data name="updated_at">
                    <value>2023-07-24 15:13:07.705608</value>
                </Data>
                <Data name="book_id">
                    <value>3</value>
                </Data>
                <Data name="owners">
                    <value>Communidade of Malar</value>
                </Data>
                <Data name="label_x">
                    <value>976174.0</value>
                </Data>
                <Data name="label_y">
                    <value>1016956.0</value>
                </Data>
            </ExtendedData>
            <Point id="94299">
                <coordinates>73.916270746,15.53112513,0.0</coordinates>
            </Point>
        </Placemark>
        <Placemark id="94333">
            <ExtendedData>
                <Data name="direction">
                    <value>https://maps.google.com?q=15.5314,73.91633&amp;t=h</value>
                </Data>
                <Data name="id">
                    <value>3544</value>
                </Data>
                <Data name="name">
                    <value>Moti Deroid</value>
                </Data>
                <Data name="taluka">
                    <value>Tiswadi</value>
                </Data>
                <Data name="syno">
                    <value>197</value>
                </Data>
                <Data name="subdiv">
                    <value>3</value>
                </Data>
                <Data name="village">
                    <value>Malar</value>
                </Data>
                <Data name="latitude">
                    <value>15.5314</value>
                </Data>
                <Data name="longitude">
                    <value>73.91633</value>
                </Data>
                <Data name="photo_1">
                    <value>DCIM/20230502122517498.jpg</value>
                </Data>
                <Data name="photo_2">
                    <value>DCIM/20230502122537266.jpg</value>
                </Data>
                <Data name="syno_pt_list">
                    <value>197/3</value>
                </Data>
                <Data name="constituency">
                    <value>15 - Cumbarjua</value>
                </Data>
                <Data name="status">
                    <value>Completed</value>
                </Data>
                <Data name="panchayat">
                    <value>Sao Matias</value>
                </Data>
                <Data name="wb_type">
                    <value>Pond</value>
                </Data>
                <Data name="owner_type">
                    <value>Communidade</value>
                </Data>
                <Data name="purpose">
                    <value>Storage</value>
                </Data>
                <Data name="construction">
                    <value>Natural</value>
                </Data>
                <Data name="condition">
                    <value>Needs Maintenance</value>
                </Data>
                <Data name="print_order">
                    <value>066</value>
                </Data>
                <Data name="wb_id">
                    <value>Ti/Mala/44</value>
                </Data>
                <Data name="storage_capacity">
                    <value>73.0</value>
                </Data>
                <Data name="wb_surface_id">
                    <value>4480</value>
                </Data>
                <Data name="created_at">
                    <value>2020-12-05 08:40:27</value>
                </Data>
                <Data name="updated_at">
                    <value>2023-07-24 15:13:08.860620</value>
                </Data>
                <Data name="book_id">
                    <value>3</value>
                </Data>
                <Data name="owners">
                    <value>Communidade of Malar</value>
                </Data>
                <Data name="label_x">
                    <value>976174.0</value>
                </Data>
                <Data name="label_y">
                    <value>1018706.0</value>
                </Data>
            </ExtendedData>
            <Point id="94332">
                <coordinates>73.916326623,15.531401751,0.0</coordinates>
            </Point>
        </Placemark>
        <Placemark id="94366">
            <ExtendedData>
                <Data name="direction">
                    <value>https://maps.google.com?q=15.53197,73.91983&amp;t=h</value>
                </Data>
                <Data name="id">
                    <value>6148</value>
                </Data>
                <Data name="name">
                    <value>Paner</value>
                </Data>
                <Data name="taluka">
                    <value>Tiswadi</value>
                </Data>
                <Data name="syno">
                    <value>192</value>
                </Data>
                <Data name="subdiv">
                    <value>2</value>
                </Data>
                <Data name="village">
                    <value>Malar</value>
                </Data>
                <Data name="latitude">
                    <value>15.53197</value>
                </Data>
                <Data name="longitude">
                    <value>73.91983</value>
                </Data>
                <Data name="photo_1">
                    <value>DCIM/20230502124640131.jpg</value>
                </Data>
                <Data name="photo_2">
                    <value>DCIM/20230502124654837.jpg</value>
                </Data>
                <Data name="constituency">
                    <value>15 - Cumbarjua</value>
                </Data>
                <Data name="status">
                    <value>Completed</value>
                </Data>
                <Data name="panchayat">
                    <value>Sao Matias</value>
                </Data>
                <Data name="wb_type">
                    <value>Pond</value>
                </Data>
                <Data name="owner_type">
                    <value>Communidade</value>
                </Data>
                <Data name="purpose">
                    <value>Storage</value>
                </Data>
                <Data name="construction">
                    <value>Natural</value>
                </Data>
                <Data name="condition">
                    <value>Dry</value>
                </Data>
                <Data name="print_order">
                    <value>046</value>
                </Data>
                <Data name="wb_id">
                    <value>Ti/Mala/22</value>
                </Data>
                <Data name="storage_capacity">
                    <value>106.0</value>
                </Data>
                <Data name="wb_surface_id">
                    <value>5635</value>
                </Data>
                <Data name="created_at">
                    <value>2023-05-02 00:00:00</value>
                </Data>
                <Data name="updated_at">
                    <value>2023-07-24 15:13:10.378730</value>
                </Data>
                <Data name="book_id">
                    <value>3</value>
                </Data>
                <Data name="owners">
                    <value>Communidade of Malar</value>
                </Data>
                <Data name="label_x">
                    <value>976174.0</value>
                </Data>
                <Data name="label_y">
                    <value>1020956.0</value>
                </Data>
            </ExtendedData>
            <Point id="94365">
                <coordinates>73.919826757,15.531970491,0.0</coordinates>
            </Point>
        </Placemark>
        <Placemark id="94398">
            <ExtendedData>
                <Data name="direction">
                    <value>https://maps.google.com?q=15.53137,73.91654&amp;t=h</value>
                </Data>
                <Data name="id">
                    <value>4835</value>
                </Data>
                <Data name="name">
                    <value>Deroid</value>
                </Data>
                <Data name="taluka">
                    <value>Tiswadi</value>
                </Data>
                <Data name="syno">
                    <value>197</value>
                </Data>
                <Data name="subdiv">
                    <value>4</value>
                </Data>
                <Data name="village">
                    <value>Malar</value>
                </Data>
                <Data name="latitude">
                    <value>15.53137</value>
                </Data>
                <Data name="longitude">
                    <value>73.91654</value>
                </Data>
                <Data name="photo_1">
                    <value>DCIM/20230502123606082.jpg</value>
                </Data>
                <Data name="photo_2">
                    <value>DCIM/20230502123614140.jpg</value>
                </Data>
                <Data name="syno_pt_list">
                    <value>197/4</value>
                </Data>
                <Data name="constituency">
                    <value>15 - Cumbarjua</value>
                </Data>
                <Data name="status">
                    <value>Completed</value>
                </Data>
                <Data name="panchayat">
                    <value>Sao Matias</value>
                </Data>
                <Data name="wb_type">
                    <value>Pond</value>
                </Data>
                <Data name="owner_type">
                    <value>Communidade</value>
                </Data>
                <Data name="purpose">
                    <value>Irrigation</value>
                </Data>
                <Data name="construction">
                    <value>Natural</value>
                </Data>
                <Data name="condition">
                    <value>Needs Maintenance</value>
                </Data>
                <Data name="print_order">
                    <value>077</value>
                </Data>
                <Data name="wb_id">
                    <value>Ti/Mala/56</value>
                </Data>
                <Data name="storage_capacity">
                    <value>57.0</value>
                </Data>
                <Data name="wb_surface_id">
                    <value>4467</value>
                </Data>
                <Data name="created_at">
                    <value>2022-05-03 05:28:59.750605</value>
                </Data>
                <Data name="updated_at">
                    <value>2023-07-24 15:13:08.708661</value>
                </Data>
                <Data name="book_id">
                    <value>3</value>
                </Data>
                <Data name="owners">
                    <value>Communidade of Malar</value>
                </Data>
                <Data name="label_x">
                    <value>976174.0</value>
                </Data>
                <Data name="label_y">
                    <value>1018456.0</value>
                </Data>
            </ExtendedData>
            <Point id="94397">
                <coordinates>73.916543255,15.531371124,0.0</coordinates>
            </Point>
        </Placemark>
        <Placemark id="94431">
            <ExtendedData>
                <Data name="direction">
                    <value>https://maps.google.com?q=15.52727,73.91084&amp;t=h</value>
                </Data>
                <Data name="id">
                    <value>3557</value>
                </Data>
                <Data name="name">
                    <value>Khorani</value>
                </Data>
                <Data name="taluka">
                    <value>Tiswadi</value>
                </Data>
                <Data name="syno">
                    <value>80</value>
                </Data>
                <Data name="subdiv">
                    <value>3</value>
                </Data>
                <Data name="village">
                    <value>Malar</value>
                </Data>
                <Data name="latitude">
                    <value>15.52727</value>
                </Data>
                <Data name="longitude">
                    <value>73.91084</value>
                </Data>
                <Data name="photo_1">
                    <value>DCIM/20230502111536652.jpg</value>
                </Data>
                <Data name="photo_2">
                    <value>DCIM/20230502111600504.jpg</value>
                </Data>
                <Data name="syno_pt_list">
                    <value>80/2-3</value>
                </Data>
                <Data name="constituency">
                    <value>15 - Cumbarjua</value>
                </Data>
                <Data name="status">
                    <value>Completed</value>
                </Data>
                <Data name="panchayat">
                    <value>Sao Matias</value>
                </Data>
                <Data name="wb_type">
                    <value>Pond</value>
                </Data>
                <Data name="owner_type">
                    <value>Communidade</value>
                </Data>
                <Data name="purpose">
                    <value>Irrigation</value>
                </Data>
                <Data name="construction">
                    <value>Natural</value>
                </Data>
                <Data name="condition">
                    <value>Needs Maintenance</value>
                </Data>
                <Data name="print_order">
                    <value>041</value>
                </Data>
                <Data name="wb_id">
                    <value>Ti/Mala/16</value>
                </Data>
                <Data name="storage_capacity">
                    <value>125.0</value>
                </Data>
                <Data name="wb_surface_id">
                    <value>4439</value>
                </Data>
                <Data name="created_at">
                    <value>2020-12-05 08:40:27</value>
                </Data>
                <Data name="updated_at">
                    <value>2023-07-24 15:13:02.138550</value>
                </Data>
                <Data name="book_id">
                    <value>3</value>
                </Data>
                <Data name="owners">
                    <value>Communidade of Malar</value>
                </Data>
                <Data name="label_x">
                    <value>976174.0</value>
                </Data>
                <Data name="label_y">
                    <value>1008956.0</value>
                </Data>
            </ExtendedData>
            <Point id="94430">
                <coordinates>73.910842455,15.527271259,0.0</coordinates>
            </Point>
        </Placemark>
        <Placemark id="94464">
            <ExtendedData>
                <Data name="direction">
                    <value>https://maps.google.com?q=15.52697,73.91048&amp;t=h</value>
                </Data>
                <Data name="id">
                    <value>4790</value>
                </Data>
                <Data name="name">
                    <value>--</value>
                </Data>
                <Data name="taluka">
                    <value>Tiswadi</value>
                </Data>
                <Data name="syno">
                    <value>79</value>
                </Data>
                <Data name="subdiv">
                    <value>5</value>
                </Data>
                <Data name="village">
                    <value>Malar</value>
                </Data>
                <Data name="latitude">
                    <value>15.52697</value>
                </Data>
                <Data name="longitude">
                    <value>73.91048</value>
                </Data>
                <Data name="photo_1">
                    <value>DCIM/20230502111332186.jpg</value>
                </Data>
                <Data name="photo_2">
                    <value>DCIM/20230502111340443.jpg</value>
                </Data>
                <Data name="syno_pt_list">
                    <value>79/5</value>
                </Data>
                <Data name="constituency">
                    <value>15 - Cumbarjua</value>
                </Data>
                <Data name="status">
                    <value>Completed</value>
                </Data>
                <Data name="panchayat">
                    <value>Sao Matias</value>
                </Data>
                <Data name="wb_type">
                    <value>Pond</value>
                </Data>
                <Data name="owner_type">
                    <value>Communidade</value>
                </Data>
                <Data name="purpose">
                    <value>Storage</value>
                </Data>
                <Data name="construction">
                    <value>Natural</value>
                </Data>
                <Data name="condition">
                    <value>Needs Maintenance</value>
                </Data>
                <Data name="print_order">
                    <value>069</value>
                </Data>
                <Data name="wb_id">
                    <value>Ti/Mala/47</value>
                </Data>
                <Data name="storage_capacity">
                    <value>68.0</value>
                </Data>
                <Data name="wb_surface_id">
                    <value>4438</value>
                </Data>
                <Data name="created_at">
                    <value>2022-05-03 05:17:49.375882</value>
                </Data>
                <Data name="updated_at">
                    <value>2023-07-24 15:13:01.794490</value>
                </Data>
                <Data name="book_id">
                    <value>3</value>
                </Data>
                <Data name="owners">
                    <value>Communidade of Malar</value>
                </Data>
                <Data name="label_x">
                    <value>976174.0</value>
                </Data>
                <Data name="label_y">
                    <value>1008456.0</value>
                </Data>
            </ExtendedData>
            <Point id="94463">
                <coordinates>73.910484564,15.526974786,0.0</coordinates>
            </Point>
        </Placemark>
        <Placemark id="94497">
            <ExtendedData>
                <Data name="direction">
                    <value>https://maps.google.com?q=15.52677,73.90993&amp;t=h</value>
                </Data>
                <Data name="id">
                    <value>5572</value>
                </Data>
                <Data name="name">
                    <value>Vao</value>
                </Data>
                <Data name="taluka">
                    <value>Tiswadi</value>
                </Data>
                <Data name="syno">
                    <value>79</value>
                </Data>
                <Data name="subdiv">
                    <value>2</value>
                </Data>
                <Data name="village">
                    <value>Malar</value>
                </Data>
                <Data name="latitude">
                    <value>15.52677</value>
                </Data>
                <Data name="longitude">
                    <value>73.90993</value>
                </Data>
                <Data name="photo_1">
                    <value>DCIM/20230502110806558.jpg</value>
                </Data>
                <Data name="photo_2">
                    <value>DCIM/20230502110818214.jpg</value>
                </Data>
                <Data name="syno_pt_list">
                    <value>79/2-3</value>
                </Data>
                <Data name="constituency">
                    <value>15 - Cumbarjua</value>
                </Data>
                <Data name="status">
                    <value>Completed</value>
                </Data>
                <Data name="panchayat">
                    <value>Sao Matias</value>
                </Data>
                <Data name="wb_type">
                    <value>Pond</value>
                </Data>
                <Data name="owner_type">
                    <value>Private</value>
                </Data>
                <Data name="purpose">
                    <value>Irrigation</value>
                </Data>
                <Data name="construction">
                    <value>Natural</value>
                </Data>
                <Data name="condition">
                    <value>Needs Maintenance</value>
                </Data>
                <Data name="print_order">
                    <value>081</value>
                </Data>
                <Data name="wb_id">
                    <value>Ti/Mala/60</value>
                </Data>
                <Data name="storage_capacity">
                    <value>48.0</value>
                </Data>
                <Data name="wb_surface_id">
                    <value>4445</value>
                </Data>
                <Data name="created_at">
                    <value>2022-08-16 02:37:10.361477</value>
                </Data>
                <Data name="updated_at">
                    <value>2023-07-24 15:13:02.318769</value>
                </Data>
                <Data name="book_id">
                    <value>3</value>
                </Data>
                <Data name="owners">
                    <value>Mario Pia Vital</value>
                </Data>
                <Data name="label_x">
                    <value>976174.0</value>
                </Data>
                <Data name="label_y">
                    <value>1009206.0</value>
                </Data>
            </ExtendedData>
            <Point id="94496">
                <coordinates>73.909931008,15.526774177,0.0</coordinates>
            </Point>
        </Placemark>
        <Placemark id="94530">
            <ExtendedData>
                <Data name="direction">
                    <value>https://maps.google.com?q=15.53049,73.9138&amp;t=h</value>
                </Data>
                <Data name="id">
                    <value>5446</value>
                </Data>
                <Data name="name">
                    <value>Vao</value>
                </Data>
                <Data name="taluka">
                    <value>Tiswadi</value>
                </Data>
                <Data name="syno">
                    <value>201</value>
                </Data>
                <Data name="subdiv">
                    <value>1</value>
                </Data>
                <Data name="village">
                    <value>Malar</value>
                </Data>
                <Data name="latitude">
                    <value>15.53049</value>
                </Data>
                <Data name="longitude">
                    <value>73.9138</value>
                </Data>
                <Data name="photo_1">
                    <value>DCIM/20230502120648243.jpg</value>
                </Data>
                <Data name="photo_2">
                    <value>DCIM/20230502120700196.jpg</value>
                </Data>
                <Data name="syno_pt_list">
                    <value>201/1</value>
                </Data>
                <Data name="constituency">
                    <value>15 - Cumbarjua</value>
                </Data>
                <Data name="status">
                    <value>Completed</value>
                </Data>
                <Data name="panchayat">
                    <value>Sao Matias</value>
                </Data>
                <Data name="wb_type">
                    <value>Pond</value>
                </Data>
                <Data name="owner_type">
                    <value>Private</value>
                </Data>
                <Data name="purpose">
                    <value>Irrigation</value>
                </Data>
                <Data name="construction">
                    <value>Natural</value>
                </Data>
                <Data name="condition">
                    <value>Needs Maintenance</value>
                </Data>
                <Data name="print_order">
                    <value>076</value>
                </Data>
                <Data name="wb_id">
                    <value>Ti/Mala/55</value>
                </Data>
                <Data name="storage_capacity">
                    <value>59.0</value>
                </Data>
                <Data name="wb_surface_id">
                    <value>4262</value>
                </Data>
                <Data name="created_at">
                    <value>2022-08-02 06:05:08.065320</value>
                </Data>
                <Data name="updated_at">
                    <value>2023-07-24 15:13:05.642045</value>
                </Data>
                <Data name="book_id">
                    <value>3</value>
                </Data>
                <Data name="owners">
                    <value>Aires Carmino Antonio Martins</value>
                </Data>
                <Data name="label_x">
                    <value>976174.0</value>
                </Data>
                <Data name="label_y">
                    <value>1013956.0</value>
                </Data>
            </ExtendedData>
            <Point id="94529">
                <coordinates>73.91379859,15.530492088,0.0</coordinates>
            </Point>
        </Placemark>
        <Placemark id="94563">
            <ExtendedData>
                <Data name="direction">
                    <value>https://maps.google.com?q=15.53074,73.91424&amp;t=h</value>
                </Data>
                <Data name="id">
                    <value>3552</value>
                </Data>
                <Data name="name">
                    <value>Moti Derad</value>
                </Data>
                <Data name="taluka">
                    <value>Tiswadi</value>
                </Data>
                <Data name="syno">
                    <value>201</value>
                </Data>
                <Data name="subdiv">
                    <value>3</value>
                </Data>
                <Data name="village">
                    <value>Malar</value>
                </Data>
                <Data name="latitude">
                    <value>15.53074</value>
                </Data>
                <Data name="longitude">
                    <value>73.91424</value>
                </Data>
                <Data name="photo_1">
                    <value>DCIM/20230502121235018.jpg</value>
                </Data>
                <Data name="photo_2">
                    <value>DCIM/20230502121243802.jpg</value>
                </Data>
                <Data name="syno_pt_list">
                    <value>201/3</value>
                </Data>
                <Data name="constituency">
                    <value>15 - Cumbarjua</value>
                </Data>
                <Data name="status">
                    <value>Completed</value>
                </Data>
                <Data name="panchayat">
                    <value>Sao Matias</value>
                </Data>
                <Data name="wb_type">
                    <value>Pond</value>
                </Data>
                <Data name="owner_type">
                    <value>Communidade</value>
                </Data>
                <Data name="purpose">
                    <value>Storage</value>
                </Data>
                <Data name="construction">
                    <value>Natural</value>
                </Data>
                <Data name="condition">
                    <value>Dry</value>
                </Data>
                <Data name="print_order">
                    <value>055</value>
                </Data>
                <Data name="wb_id">
                    <value>Ti/Mala/31</value>
                </Data>
                <Data name="storage_capacity">
                    <value>91.0</value>
                </Data>
                <Data name="wb_surface_id">
                    <value>4456</value>
                </Data>
                <Data name="created_at">
                    <value>2020-12-05 08:40:27</value>
                </Data>
                <Data name="updated_at">
                    <value>2023-07-24 15:13:06.150792</value>
                </Data>
                <Data name="book_id">
                    <value>3</value>
                </Data>
                <Data name="owners">
                    <value>Communidade of Malar</value>
                </Data>
                <Data name="label_x">
                    <value>976174.0</value>
                </Data>
                <Data name="label_y">
                    <value>1014706.0</value>
                </Data>
            </ExtendedData>
            <Point id="94562">
                <coordinates>73.914240823,15.530737772,0.0</coordinates>
            </Point>
        </Placemark>
        <Placemark id="94596">
            <ExtendedData>
                <Data name="direction">
                    <value>https://maps.google.com?q=15.52806,73.91209&amp;t=h</value>
                </Data>
                <Data name="id">
                    <value>5575</value>
                </Data>
                <Data name="name">
                    <value>Capuddi</value>
                </Data>
                <Data name="taluka">
                    <value>Tiswadi</value>
                </Data>
                <Data name="syno">
                    <value>81</value>
                </Data>
                <Data name="subdiv">
                    <value>3</value>
                </Data>
                <Data name="village">
                    <value>Malar</value>
                </Data>
                <Data name="latitude">
                    <value>15.52806</value>
                </Data>
                <Data name="longitude">
                    <value>73.91209</value>
                </Data>
                <Data name="photo_1">
                    <value>DCIM/20230502112133911.jpg</value>
                </Data>
                <Data name="photo_2">
                    <value>DCIM/20230502112144555.jpg</value>
                </Data>
                <Data name="syno_pt_list">
                    <value>81/3</value>
                </Data>
                <Data name="constituency">
                    <value>15 - Cumbarjua</value>
                </Data>
                <Data name="status">
                    <value>Completed</value>
                </Data>
                <Data name="panchayat">
                    <value>Sao Matias</value>
                </Data>
                <Data name="wb_type">
                    <value>Pond</value>
                </Data>
                <Data name="owner_type">
                    <value>Communidade / Public</value>
                </Data>
                <Data name="purpose">
                    <value>Storage</value>
                </Data>
                <Data name="construction">
                    <value>Natural</value>
                </Data>
                <Data name="condition">
                    <value>Dry</value>
                </Data>
                <Data name="print_order">
                    <value>085</value>
                </Data>
                <Data name="wb_id">
                    <value>Ti/Mala/66</value>
                </Data>
                <Data name="storage_capacity">
                    <value>43.0</value>
                </Data>
                <Data name="wb_surface_id">
                    <value>4448</value>
                </Data>
                <Data name="created_at">
                    <value>2022-08-16 02:47:10.363245</value>
                </Data>
                <Data name="updated_at">
                    <value>2023-07-24 15:13:03.262525</value>
                </Data>
                <Data name="book_id">
                    <value>3</value>
                </Data>
                <Data name="owners">
                    <value>Block Development Officer Panaji
Communidade of Malar</value>
                </Data>
                <Data name="label_x">
                    <value>976174.0</value>
                </Data>
                <Data name="label_y">
                    <value>1010456.0</value>
                </Data>
            </ExtendedData>
            <Point id="94595">
                <coordinates>73.912092416,15.528063831,0.0</coordinates>
            </Point>
        </Placemark>
        <Placemark id="94629">
            <ExtendedData>
                <Data name="direction">
                    <value>https://maps.google.com?q=15.52296,73.91319&amp;t=h</value>
                </Data>
                <Data name="id">
                    <value>5571</value>
                </Data>
                <Data name="name">
                    <value>Revencho Aak</value>
                </Data>
                <Data name="taluka">
                    <value>Tiswadi</value>
                </Data>
                <Data name="syno">
                    <value>66</value>
                </Data>
                <Data name="subdiv">
                    <value>1</value>
                </Data>
                <Data name="village">
                    <value>Malar</value>
                </Data>
                <Data name="latitude">
                    <value>15.52296</value>
                </Data>
                <Data name="longitude">
                    <value>73.91319</value>
                </Data>
                <Data name="photo_1">
                    <value>DCIM/20230502113559854.jpg</value>
                </Data>
                <Data name="photo_2">
                    <value>DCIM/20230502113607063.jpg</value>
                </Data>
                <Data name="syno_pt_list">
                    <value>66/1</value>
                </Data>
                <Data name="constituency">
                    <value>15 - Cumbarjua</value>
                </Data>
                <Data name="status">
                    <value>Completed</value>
                </Data>
                <Data name="panchayat">
                    <value>Sao Matias</value>
                </Data>
                <Data name="wb_type">
                    <value>Pond</value>
                </Data>
                <Data name="owner_type">
                    <value>Communidade</value>
                </Data>
                <Data name="purpose">
                    <value>Storage</value>
                </Data>
                <Data name="construction">
                    <value>Natural</value>
                </Data>
                <Data name="condition">
                    <value>Dry</value>
                </Data>
                <Data name="print_order">
                    <value>031</value>
                </Data>
                <Data name="wb_id">
                    <value>Ti/Mala/05</value>
                </Data>
                <Data name="storage_capacity">
                    <value>190.0</value>
                </Data>
                <Data name="wb_surface_id">
                    <value>4431</value>
                </Data>
                <Data name="created_at">
                    <value>2022-08-16 02:30:10.391255</value>
                </Data>
                <Data name="updated_at">
                    <value>2023-07-24 15:12:58.898467</value>
                </Data>
                <Data name="book_id">
                    <value>3</value>
                </Data>
                <Data name="owners">
                    <value>Communidade of Malar</value>
                </Data>
                <Data name="label_x">
                    <value>976174.0</value>
                </Data>
                <Data name="label_y">
                    <value>1004456.0</value>
                </Data>
            </ExtendedData>
            <Point id="94628">
                <coordinates>73.913187308,15.522957213,0.0</coordinates>
            </Point>
        </Placemark>
        <Placemark id="94662">
            <ExtendedData>
                <Data name="direction">
                    <value>https://maps.google.com?q=15.5326,73.91099&amp;t=h</value>
                </Data>
                <Data name="id">
                    <value>6160</value>
                </Data>
                <Data name="name">
                    <value>Ambai</value>
                </Data>
                <Data name="taluka">
                    <value>Tiswadi</value>
                </Data>
                <Data name="syno">
                    <value>119</value>
                </Data>
                <Data name="subdiv">
                    <value>1</value>
                </Data>
                <Data name="village">
                    <value>Malar</value>
                </Data>
                <Data name="latitude">
                    <value>15.5326</value>
                </Data>
                <Data name="longitude">
                    <value>73.91099</value>
                </Data>
                <Data name="photo_1">
                    <value>DCIM/20230504085556079.jpg</value>
                </Data>
                <Data name="photo_2">
                    <value>DCIM/20230504085601667.jpg</value>
                </Data>
                <Data name="constituency">
                    <value>15 - Cumbarjua</value>
                </Data>
                <Data name="status">
                    <value>Completed</value>
                </Data>
                <Data name="panchayat">
                    <value>Sao Matias</value>
                </Data>
                <Data name="wb_type">
                    <value>Tank</value>
                </Data>
                <Data name="owner_type">
                    <value>Private</value>
                </Data>
                <Data name="purpose">
                    <value>Storage</value>
                </Data>
                <Data name="construction">
                    <value>Natural/Man Made</value>
                </Data>
                <Data name="condition">
                    <value>Dry</value>
                </Data>
                <Data name="print_order">
                    <value>143</value>
                </Data>
                <Data name="wb_id">
                    <value>Ti/Mala/03</value>
                </Data>
                <Data name="storage_capacity">
                    <value>219.0</value>
                </Data>
                <Data name="wb_surface_id">
                    <value>5636</value>
                </Data>
                <Data name="created_at">
                    <value>2023-05-04 00:00:00</value>
                </Data>
                <Data name="updated_at">
                    <value>2023-07-24 15:13:09.360674</value>
                </Data>
                <Data name="book_id">
                    <value>3</value>
                </Data>
                <Data name="owners">
                    <value>Francisco Januario Guilherme Menezes</value>
                </Data>
                <Data name="label_x">
                    <value>976174.0</value>
                </Data>
                <Data name="label_y">
                    <value>1019456.0</value>
                </Data>
            </ExtendedData>
            <Point id="94661">
                <coordinates>73.910991633,15.532599114,0.0</coordinates>
            </Point>
        </Placemark>
        <Placemark id="94694">
            <ExtendedData>
                <Data name="direction">
                    <value>https://maps.google.com?q=15.53151,73.91189&amp;t=h</value>
                </Data>
                <Data name="id">
                    <value>6162</value>
                </Data>
                <Data name="name">
                    <value>Marcho Aak</value>
                </Data>
                <Data name="taluka">
                    <value>Tiswadi</value>
                </Data>
                <Data name="syno">
                    <value>122</value>
                </Data>
                <Data name="subdiv">
                    <value>6</value>
                </Data>
                <Data name="village">
                    <value>Malar</value>
                </Data>
                <Data name="latitude">
                    <value>15.53151</value>
                </Data>
                <Data name="longitude">
                    <value>73.91189</value>
                </Data>
                <Data name="photo_1">
                    <value>DCIM/20230504085823801.jpg</value>
                </Data>
                <Data name="photo_2">
                    <value>DCIM/20230504085829913.jpg</value>
                </Data>
                <Data name="constituency">
                    <value>15 - Cumbarjua</value>
                </Data>
                <Data name="status">
                    <value>Completed</value>
                </Data>
                <Data name="panchayat">
                    <value>Sao Matias</value>
                </Data>
                <Data name="wb_type">
                    <value>Tank</value>
                </Data>
                <Data name="owner_type">
                    <value>Communidade</value>
                </Data>
                <Data name="purpose">
                    <value>Irrigation</value>
                </Data>
                <Data name="construction">
                    <value>Natural/Man Made</value>
                </Data>
                <Data name="condition">
                    <value>Good</value>
                </Data>
                <Data name="print_order">
                    <value>152</value>
                </Data>
                <Data name="wb_id">
                    <value>Ti/Mala/67</value>
                </Data>
                <Data name="storage_capacity">
                    <value>43.0</value>
                </Data>
                <Data name="wb_surface_id">
                    <value>5641</value>
                </Data>
                <Data name="created_at">
                    <value>2023-05-04 00:00:00</value>
                </Data>
                <Data name="updated_at">
                    <value>2023-07-24 15:13:08.372732</value>
                </Data>
                <Data name="book_id">
                    <value>3</value>
                </Data>
                <Data name="owners">
                    <value>Communidade of Malar</value>
                </Data>
                <Data name="label_x">
                    <value>976174.0</value>
                </Data>
                <Data name="label_y">
                    <value>1017956.0</value>
                </Data>
            </ExtendedData>
            <Point id="94693">
                <coordinates>73.911891258,15.531514598,0.0</coordinates>
            </Point>
        </Placemark>
        <Placemark id="94726">
            <ExtendedData>
                <Data name="direction">
                    <value>https://maps.google.com?q=15.53037,73.91408&amp;t=h</value>
                </Data>
                <Data name="id">
                    <value>5583</value>
                </Data>
                <Data name="name">
                    <value>Moti Derad</value>
                </Data>
                <Data name="taluka">
                    <value>Tiswadi</value>
                </Data>
                <Data name="syno">
                    <value>201</value>
                </Data>
                <Data name="subdiv">
                    <value>2</value>
                </Data>
                <Data name="village">
                    <value>Malar</value>
                </Data>
                <Data name="latitude">
                    <value>15.53037</value>
                </Data>
                <Data name="longitude">
                    <value>73.91408</value>
                </Data>
                <Data name="photo_1">
                    <value>DCIM/20230502120724771.jpg</value>
                </Data>
                <Data name="photo_2">
                    <value>DCIM/20230502120733706.jpg</value>
                </Data>
                <Data name="syno_pt_list">
                    <value>201/2</value>
                </Data>
                <Data name="constituency">
                    <value>15 - Cumbarjua</value>
                </Data>
                <Data name="status">
                    <value>Completed</value>
                </Data>
                <Data name="panchayat">
                    <value>Sao Matias</value>
                </Data>
                <Data name="wb_type">
                    <value>Pond</value>
                </Data>
                <Data name="owner_type">
                    <value>Communidade</value>
                </Data>
                <Data name="purpose">
                    <value>Storage</value>
                </Data>
                <Data name="construction">
                    <value>Natural</value>
                </Data>
                <Data name="condition">
                    <value>Dry</value>
                </Data>
                <Data name="print_order">
                    <value>089</value>
                </Data>
                <Data name="wb_id">
                    <value>Ti/Mala/72</value>
                </Data>
                <Data name="storage_capacity">
                    <value>23.0</value>
                </Data>
                <Data name="wb_surface_id">
                    <value>4482</value>
                </Data>
                <Data name="created_at">
                    <value>2022-08-16 03:34:10.574587</value>
                </Data>
                <Data name="updated_at">
                    <value>2023-07-24 15:13:05.318014</value>
                </Data>
                <Data name="book_id">
                    <value>3</value>
                </Data>
                <Data name="owners">
                    <value>Communidade of Malar</value>
                </Data>
                <Data name="label_x">
                    <value>976174.0</value>
                </Data>
                <Data name="label_y">
                    <value>1013456.0</value>
                </Data>
            </ExtendedData>
            <Point id="94725">
                <coordinates>73.914079553,15.530374915,0.0</coordinates>
            </Point>
        </Placemark>
        <Placemark id="94759">
            <ExtendedData>
                <Data name="direction">
                    <value>https://maps.google.com?q=15.52656,73.90982&amp;t=h</value>
                </Data>
                <Data name="id">
                    <value>3555</value>
                </Data>
                <Data name="name">
                    <value>Corari</value>
                </Data>
                <Data name="taluka">
                    <value>Tiswadi</value>
                </Data>
                <Data name="syno">
                    <value>79</value>
                </Data>
                <Data name="subdiv">
                    <value>1</value>
                </Data>
                <Data name="village">
                    <value>Malar</value>
                </Data>
                <Data name="latitude">
                    <value>15.52656</value>
                </Data>
                <Data name="longitude">
                    <value>73.90982</value>
                </Data>
                <Data name="photo_1">
                    <value>DCIM/20230502110136689.jpg</value>
                </Data>
                <Data name="photo_2">
                    <value>DCIM/20230502110152777.jpg</value>
                </Data>
                <Data name="syno_pt_list">
                    <value>79/1</value>
                </Data>
                <Data name="constituency">
                    <value>15 - Cumbarjua</value>
                </Data>
                <Data name="status">
                    <value>Completed</value>
                </Data>
                <Data name="panchayat">
                    <value>Sao Matias</value>
                </Data>
                <Data name="wb_type">
                    <value>Pond</value>
                </Data>
                <Data name="owner_type">
                    <value>Private</value>
                </Data>
                <Data name="purpose">
                    <value>Storage</value>
                </Data>
                <Data name="construction">
                    <value>Natural</value>
                </Data>
                <Data name="condition">
                    <value>Dry</value>
                </Data>
                <Data name="print_order">
                    <value>056</value>
                </Data>
                <Data name="wb_id">
                    <value>Ti/Mala/32</value>
                </Data>
                <Data name="storage_capacity">
                    <value>89.0</value>
                </Data>
                <Data name="wb_surface_id">
                    <value>4434</value>
                </Data>
                <Data name="created_at">
                    <value>2020-12-05 08:40:27</value>
                </Data>
                <Data name="updated_at">
                    <value>2023-07-24 15:13:01.626553</value>
                </Data>
                <Data name="book_id">
                    <value>3</value>
                </Data>
                <Data name="owners">
                    <value>2 Two
Aires Fernandes D'Sa
Camilo Aires D'Sa</value>
                </Data>
                <Data name="label_x">
                    <value>976174.0</value>
                </Data>
                <Data name="label_y">
                    <value>1008206.0</value>
                </Data>
            </ExtendedData>
            <Point id="94758">
                <coordinates>73.909817937,15.526559961,0.0</coordinates>
            </Point>
        </Placemark>
        <Placemark id="94792">
            <ExtendedData>
                <Data name="direction">
                    <value>https://maps.google.com?q=15.52179,73.91489&amp;t=h</value>
                </Data>
                <Data name="id">
                    <value>3563</value>
                </Data>
                <Data name="name">
                    <value>Khoreche Paind</value>
                </Data>
                <Data name="taluka">
                    <value>Tiswadi</value>
                </Data>
                <Data name="syno">
                    <value>60</value>
                </Data>
                <Data name="subdiv">
                    <value>8</value>
                </Data>
                <Data name="village">
                    <value>Malar</value>
                </Data>
                <Data name="latitude">
                    <value>15.52179</value>
                </Data>
                <Data name="longitude">
                    <value>73.91489</value>
                </Data>
                <Data name="photo_1">
                    <value>DCIM/20230502113359525.jpg</value>
                </Data>
                <Data name="photo_2">
                    <value>DCIM/20230502113408620.jpg</value>
                </Data>
                <Data name="syno_pt_list">
                    <value>60/4,8; 61/1</value>
                </Data>
                <Data name="constituency">
                    <value>15 - Cumbarjua</value>
                </Data>
                <Data name="status">
                    <value>Completed</value>
                </Data>
                <Data name="panchayat">
                    <value>Sao Matias</value>
                </Data>
                <Data name="wb_type">
                    <value>Pond</value>
                </Data>
                <Data name="owner_type">
                    <value>Communidade</value>
                </Data>
                <Data name="purpose">
                    <value>Irrigation</value>
                </Data>
                <Data name="construction">
                    <value>Natural</value>
                </Data>
                <Data name="condition">
                    <value>Needs Maintenance</value>
                </Data>
                <Data name="print_order">
                    <value>082</value>
                </Data>
                <Data name="wb_id">
                    <value>Ti/Mala/61</value>
                </Data>
                <Data name="storage_capacity">
                    <value>47.0</value>
                </Data>
                <Data name="wb_surface_id">
                    <value>4430</value>
                </Data>
                <Data name="created_at">
                    <value>2020-12-05 08:40:27</value>
                </Data>
                <Data name="updated_at">
                    <value>2023-07-24 15:12:51.625883</value>
                </Data>
                <Data name="book_id">
                    <value>3</value>
                </Data>
                <Data name="owners">
                    <value>Communidade of Malar</value>
                </Data>
                <Data name="label_x">
                    <value>976174.0</value>
                </Data>
                <Data name="label_y">
                    <value>1004206.0</value>
                </Data>
            </ExtendedData>
            <Point id="94791">
                <coordinates>73.914890194,15.521786925,0.0</coordinates>
            </Point>
        </Placemark>
        <Placemark id="94825">
            <ExtendedData>
                <Data name="direction">
                    <value>https://maps.google.com?q=15.53145,73.91572&amp;t=h</value>
                </Data>
                <Data name="id">
                    <value>3541</value>
                </Data>
                <Data name="name">
                    <value>Deroid</value>
                </Data>
                <Data name="taluka">
                    <value>Tiswadi</value>
                </Data>
                <Data name="syno">
                    <value>197</value>
                </Data>
                <Data name="subdiv">
                    <value>1</value>
                </Data>
                <Data name="village">
                    <value>Malar</value>
                </Data>
                <Data name="latitude">
                    <value>15.53145</value>
                </Data>
                <Data name="longitude">
                    <value>73.91572</value>
                </Data>
                <Data name="photo_1">
                    <value>DCIM/20230502121842198.jpg</value>
                </Data>
                <Data name="photo_2">
                    <value>DCIM/20230502121852293.jpg</value>
                </Data>
                <Data name="syno_pt_list">
                    <value>197/1</value>
                </Data>
                <Data name="constituency">
                    <value>15 - Cumbarjua</value>
                </Data>
                <Data name="status">
                    <value>Completed</value>
                </Data>
                <Data name="panchayat">
                    <value>Sao Matias</value>
                </Data>
                <Data name="wb_type">
                    <value>Pond</value>
                </Data>
                <Data name="owner_type">
                    <value>Communidade</value>
                </Data>
                <Data name="purpose">
                    <value>Irrigation</value>
                </Data>
                <Data name="construction">
                    <value>Natural</value>
                </Data>
                <Data name="condition">
                    <value>Needs Maintenance</value>
                </Data>
                <Data name="print_order">
                    <value>052</value>
                </Data>
                <Data name="wb_id">
                    <value>Ti/Mala/28</value>
                </Data>
                <Data name="storage_capacity">
                    <value>93.0</value>
                </Data>
                <Data name="wb_surface_id">
                    <value>4463</value>
                </Data>
                <Data name="created_at">
                    <value>2020-12-05 08:40:27</value>
                </Data>
                <Data name="updated_at">
                    <value>2023-07-24 15:13:09.024743</value>
                </Data>
                <Data name="book_id">
                    <value>3</value>
                </Data>
                <Data name="owners">
                    <value>Communidade of Malar</value>
                </Data>
                <Data name="label_x">
                    <value>976174.0</value>
                </Data>
                <Data name="label_y">
                    <value>1018956.0</value>
                </Data>
            </ExtendedData>
            <Point id="94824">
                <coordinates>73.915724381,15.531445849,0.0</coordinates>
            </Point>
        </Placemark>
        <Placemark id="94858">
            <ExtendedData>
                <Data name="direction">
                    <value>https://maps.google.com?q=15.52712,73.91102&amp;t=h</value>
                </Data>
                <Data name="id">
                    <value>3556</value>
                </Data>
                <Data name="name">
                    <value>Khorani</value>
                </Data>
                <Data name="taluka">
                    <value>Tiswadi</value>
                </Data>
                <Data name="syno">
                    <value>80</value>
                </Data>
                <Data name="subdiv">
                    <value>3</value>
                </Data>
                <Data name="village">
                    <value>Malar</value>
                </Data>
                <Data name="latitude">
                    <value>15.52712</value>
                </Data>
                <Data name="longitude">
                    <value>73.91102</value>
                </Data>
                <Data name="photo_1">
                    <value>DCIM/20230502111640160.jpg</value>
                </Data>
                <Data name="photo_2">
                    <value>DCIM/20230502111648907.jpg</value>
                </Data>
                <Data name="syno_pt_list">
                    <value>80/3</value>
                </Data>
                <Data name="constituency">
                    <value>15 - Cumbarjua</value>
                </Data>
                <Data name="status">
                    <value>Completed</value>
                </Data>
                <Data name="panchayat">
                    <value>Sao Matias</value>
                </Data>
                <Data name="wb_type">
                    <value>Pond</value>
                </Data>
                <Data name="owner_type">
                    <value>Communidade</value>
                </Data>
                <Data name="purpose">
                    <value>Irrigation</value>
                </Data>
                <Data name="construction">
                    <value>Natural</value>
                </Data>
                <Data name="condition">
                    <value>Dry</value>
                </Data>
                <Data name="print_order">
                    <value>044</value>
                </Data>
                <Data name="wb_id">
                    <value>Ti/Mala/19</value>
                </Data>
                <Data name="storage_capacity">
                    <value>110.0</value>
                </Data>
                <Data name="wb_surface_id">
                    <value>4440</value>
                </Data>
                <Data name="created_at">
                    <value>2020-12-05 08:40:27</value>
                </Data>
                <Data name="updated_at">
                    <value>2023-07-24 15:13:01.274505</value>
                </Data>
                <Data name="book_id">
                    <value>3</value>
                </Data>
                <Data name="owners">
                    <value>Communidade of Malar</value>
                </Data>
                <Data name="label_x">
                    <value>976174.0</value>
                </Data>
                <Data name="label_y">
                    <value>1007706.0</value>
                </Data>
            </ExtendedData>
            <Point id="94857">
                <coordinates>73.911020723,15.527122736,0.0</coordinates>
            </Point>
        </Placemark>
        <Placemark id="94891">
            <ExtendedData>
                <Data name="direction">
                    <value>https://maps.google.com?q=15.52794,73.91196&amp;t=h</value>
                </Data>
                <Data name="id">
                    <value>5574</value>
                </Data>
                <Data name="name">
                    <value>Capuddi</value>
                </Data>
                <Data name="taluka">
                    <value>Tiswadi</value>
                </Data>
                <Data name="syno">
                    <value>81</value>
                </Data>
                <Data name="subdiv">
                    <value>2</value>
                </Data>
                <Data name="village">
                    <value>Malar</value>
                </Data>
                <Data name="latitude">
                    <value>15.52794</value>
                </Data>
                <Data name="longitude">
                    <value>73.91196</value>
                </Data>
                <Data name="photo_1">
                    <value>DCIM/20230502112022560.jpg</value>
                </Data>
                <Data name="photo_2">
                    <value>DCIM/20230502112051027.jpg</value>
                </Data>
                <Data name="syno_pt_list">
                    <value>81/2</value>
                </Data>
                <Data name="constituency">
                    <value>15 - Cumbarjua</value>
                </Data>
                <Data name="status">
                    <value>Completed</value>
                </Data>
                <Data name="panchayat">
                    <value>Sao Matias</value>
                </Data>
                <Data name="wb_type">
                    <value>Pond</value>
                </Data>
                <Data name="owner_type">
                    <value>Communidade / Public</value>
                </Data>
                <Data name="purpose">
                    <value>Storage</value>
                </Data>
                <Data name="construction">
                    <value>Natural</value>
                </Data>
                <Data name="condition">
                    <value>Dry</value>
                </Data>
                <Data name="print_order">
                    <value>050</value>
                </Data>
                <Data name="wb_id">
                    <value>Ti/Mala/26</value>
                </Data>
                <Data name="storage_capacity">
                    <value>96.0</value>
                </Data>
                <Data name="wb_surface_id">
                    <value>4447</value>
                </Data>
                <Data name="created_at">
                    <value>2022-08-16 02:47:10.363245</value>
                </Data>
                <Data name="updated_at">
                    <value>2023-07-24 15:13:02.910527</value>
                </Data>
                <Data name="book_id">
                    <value>3</value>
                </Data>
                <Data name="owners">
                    <value>Block Development Officer Panaji
Communidade of Malar</value>
                </Data>
                <Data name="label_x">
                    <value>976174.0</value>
                </Data>
                <Data name="label_y">
                    <value>1009956.0</value>
                </Data>
            </ExtendedData>
            <Point id="94890">
                <coordinates>73.91195547,15.52794479,0.0</coordinates>
            </Point>
        </Placemark>
        <Placemark id="94924">
            <ExtendedData>
                <Data name="direction">
                    <value>https://maps.google.com?q=15.53137,73.91609&amp;t=h</value>
                </Data>
                <Data name="id">
                    <value>3546</value>
                </Data>
                <Data name="name">
                    <value>Moti Deroid</value>
                </Data>
                <Data name="taluka">
                    <value>Tiswadi</value>
                </Data>
                <Data name="syno">
                    <value>197</value>
                </Data>
                <Data name="subdiv">
                    <value>3</value>
                </Data>
                <Data name="village">
                    <value>Malar</value>
                </Data>
                <Data name="latitude">
                    <value>15.53137</value>
                </Data>
                <Data name="longitude">
                    <value>73.91609</value>
                </Data>
                <Data name="photo_1">
                    <value>DCIM/20230502122448337.jpg</value>
                </Data>
                <Data name="photo_2">
                    <value>DCIM/20230502122456204.jpg</value>
                </Data>
                <Data name="syno_pt_list">
                    <value>197/3</value>
                </Data>
                <Data name="constituency">
                    <value>15 - Cumbarjua</value>
                </Data>
                <Data name="status">
                    <value>Completed</value>
                </Data>
                <Data name="panchayat">
                    <value>Sao Matias</value>
                </Data>
                <Data name="wb_type">
                    <value>Pond</value>
                </Data>
                <Data name="owner_type">
                    <value>Communidade</value>
                </Data>
                <Data name="purpose">
                    <value>Irrigation</value>
                </Data>
                <Data name="construction">
                    <value>Natural</value>
                </Data>
                <Data name="condition">
                    <value>Needs Maintenance</value>
                </Data>
                <Data name="print_order">
                    <value>059</value>
                </Data>
                <Data name="wb_id">
                    <value>Ti/Mala/35</value>
                </Data>
                <Data name="storage_capacity">
                    <value>82.0</value>
                </Data>
                <Data name="wb_surface_id">
                    <value>4466</value>
                </Data>
                <Data name="created_at">
                    <value>2020-12-05 08:40:27</value>
                </Data>
                <Data name="updated_at">
                    <value>2023-07-24 15:13:08.201956</value>
                </Data>
                <Data name="book_id">
                    <value>3</value>
                </Data>
                <Data name="owners">
                    <value>Communidade of Malar</value>
                </Data>
                <Data name="label_x">
                    <value>976174.0</value>
                </Data>
                <Data name="label_y">
                    <value>1017706.0</value>
                </Data>
            </ExtendedData>
            <Point id="94923">
                <coordinates>73.916092278,15.531370253,0.0</coordinates>
            </Point>
        </Placemark>
        <Placemark id="94957">
            <ExtendedData>
                <Data name="direction">
                    <value>https://maps.google.com?q=15.53082,73.918&amp;t=h</value>
                </Data>
                <Data name="id">
                    <value>4839</value>
                </Data>
                <Data name="name">
                    <value>Deroid</value>
                </Data>
                <Data name="taluka">
                    <value>Tiswadi</value>
                </Data>
                <Data name="syno">
                    <value>195</value>
                </Data>
                <Data name="subdiv">
                    <value>1</value>
                </Data>
                <Data name="village">
                    <value>Malar</value>
                </Data>
                <Data name="latitude">
                    <value>15.53082</value>
                </Data>
                <Data name="longitude">
                    <value>73.918</value>
                </Data>
                <Data name="photo_1">
                    <value>DCIM/20230502124202204.jpg</value>
                </Data>
                <Data name="photo_2">
                    <value>DCIM/20230502124217357.jpg</value>
                </Data>
                <Data name="syno_pt_list">
                    <value>195/1</value>
                </Data>
                <Data name="constituency">
                    <value>15 - Cumbarjua</value>
                </Data>
                <Data name="status">
                    <value>Completed</value>
                </Data>
                <Data name="panchayat">
                    <value>Sao Matias</value>
                </Data>
                <Data name="wb_type">
                    <value>Pond</value>
                </Data>
                <Data name="owner_type">
                    <value>Communidade</value>
                </Data>
                <Data name="purpose">
                    <value>Irrigation</value>
                </Data>
                <Data name="construction">
                    <value>Natural</value>
                </Data>
                <Data name="condition">
                    <value>Needs Maintenance</value>
                </Data>
                <Data name="print_order">
                    <value>080</value>
                </Data>
                <Data name="wb_id">
                    <value>Ti/Mala/59</value>
                </Data>
                <Data name="storage_capacity">
                    <value>48.0</value>
                </Data>
                <Data name="wb_surface_id">
                    <value>4472</value>
                </Data>
                <Data name="created_at">
                    <value>2022-05-03 05:28:59.750605</value>
                </Data>
                <Data name="updated_at">
                    <value>2023-07-24 15:13:00.186444</value>
                </Data>
                <Data name="book_id">
                    <value>3</value>
                </Data>
                <Data name="owners">
                    <value>Communidade of Malar</value>
                </Data>
                <Data name="label_x">
                    <value>976174.0</value>
                </Data>
                <Data name="label_y">
                    <value>1006206.0</value>
                </Data>
            </ExtendedData>
            <Point id="94956">
                <coordinates>73.91799854,15.530822187,0.0</coordinates>
            </Point>
        </Placemark>
        <Placemark id="94990">
            <ExtendedData>
                <Data name="direction">
                    <value>https://maps.google.com?q=15.53111,73.916&amp;t=h</value>
                </Data>
                <Data name="id">
                    <value>3543</value>
                </Data>
                <Data name="name">
                    <value>Pascodir Vao</value>
                </Data>
                <Data name="taluka">
                    <value>Tiswadi</value>
                </Data>
                <Data name="syno">
                    <value>197</value>
                </Data>
                <Data name="subdiv">
                    <value>2</value>
                </Data>
                <Data name="village">
                    <value>Malar</value>
                </Data>
                <Data name="latitude">
                    <value>15.53111</value>
                </Data>
                <Data name="longitude">
                    <value>73.916</value>
                </Data>
                <Data name="photo_1">
                    <value>DCIM/20230502122335069.jpg</value>
                </Data>
                <Data name="photo_2">
                    <value>DCIM/20230502122421700.jpg</value>
                </Data>
                <Data name="syno_pt_list">
                    <value>197/2</value>
                </Data>
                <Data name="constituency">
                    <value>15 - Cumbarjua</value>
                </Data>
                <Data name="status">
                    <value>Completed</value>
                </Data>
                <Data name="panchayat">
                    <value>Sao Matias</value>
                </Data>
                <Data name="wb_type">
                    <value>Pond</value>
                </Data>
                <Data name="owner_type">
                    <value>Communidade</value>
                </Data>
                <Data name="purpose">
                    <value>Irrigation</value>
                </Data>
                <Data name="construction">
                    <value>Natural</value>
                </Data>
                <Data name="condition">
                    <value>Good</value>
                </Data>
                <Data name="print_order">
                    <value>048</value>
                </Data>
                <Data name="wb_id">
                    <value>Ti/Mala/24</value>
                </Data>
                <Data name="storage_capacity">
                    <value>101.0</value>
                </Data>
                <Data name="wb_surface_id">
                    <value>4465</value>
                </Data>
                <Data name="created_at">
                    <value>2020-12-05 08:40:27</value>
                </Data>
                <Data name="updated_at">
                    <value>2023-07-24 15:13:06.492130</value>
                </Data>
                <Data name="book_id">
                    <value>3</value>
                </Data>
                <Data name="owners">
                    <value>Communidade of Malar</value>
                </Data>
                <Data name="label_x">
                    <value>976174.0</value>
                </Data>
                <Data name="label_y">
                    <value>1015206.0</value>
                </Data>
            </ExtendedData>
            <Point id="94989">
                <coordinates>73.915996855,15.531110274,0.0</coordinates>
            </Point>
        </Placemark>
        <Placemark id="95023">
            <ExtendedData>
                <Data name="direction">
                    <value>https://maps.google.com?q=15.53584,73.91787&amp;t=h</value>
                </Data>
                <Data name="id">
                    <value>5449</value>
                </Data>
                <Data name="name">
                    <value>Temar</value>
                </Data>
                <Data name="taluka">
                    <value>Tiswadi</value>
                </Data>
                <Data name="syno">
                    <value>185</value>
                </Data>
                <Data name="subdiv">
                    <value>1</value>
                </Data>
                <Data name="village">
                    <value>Malar</value>
                </Data>
                <Data name="latitude">
                    <value>15.53584</value>
                </Data>
                <Data name="longitude">
                    <value>73.91787</value>
                </Data>
                <Data name="photo_1">
                    <value>DCIM/20230504090204295.jpg</value>
                </Data>
                <Data name="photo_2">
                    <value>DCIM/20230504090142394.jpg</value>
                </Data>
                <Data name="syno_pt_list">
                    <value>185/1</value>
                </Data>
                <Data name="constituency">
                    <value>15 - Cumbarjua</value>
                </Data>
                <Data name="status">
                    <value>Completed</value>
                </Data>
                <Data name="panchayat">
                    <value>Sao Matias</value>
                </Data>
                <Data name="wb_type">
                    <value>Pond</value>
                </Data>
                <Data name="owner_type">
                    <value>Communidade / Public</value>
                </Data>
                <Data name="purpose">
                    <value>Storage</value>
                </Data>
                <Data name="construction">
                    <value>Natural</value>
                </Data>
                <Data name="condition">
                    <value>Needs Maintenance</value>
                </Data>
                <Data name="print_order">
                    <value>086</value>
                </Data>
                <Data name="wb_id">
                    <value>Ti/Mala/68</value>
                </Data>
                <Data name="storage_capacity">
                    <value>40.0</value>
                </Data>
                <Data name="wb_surface_id">
                    <value>4263</value>
                </Data>
                <Data name="created_at">
                    <value>2022-08-02 06:12:08.361372</value>
                </Data>
                <Data name="updated_at">
                    <value>2023-07-24 15:13:10.714624</value>
                </Data>
                <Data name="book_id">
                    <value>3</value>
                </Data>
                <Data name="owners">
                    <value>Communidade of Malar
Executive Engineer Work Division II (R-N) P.W.D.</value>
                </Data>
                <Data name="label_x">
                    <value>976174.0</value>
                </Data>
                <Data name="label_y">
                    <value>1021456.0</value>
                </Data>
            </ExtendedData>
            <Point id="95022">
                <coordinates>73.917867004,15.535843699,0.0</coordinates>
            </Point>
        </Placemark>
        <Placemark id="95056">
            <ExtendedData>
                <Data name="direction">
                    <value>https://maps.google.com?q=15.53114,73.91663&amp;t=h</value>
                </Data>
                <Data name="id">
                    <value>4834</value>
                </Data>
                <Data name="name">
                    <value>Deroid</value>
                </Data>
                <Data name="taluka">
                    <value>Tiswadi</value>
                </Data>
                <Data name="syno">
                    <value>197</value>
                </Data>
                <Data name="subdiv">
                    <value>4</value>
                </Data>
                <Data name="village">
                    <value>Malar</value>
                </Data>
                <Data name="latitude">
                    <value>15.53114</value>
                </Data>
                <Data name="longitude">
                    <value>73.91663</value>
                </Data>
                <Data name="photo_1">
                    <value>DCIM/20230502123631018.jpg</value>
                </Data>
                <Data name="photo_2">
                    <value>DCIM/20230502123638405.jpg</value>
                </Data>
                <Data name="syno_pt_list">
                    <value>197/4</value>
                </Data>
                <Data name="constituency">
                    <value>15 - Cumbarjua</value>
                </Data>
                <Data name="status">
                    <value>Completed</value>
                </Data>
                <Data name="panchayat">
                    <value>Sao Matias</value>
                </Data>
                <Data name="wb_type">
                    <value>Pond</value>
                </Data>
                <Data name="owner_type">
                    <value>Communidade</value>
                </Data>
                <Data name="purpose">
                    <value>Irrigation</value>
                </Data>
                <Data name="construction">
                    <value>Natural</value>
                </Data>
                <Data name="condition">
                    <value>Needs Maintenance</value>
                </Data>
                <Data name="print_order">
                    <value>053</value>
                </Data>
                <Data name="wb_id">
                    <value>Ti/Mala/29</value>
                </Data>
                <Data name="storage_capacity">
                    <value>93.0</value>
                </Data>
                <Data name="wb_surface_id">
                    <value>4468</value>
                </Data>
                <Data name="created_at">
                    <value>2022-05-03 05:28:59.750605</value>
                </Data>
                <Data name="updated_at">
                    <value>2023-07-24 15:13:05.807879</value>
                </Data>
                <Data name="book_id">
                    <value>3</value>
                </Data>
                <Data name="owners">
                    <value>Communidade of Malar</value>
                </Data>
                <Data name="label_x">
                    <value>976174.0</value>
                </Data>
                <Data name="label_y">
                    <value>1014206.0</value>
                </Data>
            </ExtendedData>
            <Point id="95055">
                <coordinates>73.916626485,15.531137168,0.0</coordinates>
            </Point>
        </Placemark>
        <Placemark id="95089">
            <ExtendedData>
                <Data name="direction">
                    <value>https://maps.google.com?q=15.53336,73.91&amp;t=h</value>
                </Data>
                <Data name="id">
                    <value>5587</value>
                </Data>
                <Data name="name">
                    <value>Moloi</value>
                </Data>
                <Data name="taluka">
                    <value>Tiswadi</value>
                </Data>
                <Data name="syno">
                    <value>111</value>
                </Data>
                <Data name="subdiv">
                    <value>2</value>
                </Data>
                <Data name="village">
                    <value>Malar</value>
                </Data>
                <Data name="latitude">
                    <value>15.53336</value>
                </Data>
                <Data name="longitude">
                    <value>73.91</value>
                </Data>
                <Data name="photo_1">
                    <value>DCIM/20230504085419703.jpg</value>
                </Data>
                <Data name="photo_2">
                    <value>DCIM/20230504085426283.jpg</value>
                </Data>
                <Data name="syno_pt_list">
                    <value>111/1-2</value>
                </Data>
                <Data name="constituency">
                    <value>15 - Cumbarjua</value>
                </Data>
                <Data name="status">
                    <value>Completed</value>
                </Data>
                <Data name="panchayat">
                    <value>Sao Matias</value>
                </Data>
                <Data name="wb_type">
                    <value>Tank</value>
                </Data>
                <Data name="owner_type">
                    <value>Private</value>
                </Data>
                <Data name="purpose">
                    <value>Irrigation</value>
                </Data>
                <Data name="construction">
                    <value>Natural/Man Made</value>
                </Data>
                <Data name="condition">
                    <value>Good</value>
                </Data>
                <Data name="print_order">
                    <value>151</value>
                </Data>
                <Data name="wb_id">
                    <value>Ti/Mala/64</value>
                </Data>
                <Data name="storage_capacity">
                    <value>46.0</value>
                </Data>
                <Data name="wb_surface_id">
                    <value>4486</value>
                </Data>
                <Data name="created_at">
                    <value>2022-08-17 03:53:08.525096</value>
                </Data>
                <Data name="updated_at">
                    <value>2023-07-24 15:13:10.042726</value>
                </Data>
                <Data name="book_id">
                    <value>3</value>
                </Data>
                <Data name="owners">
                    <value>Chandrashekhar Hanumant Morajkar</value>
                </Data>
                <Data name="label_x">
                    <value>976174.0</value>
                </Data>
                <Data name="label_y">
                    <value>1020456.0</value>
                </Data>
            </ExtendedData>
            <Point id="95088">
                <coordinates>73.909995935,15.533360503,0.0</coordinates>
            </Point>
        </Placemark>
        <Placemark id="95122">
            <ExtendedData>
                <Data name="direction">
                    <value>https://maps.google.com?q=15.52726,73.90973&amp;t=h</value>
                </Data>
                <Data name="id">
                    <value>5445</value>
                </Data>
                <Data name="name">
                    <value>Vao</value>
                </Data>
                <Data name="taluka">
                    <value>Tiswadi</value>
                </Data>
                <Data name="syno">
                    <value>79</value>
                </Data>
                <Data name="subdiv">
                    <value>2</value>
                </Data>
                <Data name="village">
                    <value>Malar</value>
                </Data>
                <Data name="latitude">
                    <value>15.52726</value>
                </Data>
                <Data name="longitude">
                    <value>73.90973</value>
                </Data>
                <Data name="photo_1">
                    <value>DCIM/20230502110639361.jpg</value>
                </Data>
                <Data name="photo_2">
                    <value>DCIM/20230502110715657.jpg</value>
                </Data>
                <Data name="syno_pt_list">
                    <value>79/2-3</value>
                </Data>
                <Data name="constituency">
                    <value>15 - Cumbarjua</value>
                </Data>
                <Data name="status">
                    <value>Completed</value>
                </Data>
                <Data name="panchayat">
                    <value>Sao Matias</value>
                </Data>
                <Data name="wb_type">
                    <value>Pond</value>
                </Data>
                <Data name="owner_type">
                    <value>Private</value>
                </Data>
                <Data name="purpose">
                    <value>Irrigation</value>
                </Data>
                <Data name="construction">
                    <value>Natural</value>
                </Data>
                <Data name="condition">
                    <value>Needs Maintenance</value>
                </Data>
                <Data name="print_order">
                    <value>061</value>
                </Data>
                <Data name="wb_id">
                    <value>Ti/Mala/38</value>
                </Data>
                <Data name="storage_capacity">
                    <value>80.0</value>
                </Data>
                <Data name="wb_surface_id">
                    <value>4260</value>
                </Data>
                <Data name="created_at">
                    <value>2022-08-02 06:04:08.083576</value>
                </Data>
                <Data name="updated_at">
                    <value>2023-07-24 15:13:03.598514</value>
                </Data>
                <Data name="book_id">
                    <value>3</value>
                </Data>
                <Data name="owners">
                    <value>Mario Pia Vital</value>
                </Data>
                <Data name="label_x">
                    <value>976174.0</value>
                </Data>
                <Data name="label_y">
                    <value>1010956.0</value>
                </Data>
            </ExtendedData>
            <Point id="95121">
                <coordinates>73.909734836,15.527257604,0.0</coordinates>
            </Point>
        </Placemark>
        <Placemark id="95155">
            <ExtendedData>
                <Data name="direction">
                    <value>https://maps.google.com?q=15.53088,73.91725&amp;t=h</value>
                </Data>
                <Data name="id">
                    <value>4837</value>
                </Data>
                <Data name="name">
                    <value>deroid</value>
                </Data>
                <Data name="taluka">
                    <value>Tiswadi</value>
                </Data>
                <Data name="syno">
                    <value>196</value>
                </Data>
                <Data name="subdiv">
                    <value>1</value>
                </Data>
                <Data name="village">
                    <value>Malar</value>
                </Data>
                <Data name="latitude">
                    <value>15.53088</value>
                </Data>
                <Data name="longitude">
                    <value>73.91725</value>
                </Data>
                <Data name="photo_1">
                    <value>DCIM/20230502123740280.jpg</value>
                </Data>
                <Data name="photo_2">
                    <value>DCIM/20230502123756920.jpg</value>
                </Data>
                <Data name="syno_pt_list">
                    <value>196/1</value>
                </Data>
                <Data name="constituency">
                    <value>15 - Cumbarjua</value>
                </Data>
                <Data name="status">
                    <value>Completed</value>
                </Data>
                <Data name="panchayat">
                    <value>Sao Matias</value>
                </Data>
                <Data name="wb_type">
                    <value>Pond</value>
                </Data>
                <Data name="owner_type">
                    <value>Communidade</value>
                </Data>
                <Data name="purpose">
                    <value>Irrigation</value>
                </Data>
                <Data name="construction">
                    <value>Natural</value>
                </Data>
                <Data name="condition">
                    <value>Needs Maintenance</value>
                </Data>
                <Data name="print_order">
                    <value>083</value>
                </Data>
                <Data name="wb_id">
                    <value>Ti/Mala/62</value>
                </Data>
                <Data name="storage_capacity">
                    <value>46.0</value>
                </Data>
                <Data name="wb_surface_id">
                    <value>4470</value>
                </Data>
                <Data name="created_at">
                    <value>2022-05-03 05:28:59.750605</value>
                </Data>
                <Data name="updated_at">
                    <value>2023-07-24 15:13:04.629026</value>
                </Data>
                <Data name="book_id">
                    <value>3</value>
                </Data>
                <Data name="owners">
                    <value>Communidade of Malar</value>
                </Data>
                <Data name="label_x">
                    <value>976174.0</value>
                </Data>
                <Data name="label_y">
                    <value>1012456.0</value>
                </Data>
            </ExtendedData>
            <Point id="95154">
                <coordinates>73.917245106,15.530878884,0.0</coordinates>
            </Point>
        </Placemark>
        <Placemark id="95188">
            <ExtendedData>
                <Data name="direction">
                    <value>https://maps.google.com?q=15.53134,73.91545&amp;t=h</value>
                </Data>
                <Data name="id">
                    <value>3540</value>
                </Data>
                <Data name="name">
                    <value>Deroid</value>
                </Data>
                <Data name="taluka">
                    <value>Tiswadi</value>
                </Data>
                <Data name="syno">
                    <value>197</value>
                </Data>
                <Data name="subdiv">
                    <value>1</value>
                </Data>
                <Data name="village">
                    <value>Malar</value>
                </Data>
                <Data name="latitude">
                    <value>15.53134</value>
                </Data>
                <Data name="longitude">
                    <value>73.91545</value>
                </Data>
                <Data name="photo_1">
                    <value>DCIM/20230502121621988.jpg</value>
                </Data>
                <Data name="photo_2">
                    <value>DCIM/20230502121630505.jpg</value>
                </Data>
                <Data name="syno_pt_list">
                    <value>197/1</value>
                </Data>
                <Data name="constituency">
                    <value>15 - Cumbarjua</value>
                </Data>
                <Data name="status">
                    <value>Completed</value>
                </Data>
                <Data name="panchayat">
                    <value>Sao Matias</value>
                </Data>
                <Data name="wb_type">
                    <value>Pond</value>
                </Data>
                <Data name="owner_type">
                    <value>Communidade</value>
                </Data>
                <Data name="purpose">
                    <value>Irrigation</value>
                </Data>
                <Data name="construction">
                    <value>Natural</value>
                </Data>
                <Data name="condition">
                    <value>Needs Maintenance</value>
                </Data>
                <Data name="print_order">
                    <value>042</value>
                </Data>
                <Data name="wb_id">
                    <value>Ti/Mala/17</value>
                </Data>
                <Data name="storage_capacity">
                    <value>121.0</value>
                </Data>
                <Data name="wb_surface_id">
                    <value>4462</value>
                </Data>
                <Data name="created_at">
                    <value>2020-12-05 08:40:27</value>
                </Data>
                <Data name="updated_at">
                    <value>2023-07-24 15:13:08.032701</value>
                </Data>
                <Data name="book_id">
                    <value>3</value>
                </Data>
                <Data name="owners">
                    <value>Communidade of Malar</value>
                </Data>
                <Data name="label_x">
                    <value>976174.0</value>
                </Data>
                <Data name="label_y">
                    <value>1017456.0</value>
                </Data>
            </ExtendedData>
            <Point id="95187">
                <coordinates>73.915445938,15.531336235,0.0</coordinates>
            </Point>
        </Placemark>
        <Placemark id="95221">
            <ExtendedData>
                <Data name="direction">
                    <value>https://maps.google.com?q=15.53114,73.91495&amp;t=h</value>
                </Data>
                <Data name="id">
                    <value>3538</value>
                </Data>
                <Data name="name">
                    <value>Moti Derad</value>
                </Data>
                <Data name="taluka">
                    <value>Tiswadi</value>
                </Data>
                <Data name="syno">
                    <value>201</value>
                </Data>
                <Data name="subdiv">
                    <value>6</value>
                </Data>
                <Data name="village">
                    <value>Malar</value>
                </Data>
                <Data name="latitude">
                    <value>15.53114</value>
                </Data>
                <Data name="longitude">
                    <value>73.91495</value>
                </Data>
                <Data name="photo_1">
                    <value>DCIM/20230502121403967.jpg</value>
                </Data>
                <Data name="photo_2">
                    <value>DCIM/20230502121510501.jpg</value>
                </Data>
                <Data name="syno_pt_list">
                    <value>201/6</value>
                </Data>
                <Data name="constituency">
                    <value>15 - Cumbarjua</value>
                </Data>
                <Data name="status">
                    <value>Completed</value>
                </Data>
                <Data name="panchayat">
                    <value>Sao Matias</value>
                </Data>
                <Data name="wb_type">
                    <value>Pond</value>
                </Data>
                <Data name="owner_type">
                    <value>Private</value>
                </Data>
                <Data name="purpose">
                    <value>Irrigation</value>
                </Data>
                <Data name="construction">
                    <value>Natural/Man Made</value>
                </Data>
                <Data name="condition">
                    <value>Good</value>
                </Data>
                <Data name="print_order">
                    <value>036</value>
                </Data>
                <Data name="wb_id">
                    <value>Ti/Mala/10</value>
                </Data>
                <Data name="storage_capacity">
                    <value>145.0</value>
                </Data>
                <Data name="wb_surface_id">
                    <value>4459</value>
                </Data>
                <Data name="created_at">
                    <value>2020-12-05 08:40:27</value>
                </Data>
                <Data name="updated_at">
                    <value>2023-07-24 15:13:07.166507</value>
                </Data>
                <Data name="book_id">
                    <value>3</value>
                </Data>
                <Data name="owners">
                    <value>Madhukar Tukaram Kundaikar</value>
                </Data>
                <Data name="label_x">
                    <value>976174.0</value>
                </Data>
                <Data name="label_y">
                    <value>1016206.0</value>
                </Data>
            </ExtendedData>
            <Point id="95220">
                <coordinates>73.914950789,15.531139688,0.0</coordinates>
            </Point>
        </Placemark>
        <Placemark id="95254">
            <ExtendedData>
                <Data name="direction">
                    <value>https://maps.google.com?q=15.52784,73.91307&amp;t=h</value>
                </Data>
                <Data name="id">
                    <value>5578</value>
                </Data>
                <Data name="name">
                    <value>Konso</value>
                </Data>
                <Data name="taluka">
                    <value>Tiswadi</value>
                </Data>
                <Data name="syno">
                    <value>204</value>
                </Data>
                <Data name="subdiv">
                    <value>1</value>
                </Data>
                <Data name="village">
                    <value>Malar</value>
                </Data>
                <Data name="latitude">
                    <value>15.52784</value>
                </Data>
                <Data name="longitude">
                    <value>73.91307</value>
                </Data>
                <Data name="photo_1">
                    <value>DCIM/20230502112259286.jpg</value>
                </Data>
                <Data name="photo_2">
                    <value>DCIM/20230502112306420.jpg</value>
                </Data>
                <Data name="syno_pt_list">
                    <value>204/1</value>
                </Data>
                <Data name="constituency">
                    <value>15 - Cumbarjua</value>
                </Data>
                <Data name="status">
                    <value>Completed</value>
                </Data>
                <Data name="panchayat">
                    <value>Sao Matias</value>
                </Data>
                <Data name="wb_type">
                    <value>Pond</value>
                </Data>
                <Data name="owner_type">
                    <value>Private</value>
                </Data>
                <Data name="purpose">
                    <value>Storage</value>
                </Data>
                <Data name="construction">
                    <value>Natural</value>
                </Data>
                <Data name="condition">
                    <value>Dry</value>
                </Data>
                <Data name="print_order">
                    <value>062</value>
                </Data>
                <Data name="wb_id">
                    <value>Ti/Mala/39</value>
                </Data>
                <Data name="storage_capacity">
                    <value>80.0</value>
                </Data>
                <Data name="wb_surface_id">
                    <value>4450</value>
                </Data>
                <Data name="created_at">
                    <value>2022-08-16 02:48:10.371389</value>
                </Data>
                <Data name="updated_at">
                    <value>2023-07-24 15:13:00.722428</value>
                </Data>
                <Data name="book_id">
                    <value>3</value>
                </Data>
                <Data name="owners">
                    <value>Maria Pia Vital</value>
                </Data>
                <Data name="label_x">
                    <value>976174.0</value>
                </Data>
                <Data name="label_y">
                    <value>1006956.0</value>
                </Data>
            </ExtendedData>
            <Point id="95253">
                <coordinates>73.913065752,15.527838696,0.0</coordinates>
            </Point>
        </Placemark>
        <Placemark id="95287">
            <ExtendedData>
                <Data name="direction">
                    <value>https://maps.google.com?q=15.52724,73.91073&amp;t=h</value>
                </Data>
                <Data name="id">
                    <value>3558</value>
                </Data>
                <Data name="name">
                    <value>Khurari</value>
                </Data>
                <Data name="taluka">
                    <value>Tiswadi</value>
                </Data>
                <Data name="syno">
                    <value>80</value>
                </Data>
                <Data name="subdiv">
                    <value>2</value>
                </Data>
                <Data name="village">
                    <value>Malar</value>
                </Data>
                <Data name="latitude">
                    <value>15.52724</value>
                </Data>
                <Data name="longitude">
                    <value>73.91073</value>
                </Data>
                <Data name="photo_1">
                    <value>DCIM/20230502111509265.jpg</value>
                </Data>
                <Data name="photo_2">
                    <value>DCIM/20230502111519237.jpg</value>
                </Data>
                <Data name="syno_pt_list">
                    <value>80/2</value>
                </Data>
                <Data name="constituency">
                    <value>15 - Cumbarjua</value>
                </Data>
                <Data name="status">
                    <value>Completed</value>
                </Data>
                <Data name="panchayat">
                    <value>Sao Matias</value>
                </Data>
                <Data name="wb_type">
                    <value>Pond</value>
                </Data>
                <Data name="owner_type">
                    <value>Communidade</value>
                </Data>
                <Data name="purpose">
                    <value>Storage</value>
                </Data>
                <Data name="construction">
                    <value>Natural</value>
                </Data>
                <Data name="condition">
                    <value>Dry</value>
                </Data>
                <Data name="print_order">
                    <value>058</value>
                </Data>
                <Data name="wb_id">
                    <value>Ti/Mala/34</value>
                </Data>
                <Data name="storage_capacity">
                    <value>87.0</value>
                </Data>
                <Data name="wb_surface_id">
                    <value>4441</value>
                </Data>
                <Data name="created_at">
                    <value>2020-12-05 08:40:27</value>
                </Data>
                <Data name="updated_at">
                    <value>2023-07-24 15:13:02.486571</value>
                </Data>
                <Data name="book_id">
                    <value>3</value>
                </Data>
                <Data name="owners">
                    <value>Communidade of Malar</value>
                </Data>
                <Data name="label_x">
                    <value>976174.0</value>
                </Data>
                <Data name="label_y">
                    <value>1009456.0</value>
                </Data>
            </ExtendedData>
            <Point id="95286">
                <coordinates>73.910725008,15.527236907,0.0</coordinates>
            </Point>
        </Placemark>
        <Placemark id="95320">
            <ExtendedData>
                <Data name="direction">
                    <value>https://maps.google.com?q=15.53116,73.91645&amp;t=h</value>
                </Data>
                <Data name="id">
                    <value>5581</value>
                </Data>
                <Data name="name">
                    <value>Moti Deroid</value>
                </Data>
                <Data name="taluka">
                    <value>Tiswadi</value>
                </Data>
                <Data name="syno">
                    <value>197</value>
                </Data>
                <Data name="subdiv">
                    <value>6</value>
                </Data>
                <Data name="village">
                    <value>Malar</value>
                </Data>
                <Data name="latitude">
                    <value>15.53116</value>
                </Data>
                <Data name="longitude">
                    <value>73.91645</value>
                </Data>
                <Data name="photo_1">
                    <value>DCIM/20230502122736145.jpg</value>
                </Data>
                <Data name="photo_2">
                    <value>DCIM/20230502122746095.jpg</value>
                </Data>
                <Data name="syno_pt_list">
                    <value>197/3,6</value>
                </Data>
                <Data name="constituency">
                    <value>15 - Cumbarjua</value>
                </Data>
                <Data name="status">
                    <value>Completed</value>
                </Data>
                <Data name="panchayat">
                    <value>Sao Matias</value>
                </Data>
                <Data name="wb_type">
                    <value>Pond</value>
                </Data>
                <Data name="owner_type">
                    <value>Communidade</value>
                </Data>
                <Data name="purpose">
                    <value>Storage</value>
                </Data>
                <Data name="construction">
                    <value>Natural</value>
                </Data>
                <Data name="condition">
                    <value>Dry</value>
                </Data>
                <Data name="print_order">
                    <value>087</value>
                </Data>
                <Data name="wb_id">
                    <value>Ti/Mala/69</value>
                </Data>
                <Data name="storage_capacity">
                    <value>40.0</value>
                </Data>
                <Data name="wb_surface_id">
                    <value>4479</value>
                </Data>
                <Data name="created_at">
                    <value>2022-08-16 03:31:10.584739</value>
                </Data>
                <Data name="updated_at">
                    <value>2023-07-24 15:13:07.356548</value>
                </Data>
                <Data name="book_id">
                    <value>3</value>
                </Data>
                <Data name="owners">
                    <value>Communidade of Malar</value>
                </Data>
                <Data name="label_x">
                    <value>976174.0</value>
                </Data>
                <Data name="label_y">
                    <value>1016456.0</value>
                </Data>
            </ExtendedData>
            <Point id="95319">
                <coordinates>73.916450542,15.531159326,0.0</coordinates>
            </Point>
        </Placemark>
        <Placemark id="95353">
            <ExtendedData>
                <Data name="direction">
                    <value>https://maps.google.com?q=15.53061,73.91403&amp;t=h</value>
                </Data>
                <Data name="id">
                    <value>3549</value>
                </Data>
                <Data name="name">
                    <value>--</value>
                </Data>
                <Data name="taluka">
                    <value>Tiswadi</value>
                </Data>
                <Data name="syno">
                    <value>201</value>
                </Data>
                <Data name="subdiv">
                    <value>9</value>
                </Data>
                <Data name="village">
                    <value>Malar</value>
                </Data>
                <Data name="latitude">
                    <value>15.53061</value>
                </Data>
                <Data name="longitude">
                    <value>73.91403</value>
                </Data>
                <Data name="photo_1">
                    <value>DCIM/20230502120751436.jpg</value>
                </Data>
                <Data name="photo_2">
                    <value>DCIM/20230502120800156.jpg</value>
                </Data>
                <Data name="syno_pt_list">
                    <value>201/2,9</value>
                </Data>
                <Data name="constituency">
                    <value>15 - Cumbarjua</value>
                </Data>
                <Data name="status">
                    <value>Completed</value>
                </Data>
                <Data name="panchayat">
                    <value>Sao Matias</value>
                </Data>
                <Data name="wb_type">
                    <value>Pond</value>
                </Data>
                <Data name="owner_type">
                    <value>Communidade</value>
                </Data>
                <Data name="purpose">
                    <value>Irrigation</value>
                </Data>
                <Data name="construction">
                    <value>Natural</value>
                </Data>
                <Data name="condition">
                    <value>Dry</value>
                </Data>
                <Data name="print_order">
                    <value>057</value>
                </Data>
                <Data name="wb_id">
                    <value>Ti/Mala/33</value>
                </Data>
                <Data name="storage_capacity">
                    <value>88.0</value>
                </Data>
                <Data name="wb_surface_id">
                    <value>4455</value>
                </Data>
                <Data name="created_at">
                    <value>2020-12-05 08:40:27</value>
                </Data>
                <Data name="updated_at">
                    <value>2023-07-24 15:13:05.984409</value>
                </Data>
                <Data name="book_id">
                    <value>3</value>
                </Data>
                <Data name="owners">
                    <value>Communidade of Malar</value>
                </Data>
                <Data name="label_x">
                    <value>976174.0</value>
                </Data>
                <Data name="label_y">
                    <value>1014456.0</value>
                </Data>
            </ExtendedData>
            <Point id="95352">
                <coordinates>73.914025376,15.53061178,0.0</coordinates>
            </Point>
        </Placemark>
        <Placemark id="95386">
            <ExtendedData>
                <Data name="direction">
                    <value>https://maps.google.com?q=15.53297,73.91075&amp;t=h</value>
                </Data>
                <Data name="id">
                    <value>6158</value>
                </Data>
                <Data name="name">
                    <value>Moloi</value>
                </Data>
                <Data name="taluka">
                    <value>Tiswadi</value>
                </Data>
                <Data name="syno">
                    <value>111</value>
                </Data>
                <Data name="subdiv">
                    <value>9</value>
                </Data>
                <Data name="village">
                    <value>Malar</value>
                </Data>
                <Data name="latitude">
                    <value>15.53297</value>
                </Data>
                <Data name="longitude">
                    <value>73.91075</value>
                </Data>
                <Data name="photo_1">
                    <value>DCIM/20230504085532817.jpg</value>
                </Data>
                <Data name="photo_2">
                    <value>DCIM/20230504085542280.jpg</value>
                </Data>
                <Data name="constituency">
                    <value>15 - Cumbarjua</value>
                </Data>
                <Data name="status">
                    <value>Completed</value>
                </Data>
                <Data name="panchayat">
                    <value>Sao Matias</value>
                </Data>
                <Data name="wb_type">
                    <value>Tank</value>
                </Data>
                <Data name="owner_type">
                    <value>Private</value>
                </Data>
                <Data name="purpose">
                    <value>Irrigation</value>
                </Data>
                <Data name="construction">
                    <value>Natural/Man Made</value>
                </Data>
                <Data name="condition">
                    <value>Good</value>
                </Data>
                <Data name="print_order">
                    <value>149</value>
                </Data>
                <Data name="wb_id">
                    <value>Ti/Mala/52</value>
                </Data>
                <Data name="storage_capacity">
                    <value>64.0</value>
                </Data>
                <Data name="wb_surface_id">
                    <value>5567</value>
                </Data>
                <Data name="created_at">
                    <value>2023-05-04 00:00:00</value>
                </Data>
                <Data name="updated_at">
                    <value>2023-07-24 15:13:09.522646</value>
                </Data>
                <Data name="book_id">
                    <value>3</value>
                </Data>
                <Data name="owners">
                    <value>Deepak Vasudev Sawant</value>
                </Data>
                <Data name="label_x">
                    <value>976174.0</value>
                </Data>
                <Data name="label_y">
                    <value>1019706.0</value>
                </Data>
            </ExtendedData>
            <Point id="95385">
                <coordinates>73.910746021,15.532972846,0.0</coordinates>
            </Point>
        </Placemark>
        <Placemark id="95418">
            <ExtendedData>
                <Data name="direction">
                    <value>https://maps.google.com?q=15.53335,73.90987&amp;t=h</value>
                </Data>
                <Data name="id">
                    <value>6159</value>
                </Data>
                <Data name="name">
                    <value>Moloi</value>
                </Data>
                <Data name="taluka">
                    <value>Tiswadi</value>
                </Data>
                <Data name="syno">
                    <value>111</value>
                </Data>
                <Data name="subdiv">
                    <value>1</value>
                </Data>
                <Data name="village">
                    <value>Malar</value>
                </Data>
                <Data name="latitude">
                    <value>15.53335</value>
                </Data>
                <Data name="longitude">
                    <value>73.90987</value>
                </Data>
                <Data name="photo_1">
                    <value>DCIM/20230504085453098.jpg</value>
                </Data>
                <Data name="photo_2">
                    <value>DCIM/20230504085459653.jpg</value>
                </Data>
                <Data name="constituency">
                    <value>15 - Cumbarjua</value>
                </Data>
                <Data name="status">
                    <value>Completed</value>
                </Data>
                <Data name="panchayat">
                    <value>Sao Matias</value>
                </Data>
                <Data name="wb_type">
                    <value>Tank</value>
                </Data>
                <Data name="owner_type">
                    <value>Private</value>
                </Data>
                <Data name="purpose">
                    <value>Irrigation</value>
                </Data>
                <Data name="construction">
                    <value>Natural/Man Made</value>
                </Data>
                <Data name="condition">
                    <value>Good</value>
                </Data>
                <Data name="print_order">
                    <value>153</value>
                </Data>
                <Data name="wb_id">
                    <value>Ti/Mala/71</value>
                </Data>
                <Data name="storage_capacity">
                    <value>26.0</value>
                </Data>
                <Data name="wb_surface_id">
                    <value>5566</value>
                </Data>
                <Data name="created_at">
                    <value>2023-05-04 00:00:00</value>
                </Data>
                <Data name="updated_at">
                    <value>2023-07-24 15:13:09.878622</value>
                </Data>
                <Data name="book_id">
                    <value>3</value>
                </Data>
                <Data name="owners">
                    <value>Antonio Feliciano Estibeiro</value>
                </Data>
                <Data name="label_x">
                    <value>976174.0</value>
                </Data>
                <Data name="label_y">
                    <value>1020206.0</value>
                </Data>
            </ExtendedData>
            <Point id="95417">
                <coordinates>73.909871365,15.53334652,0.0</coordinates>
            </Point>
        </Placemark>
        <Placemark id="95450">
            <ExtendedData>
                <Data name="direction">
                    <value>https://maps.google.com?q=15.54174,73.91602&amp;t=h</value>
                </Data>
                <Data name="id">
                    <value>3565</value>
                </Data>
                <Data name="name">
                    <value>Bhakro</value>
                </Data>
                <Data name="taluka">
                    <value>Tiswadi</value>
                </Data>
                <Data name="syno">
                    <value>149</value>
                </Data>
                <Data name="subdiv">
                    <value>1</value>
                </Data>
                <Data name="village">
                    <value>Malar</value>
                </Data>
                <Data name="latitude">
                    <value>15.54174</value>
                </Data>
                <Data name="longitude">
                    <value>73.91602</value>
                </Data>
                <Data name="photo_1">
                    <value>DCIM/20230504090826765.jpg</value>
                </Data>
                <Data name="photo_2">
                    <value>DCIM/20230504090855851.jpg</value>
                </Data>
                <Data name="syno_pt_list">
                    <value>149/1</value>
                </Data>
                <Data name="constituency">
                    <value>15 - Cumbarjua</value>
                </Data>
                <Data name="status">
                    <value>Completed</value>
                </Data>
                <Data name="panchayat">
                    <value>Sao Matias</value>
                </Data>
                <Data name="wb_type">
                    <value>Tank</value>
                </Data>
                <Data name="owner_type">
                    <value>Communidade</value>
                </Data>
                <Data name="purpose">
                    <value>Storage</value>
                </Data>
                <Data name="construction">
                    <value>Man Made</value>
                </Data>
                <Data name="condition">
                    <value>Good</value>
                </Data>
                <Data name="print_order">
                    <value>148</value>
                </Data>
                <Data name="wb_id">
                    <value>Ti/Mala/40</value>
                </Data>
                <Data name="storage_capacity">
                    <value>79.0</value>
                </Data>
                <Data name="wb_surface_id">
                    <value>4904</value>
                </Data>
                <Data name="created_at">
                    <value>2020-12-05 08:40:27</value>
                </Data>
                <Data name="updated_at">
                    <value>2023-07-24 15:13:11.046617</value>
                </Data>
                <Data name="book_id">
                    <value>3</value>
                </Data>
                <Data name="owners">
                    <value>Communidade of Malar</value>
                </Data>
                <Data name="label_x">
                    <value>976174.0</value>
                </Data>
                <Data name="label_y">
                    <value>1021956.0</value>
                </Data>
            </ExtendedData>
            <Point id="95449">
                <coordinates>73.916020221,15.541739655,0.0</coordinates>
            </Point>
        </Placemark>
        <Placemark id="95483">
            <ExtendedData>
                <Data name="direction">
                    <value>https://maps.google.com?q=15.53594,73.91858&amp;t=h</value>
                </Data>
                <Data name="id">
                    <value>6163</value>
                </Data>
                <Data name="name">
                    <value>Naque</value>
                </Data>
                <Data name="taluka">
                    <value>Tiswadi</value>
                </Data>
                <Data name="syno">
                    <value>178</value>
                </Data>
                <Data name="subdiv">
                    <value>1</value>
                </Data>
                <Data name="village">
                    <value>Malar</value>
                </Data>
                <Data name="latitude">
                    <value>15.53594</value>
                </Data>
                <Data name="longitude">
                    <value>73.91858</value>
                </Data>
                <Data name="photo_1">
                    <value>DCIM/20230504090343484.jpg</value>
                </Data>
                <Data name="photo_2">
                    <value>DCIM/20230504090356445.jpg</value>
                </Data>
                <Data name="constituency">
                    <value>15 - Cumbarjua</value>
                </Data>
                <Data name="status">
                    <value>Completed</value>
                </Data>
                <Data name="panchayat">
                    <value>Sao Matias</value>
                </Data>
                <Data name="wb_type">
                    <value>Tank</value>
                </Data>
                <Data name="owner_type">
                    <value>Communidade</value>
                </Data>
                <Data name="purpose">
                    <value>Storage</value>
                </Data>
                <Data name="construction">
                    <value>Natural/Man Made</value>
                </Data>
                <Data name="condition">
                    <value>Good</value>
                </Data>
                <Data name="print_order">
                    <value>142</value>
                </Data>
                <Data name="wb_id">
                    <value>Ti/Mala/02</value>
                </Data>
                <Data name="storage_capacity">
                    <value>227.0</value>
                </Data>
                <Data name="wb_surface_id">
                    <value>5634</value>
                </Data>
                <Data name="created_at">
                    <value>2023-05-04 00:00:00</value>
                </Data>
                <Data name="updated_at">
                    <value>2023-07-24 15:13:10.878667</value>
                </Data>
                <Data name="book_id">
                    <value>3</value>
                </Data>
                <Data name="owners">
                    <value>Communidade of Malar</value>
                </Data>
                <Data name="label_x">
                    <value>976174.0</value>
                </Data>
                <Data name="label_y">
                    <value>1021706.0</value>
                </Data>
            </ExtendedData>
            <Point id="95482">
                <coordinates>73.918579978,15.535937255,0.0</coordinates>
            </Point>
        </Placemark>
        <Placemark id="95515">
            <ExtendedData>
                <Data name="direction">
                    <value>https://maps.google.com?q=15.52733,73.90936&amp;t=h</value>
                </Data>
                <Data name="id">
                    <value>4789</value>
                </Data>
                <Data name="name">
                    <value>Corari</value>
                </Data>
                <Data name="taluka">
                    <value>Tiswadi</value>
                </Data>
                <Data name="syno">
                    <value>79</value>
                </Data>
                <Data name="subdiv">
                    <value>1</value>
                </Data>
                <Data name="village">
                    <value>Malar</value>
                </Data>
                <Data name="latitude">
                    <value>15.52733</value>
                </Data>
                <Data name="longitude">
                    <value>73.90936</value>
                </Data>
                <Data name="photo_1">
                    <value>DCIM/20230502110610303.jpg</value>
                </Data>
                <Data name="photo_2">
                    <value>DCIM/20230502110618386.jpg</value>
                </Data>
                <Data name="syno_pt_list">
                    <value>79/1</value>
                </Data>
                <Data name="constituency">
                    <value>15 - Cumbarjua</value>
                </Data>
                <Data name="status">
                    <value>Completed</value>
                </Data>
                <Data name="panchayat">
                    <value>Sao Matias</value>
                </Data>
                <Data name="wb_type">
                    <value>Pond</value>
                </Data>
                <Data name="owner_type">
                    <value>Private</value>
                </Data>
                <Data name="purpose">
                    <value>Irrigation</value>
                </Data>
                <Data name="construction">
                    <value>Natural</value>
                </Data>
                <Data name="condition">
                    <value>Needs Maintenance</value>
                </Data>
                <Data name="print_order">
                    <value>068</value>
                </Data>
                <Data name="wb_id">
                    <value>Ti/Mala/46</value>
                </Data>
                <Data name="storage_capacity">
                    <value>69.0</value>
                </Data>
                <Data name="wb_surface_id">
                    <value>4444</value>
                </Data>
                <Data name="created_at">
                    <value>2022-05-03 05:17:49.375882</value>
                </Data>
                <Data name="updated_at">
                    <value>2023-07-24 15:13:04.118522</value>
                </Data>
                <Data name="book_id">
                    <value>3</value>
                </Data>
                <Data name="owners">
                    <value>2 Two
Aires Fernandes D'Sa
Camilo Aires D'Sa</value>
                </Data>
                <Data name="label_x">
                    <value>976174.0</value>
                </Data>
                <Data name="label_y">
                    <value>1011706.0</value>
                </Data>
            </ExtendedData>
            <Point id="95514">
                <coordinates>73.90936403,15.52733078,0.0</coordinates>
            </Point>
        </Placemark>
        <Placemark id="95548">
            <ExtendedData>
                <Data name="direction">
                    <value>https://maps.google.com?q=15.53015,73.91361&amp;t=h</value>
                </Data>
                <Data name="id">
                    <value>3547</value>
                </Data>
                <Data name="name">
                    <value>Kol Derod</value>
                </Data>
                <Data name="taluka">
                    <value>Tiswadi</value>
                </Data>
                <Data name="syno">
                    <value>203</value>
                </Data>
                <Data name="subdiv">
                    <value>4</value>
                </Data>
                <Data name="village">
                    <value>Malar</value>
                </Data>
                <Data name="latitude">
                    <value>15.53015</value>
                </Data>
                <Data name="longitude">
                    <value>73.91361</value>
                </Data>
                <Data name="photo_1">
                    <value>DCIM/20230502120513102.jpg</value>
                </Data>
                <Data name="photo_2">
                    <value>DCIM/20230502120522659.jpg</value>
                </Data>
                <Data name="syno_pt_list">
                    <value>203/4</value>
                </Data>
                <Data name="constituency">
                    <value>15 - Cumbarjua</value>
                </Data>
                <Data name="status">
                    <value>Completed</value>
                </Data>
                <Data name="panchayat">
                    <value>Sao Matias</value>
                </Data>
                <Data name="wb_type">
                    <value>Pond</value>
                </Data>
                <Data name="owner_type">
                    <value>Communidade</value>
                </Data>
                <Data name="purpose">
                    <value>Irrigation</value>
                </Data>
                <Data name="construction">
                    <value>Natural</value>
                </Data>
                <Data name="condition">
                    <value>Needs Maintenance</value>
                </Data>
                <Data name="print_order">
                    <value>054</value>
                </Data>
                <Data name="wb_id">
                    <value>Ti/Mala/30</value>
                </Data>
                <Data name="storage_capacity">
                    <value>91.0</value>
                </Data>
                <Data name="wb_surface_id">
                    <value>4454</value>
                </Data>
                <Data name="created_at">
                    <value>2020-12-05 08:40:27</value>
                </Data>
                <Data name="updated_at">
                    <value>2023-07-24 15:13:04.804606</value>
                </Data>
                <Data name="book_id">
                    <value>3</value>
                </Data>
                <Data name="owners">
                    <value>Communidade of Malar</value>
                </Data>
                <Data name="label_x">
                    <value>976174.0</value>
                </Data>
                <Data name="label_y">
                    <value>1012706.0</value>
                </Data>
            </ExtendedData>
            <Point id="95547">
                <coordinates>73.913613382,15.530149389,0.0</coordinates>
            </Point>
        </Placemark>
        <Placemark id="95581">
            <ExtendedData>
                <Data name="direction">
                    <value>https://maps.google.com?q=15.53103,73.91407&amp;t=h</value>
                </Data>
                <Data name="id">
                    <value>3551</value>
                </Data>
                <Data name="name">
                    <value>Moti Derad</value>
                </Data>
                <Data name="taluka">
                    <value>Tiswadi</value>
                </Data>
                <Data name="syno">
                    <value>201</value>
                </Data>
                <Data name="subdiv">
                    <value>3</value>
                </Data>
                <Data name="village">
                    <value>Malar</value>
                </Data>
                <Data name="latitude">
                    <value>15.53103</value>
                </Data>
                <Data name="longitude">
                    <value>73.91407</value>
                </Data>
                <Data name="photo_1">
                    <value>DCIM/20230502121159637.jpg</value>
                </Data>
                <Data name="photo_2">
                    <value>DCIM/20230502121208578.jpg</value>
                </Data>
                <Data name="syno_pt_list">
                    <value>201/3</value>
                </Data>
                <Data name="constituency">
                    <value>15 - Cumbarjua</value>
                </Data>
                <Data name="status">
                    <value>Completed</value>
                </Data>
                <Data name="panchayat">
                    <value>Sao Matias</value>
                </Data>
                <Data name="wb_type">
                    <value>Pond</value>
                </Data>
                <Data name="owner_type">
                    <value>Communidade</value>
                </Data>
                <Data name="purpose">
                    <value>Storage</value>
                </Data>
                <Data name="construction">
                    <value>Natural</value>
                </Data>
                <Data name="condition">
                    <value>Dry</value>
                </Data>
                <Data name="print_order">
                    <value>064</value>
                </Data>
                <Data name="wb_id">
                    <value>Ti/Mala/42</value>
                </Data>
                <Data name="storage_capacity">
                    <value>75.0</value>
                </Data>
                <Data name="wb_surface_id">
                    <value>4458</value>
                </Data>
                <Data name="created_at">
                    <value>2020-12-05 08:40:27</value>
                </Data>
                <Data name="updated_at">
                    <value>2023-07-24 15:13:06.995907</value>
                </Data>
                <Data name="book_id">
                    <value>3</value>
                </Data>
                <Data name="owners">
                    <value>Communidade of Malar</value>
                </Data>
                <Data name="label_x">
                    <value>976174.0</value>
                </Data>
                <Data name="label_y">
                    <value>1015956.0</value>
                </Data>
            </ExtendedData>
            <Point id="95580">
                <coordinates>73.914068213,15.531032594,0.0</coordinates>
            </Point>
        </Placemark>
        <Placemark id="95614">
            <ExtendedData>
                <Data name="direction">
                    <value>https://maps.google.com?q=15.5263,73.91417&amp;t=h</value>
                </Data>
                <Data name="id">
                    <value>3562</value>
                </Data>
                <Data name="name">
                    <value>kan kicha Vall</value>
                </Data>
                <Data name="taluka">
                    <value>Tiswadi</value>
                </Data>
                <Data name="syno">
                    <value>206</value>
                </Data>
                <Data name="subdiv">
                    <value>8</value>
                </Data>
                <Data name="village">
                    <value>Malar</value>
                </Data>
                <Data name="latitude">
                    <value>15.5263</value>
                </Data>
                <Data name="longitude">
                    <value>73.91417</value>
                </Data>
                <Data name="photo_1">
                    <value>DCIM/20230502112749156.jpg</value>
                </Data>
                <Data name="photo_2">
                    <value>DCIM/20230502112801607.jpg</value>
                </Data>
                <Data name="syno_pt_list">
                    <value>206/8</value>
                </Data>
                <Data name="constituency">
                    <value>15 - Cumbarjua</value>
                </Data>
                <Data name="status">
                    <value>Completed</value>
                </Data>
                <Data name="panchayat">
                    <value>Sao Matias</value>
                </Data>
                <Data name="wb_type">
                    <value>Pond</value>
                </Data>
                <Data name="owner_type">
                    <value>Communidade</value>
                </Data>
                <Data name="purpose">
                    <value>Storage</value>
                </Data>
                <Data name="construction">
                    <value>Natural</value>
                </Data>
                <Data name="condition">
                    <value>Dry</value>
                </Data>
                <Data name="print_order">
                    <value>079</value>
                </Data>
                <Data name="wb_id">
                    <value>Ti/Mala/58</value>
                </Data>
                <Data name="storage_capacity">
                    <value>56.0</value>
                </Data>
                <Data name="wb_surface_id">
                    <value>4432</value>
                </Data>
                <Data name="created_at">
                    <value>2020-12-05 08:40:27</value>
                </Data>
                <Data name="updated_at">
                    <value>2023-07-24 15:12:59.334530</value>
                </Data>
                <Data name="book_id">
                    <value>3</value>
                </Data>
                <Data name="owners">
                    <value>Communidade of Malar</value>
                </Data>
                <Data name="label_x">
                    <value>976174.0</value>
                </Data>
                <Data name="label_y">
                    <value>1004956.0</value>
                </Data>
            </ExtendedData>
            <Point id="95613">
                <coordinates>73.914170829,15.526296255,0.0</coordinates>
            </Point>
        </Placemark>
        <Placemark id="95647">
            <ExtendedData>
                <Data name="direction">
                    <value>https://maps.google.com?q=15.53027,73.91388&amp;t=h</value>
                </Data>
                <Data name="id">
                    <value>5447</value>
                </Data>
                <Data name="name">
                    <value>Vao</value>
                </Data>
                <Data name="taluka">
                    <value>Tiswadi</value>
                </Data>
                <Data name="syno">
                    <value>201</value>
                </Data>
                <Data name="subdiv">
                    <value>1</value>
                </Data>
                <Data name="village">
                    <value>Malar</value>
                </Data>
                <Data name="latitude">
                    <value>15.53027</value>
                </Data>
                <Data name="longitude">
                    <value>73.91388</value>
                </Data>
                <Data name="photo_1">
                    <value>DCIM/20230502120543599.jpg</value>
                </Data>
                <Data name="photo_2">
                    <value>DCIM/20230502120552652.jpg</value>
                </Data>
                <Data name="syno_pt_list">
                    <value>201/1</value>
                </Data>
                <Data name="constituency">
                    <value>15 - Cumbarjua</value>
                </Data>
                <Data name="status">
                    <value>Completed</value>
                </Data>
                <Data name="panchayat">
                    <value>Sao Matias</value>
                </Data>
                <Data name="wb_type">
                    <value>Pond</value>
                </Data>
                <Data name="owner_type">
                    <value>Private</value>
                </Data>
                <Data name="purpose">
                    <value>Irrigation</value>
                </Data>
                <Data name="construction">
                    <value>Natural/Man Made</value>
                </Data>
                <Data name="condition">
                    <value>Needs Maintenance</value>
                </Data>
                <Data name="print_order">
                    <value>074</value>
                </Data>
                <Data name="wb_id">
                    <value>Ti/Mala/53</value>
                </Data>
                <Data name="storage_capacity">
                    <value>61.0</value>
                </Data>
                <Data name="wb_surface_id">
                    <value>4261</value>
                </Data>
                <Data name="created_at">
                    <value>2022-08-02 06:05:08.065320</value>
                </Data>
                <Data name="updated_at">
                    <value>2023-07-24 15:13:04.979364</value>
                </Data>
                <Data name="book_id">
                    <value>3</value>
                </Data>
                <Data name="owners">
                    <value>Aires Carmino Antonio Martins</value>
                </Data>
                <Data name="label_x">
                    <value>976174.0</value>
                </Data>
                <Data name="label_y">
                    <value>1012956.0</value>
                </Data>
            </ExtendedData>
            <Point id="95646">
                <coordinates>73.913881745,15.530267822,0.0</coordinates>
            </Point>
        </Placemark>
        <Placemark id="95680">
            <ExtendedData>
                <Data name="direction">
                    <value>https://maps.google.com?q=15.53115,73.91516&amp;t=h</value>
                </Data>
                <Data name="id">
                    <value>3539</value>
                </Data>
                <Data name="name">
                    <value>Moti Derad</value>
                </Data>
                <Data name="taluka">
                    <value>Tiswadi</value>
                </Data>
                <Data name="syno">
                    <value>201</value>
                </Data>
                <Data name="subdiv">
                    <value>6</value>
                </Data>
                <Data name="village">
                    <value>Malar</value>
                </Data>
                <Data name="latitude">
                    <value>15.53115</value>
                </Data>
                <Data name="longitude">
                    <value>73.91516</value>
                </Data>
                <Data name="photo_1">
                    <value>DCIM/20230502121539890.jpg</value>
                </Data>
                <Data name="photo_2">
                    <value>DCIM/20230502121552168.jpg</value>
                </Data>
                <Data name="syno_pt_list">
                    <value>201/6</value>
                </Data>
                <Data name="constituency">
                    <value>15 - Cumbarjua</value>
                </Data>
                <Data name="status">
                    <value>Completed</value>
                </Data>
                <Data name="panchayat">
                    <value>Sao Matias</value>
                </Data>
                <Data name="wb_type">
                    <value>Pond</value>
                </Data>
                <Data name="owner_type">
                    <value>Private</value>
                </Data>
                <Data name="purpose">
                    <value>Irrigation</value>
                </Data>
                <Data name="construction">
                    <value>Natural</value>
                </Data>
                <Data name="condition">
                    <value>Needs Maintenance</value>
                </Data>
                <Data name="print_order">
                    <value>033</value>
                </Data>
                <Data name="wb_id">
                    <value>Ti/Mala/07</value>
                </Data>
                <Data name="storage_capacity">
                    <value>182.0</value>
                </Data>
                <Data name="wb_surface_id">
                    <value>4460</value>
                </Data>
                <Data name="created_at">
                    <value>2020-12-05 08:40:27</value>
                </Data>
                <Data name="updated_at">
                    <value>2023-07-24 15:13:07.868719</value>
                </Data>
                <Data name="book_id">
                    <value>3</value>
                </Data>
                <Data name="owners">
                    <value>Madhukar Tukaram Kundaikar</value>
                </Data>
                <Data name="label_x">
                    <value>976174.0</value>
                </Data>
                <Data name="label_y">
                    <value>1017206.0</value>
                </Data>
            </ExtendedData>
            <Point id="95679">
                <coordinates>73.915156548,15.531154729,0.0</coordinates>
            </Point>
        </Placemark>
        <Placemark id="95713">
            <ExtendedData>
                <Data name="direction">
                    <value>https://maps.google.com?q=15.52579,73.91097&amp;t=h</value>
                </Data>
                <Data name="id">
                    <value>5444</value>
                </Data>
                <Data name="name">
                    <value>Sitacho Aak</value>
                </Data>
                <Data name="taluka">
                    <value>Tiswadi</value>
                </Data>
                <Data name="syno">
                    <value>75</value>
                </Data>
                <Data name="subdiv">
                    <value>8</value>
                </Data>
                <Data name="village">
                    <value>Malar</value>
                </Data>
                <Data name="latitude">
                    <value>15.52579</value>
                </Data>
                <Data name="longitude">
                    <value>73.91097</value>
                </Data>
                <Data name="photo_1">
                    <value>DCIM/20230502113523080.jpg</value>
                </Data>
                <Data name="photo_2">
                    <value>DCIM/20230502113534053.jpg</value>
                </Data>
                <Data name="syno_pt_list">
                    <value>75/7-8</value>
                </Data>
                <Data name="constituency">
                    <value>15 - Cumbarjua</value>
                </Data>
                <Data name="status">
                    <value>Completed</value>
                </Data>
                <Data name="panchayat">
                    <value>Sao Matias</value>
                </Data>
                <Data name="wb_type">
                    <value>Tank</value>
                </Data>
                <Data name="owner_type">
                    <value>Communidade</value>
                </Data>
                <Data name="purpose">
                    <value>Storage</value>
                </Data>
                <Data name="construction">
                    <value>Man Made</value>
                </Data>
                <Data name="condition">
                    <value>Good</value>
                </Data>
                <Data name="print_order">
                    <value>145</value>
                </Data>
                <Data name="wb_id">
                    <value>Ti/Mala/14</value>
                </Data>
                <Data name="storage_capacity">
                    <value>128.0</value>
                </Data>
                <Data name="wb_surface_id">
                    <value>4259</value>
                </Data>
                <Data name="created_at">
                    <value>2022-08-02 06:04:08.083576</value>
                </Data>
                <Data name="updated_at">
                    <value>2023-07-24 15:13:00.362469</value>
                </Data>
                <Data name="book_id">
                    <value>3</value>
                </Data>
                <Data name="owners">
                    <value>Communidade of Malar</value>
                </Data>
                <Data name="label_x">
                    <value>976174.0</value>
                </Data>
                <Data name="label_y">
                    <value>1006456.0</value>
                </Data>
            </ExtendedData>
            <Point id="95712">
                <coordinates>73.910970842,15.525794284,0.0</coordinates>
            </Point>
        </Placemark>
        <Placemark id="95746">
            <ExtendedData>
                <Data name="direction">
                    <value>https://maps.google.com?q=15.53085,73.91454&amp;t=h</value>
                </Data>
                <Data name="id">
                    <value>3537</value>
                </Data>
                <Data name="name">
                    <value>Moti Derad</value>
                </Data>
                <Data name="taluka">
                    <value>Tiswadi</value>
                </Data>
                <Data name="syno">
                    <value>201</value>
                </Data>
                <Data name="subdiv">
                    <value>4</value>
                </Data>
                <Data name="village">
                    <value>Malar</value>
                </Data>
                <Data name="latitude">
                    <value>15.53085</value>
                </Data>
                <Data name="longitude">
                    <value>73.91454</value>
                </Data>
                <Data name="photo_1">
                    <value>DCIM/20230502121259739.jpg</value>
                </Data>
                <Data name="photo_2">
                    <value>DCIM/20230502121309022.jpg</value>
                </Data>
                <Data name="syno_pt_list">
                    <value>201/4</value>
                </Data>
                <Data name="constituency">
                    <value>15 - Cumbarjua</value>
                </Data>
                <Data name="status">
                    <value>Completed</value>
                </Data>
                <Data name="panchayat">
                    <value>Sao Matias</value>
                </Data>
                <Data name="wb_type">
                    <value>Tank</value>
                </Data>
                <Data name="owner_type">
                    <value>Communidade</value>
                </Data>
                <Data name="purpose">
                    <value>Irrigation</value>
                </Data>
                <Data name="construction">
                    <value>Man Made</value>
                </Data>
                <Data name="condition">
                    <value>Good</value>
                </Data>
                <Data name="print_order">
                    <value>141</value>
                </Data>
                <Data name="wb_id">
                    <value>Ti/Mala/01</value>
                </Data>
                <Data name="storage_capacity">
                    <value>1127.0</value>
                </Data>
                <Data name="wb_surface_id">
                    <value>4461</value>
                </Data>
                <Data name="created_at">
                    <value>2020-12-05 08:40:27</value>
                </Data>
                <Data name="updated_at">
                    <value>2023-07-24 15:13:06.328162</value>
                </Data>
                <Data name="book_id">
                    <value>3</value>
                </Data>
                <Data name="owners">
                    <value>Communidade of Malar</value>
                </Data>
                <Data name="label_x">
                    <value>976174.0</value>
                </Data>
                <Data name="label_y">
                    <value>1014956.0</value>
                </Data>
            </ExtendedData>
            <Point id="95745">
                <coordinates>73.914542745,15.530852972,0.0</coordinates>
            </Point>
        </Placemark>
        <Placemark id="95779">
            <ExtendedData>
                <Data name="direction">
                    <value>https://maps.google.com?q=15.52659,73.91049&amp;t=h</value>
                </Data>
                <Data name="id">
                    <value>6146</value>
                </Data>
                <Data name="name">
                    <value>Sitacho Aak</value>
                </Data>
                <Data name="taluka">
                    <value>Tiswadi</value>
                </Data>
                <Data name="syno">
                    <value>75</value>
                </Data>
                <Data name="subdiv">
                    <value>1</value>
                </Data>
                <Data name="village">
                    <value>Malar</value>
                </Data>
                <Data name="latitude">
                    <value>15.52659</value>
                </Data>
                <Data name="longitude">
                    <value>73.91049</value>
                </Data>
                <Data name="photo_1">
                    <value>DCIM/20230502111225722.jpg</value>
                </Data>
                <Data name="photo_2">
                    <value>DCIM/20230502111233134.jpg</value>
                </Data>
                <Data name="constituency">
                    <value>15 - Cumbarjua</value>
                </Data>
                <Data name="status">
                    <value>Completed</value>
                </Data>
                <Data name="panchayat">
                    <value>Sao Matias</value>
                </Data>
                <Data name="wb_type">
                    <value>Tank</value>
                </Data>
                <Data name="owner_type">
                    <value>Communidade</value>
                </Data>
                <Data name="purpose">
                    <value>Irrigation</value>
                </Data>
                <Data name="construction">
                    <value>Natural/Man Made</value>
                </Data>
                <Data name="condition">
                    <value>Good</value>
                </Data>
                <Data name="print_order">
                    <value>144</value>
                </Data>
                <Data name="wb_id">
                    <value>Ti/Mala/04</value>
                </Data>
                <Data name="storage_capacity">
                    <value>196.0</value>
                </Data>
                <Data name="wb_surface_id">
                    <value>5568</value>
                </Data>
                <Data name="created_at">
                    <value>2023-05-02 00:00:00</value>
                </Data>
                <Data name="updated_at">
                    <value>2023-07-24 15:13:01.074530</value>
                </Data>
                <Data name="book_id">
                    <value>3</value>
                </Data>
                <Data name="owners">
                    <value>Communidade of Malar</value>
                </Data>
                <Data name="label_x">
                    <value>976174.0</value>
                </Data>
                <Data name="label_y">
                    <value>1007456.0</value>
                </Data>
            </ExtendedData>
            <Point id="95778">
                <coordinates>73.910490344,15.526588427,0.0</coordinates>
            </Point>
        </Placemark>
        <Placemark id="95811">
            <ExtendedData>
                <Data name="direction">
                    <value>https://maps.google.com?q=15.53107,73.91579&amp;t=h</value>
                </Data>
                <Data name="id">
                    <value>3542</value>
                </Data>
                <Data name="name">
                    <value>Deroid</value>
                </Data>
                <Data name="taluka">
                    <value>Tiswadi</value>
                </Data>
                <Data name="syno">
                    <value>197</value>
                </Data>
                <Data name="subdiv">
                    <value>1</value>
                </Data>
                <Data name="village">
                    <value>Malar</value>
                </Data>
                <Data name="latitude">
                    <value>15.53107</value>
                </Data>
                <Data name="longitude">
                    <value>73.91579</value>
                </Data>
                <Data name="photo_1">
                    <value>DCIM/20230502121734700.jpg</value>
                </Data>
                <Data name="photo_2">
                    <value>DCIM/20230502121811826.jpg</value>
                </Data>
                <Data name="syno_pt_list">
                    <value>197/1</value>
                </Data>
                <Data name="constituency">
                    <value>15 - Cumbarjua</value>
                </Data>
                <Data name="status">
                    <value>Completed</value>
                </Data>
                <Data name="panchayat">
                    <value>Sao Matias</value>
                </Data>
                <Data name="wb_type">
                    <value>Pond</value>
                </Data>
                <Data name="owner_type">
                    <value>Communidade</value>
                </Data>
                <Data name="purpose">
                    <value>Irrigation</value>
                </Data>
                <Data name="construction">
                    <value>Natural</value>
                </Data>
                <Data name="condition">
                    <value>Needs Maintenance</value>
                </Data>
                <Data name="print_order">
                    <value>040</value>
                </Data>
                <Data name="wb_id">
                    <value>Ti/Mala/15</value>
                </Data>
                <Data name="storage_capacity">
                    <value>125.0</value>
                </Data>
                <Data name="wb_surface_id">
                    <value>4464</value>
                </Data>
                <Data name="created_at">
                    <value>2020-12-05 08:40:27</value>
                </Data>
                <Data name="updated_at">
                    <value>2023-07-24 15:13:07.535126</value>
                </Data>
                <Data name="book_id">
                    <value>3</value>
                </Data>
                <Data name="owners">
                    <value>Communidade of Malar</value>
                </Data>
                <Data name="label_x">
                    <value>976174.0</value>
                </Data>
                <Data name="label_y">
                    <value>1016706.0</value>
                </Data>
            </ExtendedData>
            <Point id="95810">
                <coordinates>73.915787128,15.531068513,0.0</coordinates>
            </Point>
        </Placemark>
        <Placemark id="95844">
            <ExtendedData>
                <Data name="direction">
                    <value>https://maps.google.com?q=15.53214,73.91139&amp;t=h</value>
                </Data>
                <Data name="id">
                    <value>6161</value>
                </Data>
                <Data name="name">
                    <value>Amboi</value>
                </Data>
                <Data name="taluka">
                    <value>Tiswadi</value>
                </Data>
                <Data name="syno">
                    <value>119</value>
                </Data>
                <Data name="subdiv">
                    <value>5-A</value>
                </Data>
                <Data name="village">
                    <value>Malar</value>
                </Data>
                <Data name="latitude">
                    <value>15.53214</value>
                </Data>
                <Data name="longitude">
                    <value>73.91139</value>
                </Data>
                <Data name="photo_1">
                    <value>DCIM/20230504085756196.jpg</value>
                </Data>
                <Data name="photo_2">
                    <value>DCIM/20230504085804386.jpg</value>
                </Data>
                <Data name="constituency">
                    <value>15 - Cumbarjua</value>
                </Data>
                <Data name="status">
                    <value>Completed</value>
                </Data>
                <Data name="panchayat">
                    <value>Sao Matias</value>
                </Data>
                <Data name="wb_type">
                    <value>Pond</value>
                </Data>
                <Data name="owner_type">
                    <value>Private</value>
                </Data>
                <Data name="purpose">
                    <value>Storage</value>
                </Data>
                <Data name="construction">
                    <value>Natural</value>
                </Data>
                <Data name="condition">
                    <value>Needs Maintenance</value>
                </Data>
                <Data name="print_order">
                    <value>045</value>
                </Data>
                <Data name="wb_id">
                    <value>Ti/Mala/20</value>
                </Data>
                <Data name="storage_capacity">
                    <value>108.0</value>
                </Data>
                <Data name="wb_surface_id">
                    <value>5601</value>
                </Data>
                <Data name="created_at">
                    <value>2023-05-04 00:00:00</value>
                </Data>
                <Data name="updated_at">
                    <value>2023-07-24 15:13:09.188789</value>
                </Data>
                <Data name="book_id">
                    <value>3</value>
                </Data>
                <Data name="owners">
                    <value>Fatima Leopoldina Soares
Frederico Ravindra Antonio Soares alias Frederico Antonio Soares</value>
                </Data>
                <Data name="label_x">
                    <value>976174.0</value>
                </Data>
                <Data name="label_y">
                    <value>1019206.0</value>
                </Data>
            </ExtendedData>
            <Point id="95843">
                <coordinates>73.911385789,15.532135647,0.0</coordinates>
            </Point>
        </Placemark>
        <Placemark id="95876">
            <ExtendedData>
                <Data name="direction">
                    <value>https://maps.google.com?q=15.52796,73.91068&amp;t=h</value>
                </Data>
                <Data name="id">
                    <value>3559</value>
                </Data>
                <Data name="name">
                    <value>Khorani</value>
                </Data>
                <Data name="taluka">
                    <value>Tiswadi</value>
                </Data>
                <Data name="syno">
                    <value>80</value>
                </Data>
                <Data name="subdiv">
                    <value>3</value>
                </Data>
                <Data name="village">
                    <value>Malar</value>
                </Data>
                <Data name="latitude">
                    <value>15.52796</value>
                </Data>
                <Data name="longitude">
                    <value>73.91068</value>
                </Data>
                <Data name="photo_1">
                    <value>DCIM/20230502111724751.jpg</value>
                </Data>
                <Data name="photo_2">
                    <value>DCIM/20230502111732882.jpg</value>
                </Data>
                <Data name="syno_pt_list">
                    <value>80/3</value>
                </Data>
                <Data name="constituency">
                    <value>15 - Cumbarjua</value>
                </Data>
                <Data name="status">
                    <value>Completed</value>
                </Data>
                <Data name="panchayat">
                    <value>Sao Matias</value>
                </Data>
                <Data name="wb_type">
                    <value>Tank</value>
                </Data>
                <Data name="owner_type">
                    <value>Communidade</value>
                </Data>
                <Data name="purpose">
                    <value>Storage</value>
                </Data>
                <Data name="construction">
                    <value>Natural/Man Made</value>
                </Data>
                <Data name="condition">
                    <value>Needs Maintenance</value>
                </Data>
                <Data name="print_order">
                    <value>146</value>
                </Data>
                <Data name="wb_id">
                    <value>Ti/Mala/21</value>
                </Data>
                <Data name="storage_capacity">
                    <value>107.0</value>
                </Data>
                <Data name="wb_surface_id">
                    <value>4922</value>
                </Data>
                <Data name="created_at">
                    <value>2020-12-05 08:40:27</value>
                </Data>
                <Data name="updated_at">
                    <value>2023-07-24 15:13:04.286550</value>
                </Data>
                <Data name="book_id">
                    <value>3</value>
                </Data>
                <Data name="owners">
                    <value>Communidade of Malar</value>
                </Data>
                <Data name="label_x">
                    <value>976174.0</value>
                </Data>
                <Data name="label_y">
                    <value>1011956.0</value>
                </Data>
            </ExtendedData>
            <Point id="95875">
                <coordinates>73.910676246,15.527963358,0.0</coordinates>
            </Point>
        </Placemark>
        <Placemark id="95909">
            <ExtendedData>
                <Data name="direction">
                    <value>https://maps.google.com?q=15.53157,73.91401&amp;t=h</value>
                </Data>
                <Data name="id">
                    <value>5584</value>
                </Data>
                <Data name="name">
                    <value>Adverik</value>
                </Data>
                <Data name="taluka">
                    <value>Tiswadi</value>
                </Data>
                <Data name="syno">
                    <value>124</value>
                </Data>
                <Data name="subdiv">
                    <value>2</value>
                </Data>
                <Data name="village">
                    <value>Malar</value>
                </Data>
                <Data name="latitude">
                    <value>15.53157</value>
                </Data>
                <Data name="longitude">
                    <value>73.91401</value>
                </Data>
                <Data name="photo_1">
                    <value>DCIM/20230502124937517.jpg</value>
                </Data>
                <Data name="photo_2">
                    <value>DCIM/20230502124956780.jpg</value>
                </Data>
                <Data name="syno_pt_list">
                    <value>124/2,9</value>
                </Data>
                <Data name="constituency">
                    <value>15 - Cumbarjua</value>
                </Data>
                <Data name="status">
                    <value>Completed</value>
                </Data>
                <Data name="panchayat">
                    <value>Sao Matias</value>
                </Data>
                <Data name="wb_type">
                    <value>Pond</value>
                </Data>
                <Data name="owner_type">
                    <value>Communidade</value>
                </Data>
                <Data name="purpose">
                    <value>Storage</value>
                </Data>
                <Data name="construction">
                    <value>Natural</value>
                </Data>
                <Data name="condition">
                    <value>Dry</value>
                </Data>
                <Data name="print_order">
                    <value>088</value>
                </Data>
                <Data name="wb_id">
                    <value>Ti/Mala/70</value>
                </Data>
                <Data name="storage_capacity">
                    <value>38.0</value>
                </Data>
                <Data name="wb_surface_id">
                    <value>4483</value>
                </Data>
                <Data name="created_at">
                    <value>2022-08-17 03:49:08.513179</value>
                </Data>
                <Data name="updated_at">
                    <value>2023-07-24 15:13:08.536626</value>
                </Data>
                <Data name="book_id">
                    <value>3</value>
                </Data>
                <Data name="owners">
                    <value>Communidade of Malar</value>
                </Data>
                <Data name="label_x">
                    <value>976174.0</value>
                </Data>
                <Data name="label_y">
                    <value>1018206.0</value>
                </Data>
            </ExtendedData>
            <Point id="95908">
                <coordinates>73.914014256,15.531571555,0.0</coordinates>
            </Point>
        </Placemark>
        <Placemark id="95942">
            <ExtendedData>
                <Data name="direction">
                    <value>https://maps.google.com?q=15.531,73.9196&amp;t=h</value>
                </Data>
                <Data name="id">
                    <value>4843</value>
                </Data>
                <Data name="name">
                    <value>Paner</value>
                </Data>
                <Data name="taluka">
                    <value>Tiswadi</value>
                </Data>
                <Data name="syno">
                    <value>192</value>
                </Data>
                <Data name="subdiv">
                    <value>5</value>
                </Data>
                <Data name="village">
                    <value>Malar</value>
                </Data>
                <Data name="latitude">
                    <value>15.531</value>
                </Data>
                <Data name="longitude">
                    <value>73.9196</value>
                </Data>
                <Data name="photo_1">
                    <value>DCIM/20230502124441139.jpg</value>
                </Data>
                <Data name="photo_2">
                    <value>DCIM/20230502124455908.jpg</value>
                </Data>
                <Data name="syno_pt_list">
                    <value>192/5</value>
                </Data>
                <Data name="constituency">
                    <value>15 - Cumbarjua</value>
                </Data>
                <Data name="status">
                    <value>Completed</value>
                </Data>
                <Data name="panchayat">
                    <value>Sao Matias</value>
                </Data>
                <Data name="wb_type">
                    <value>Pond</value>
                </Data>
                <Data name="owner_type">
                    <value>Private</value>
                </Data>
                <Data name="purpose">
                    <value>Irrigation</value>
                </Data>
                <Data name="construction">
                    <value>Natural</value>
                </Data>
                <Data name="condition">
                    <value>Needs Maintenance</value>
                </Data>
                <Data name="print_order">
                    <value>037</value>
                </Data>
                <Data name="wb_id">
                    <value>Ti/Mala/11</value>
                </Data>
                <Data name="storage_capacity">
                    <value>139.0</value>
                </Data>
                <Data name="wb_surface_id">
                    <value>4475</value>
                </Data>
                <Data name="created_at">
                    <value>2022-05-03 05:28:59.750605</value>
                </Data>
                <Data name="updated_at">
                    <value>2023-07-24 15:12:59.671737</value>
                </Data>
                <Data name="book_id">
                    <value>3</value>
                </Data>
                <Data name="owners">
                    <value>Bhiku S. Morajkar</value>
                </Data>
                <Data name="label_x">
                    <value>976174.0</value>
                </Data>
                <Data name="label_y">
                    <value>1005456.0</value>
                </Data>
            </ExtendedData>
            <Point id="95941">
                <coordinates>73.9195999,15.530999836,0.0</coordinates>
            </Point>
        </Placemark>
        <Placemark id="95975">
            <ExtendedData>
                <Data name="direction">
                    <value>https://maps.google.com?q=15.53238,73.91984&amp;t=h</value>
                </Data>
                <Data name="id">
                    <value>5580</value>
                </Data>
                <Data name="name">
                    <value>Paner</value>
                </Data>
                <Data name="taluka">
                    <value>Tiswadi</value>
                </Data>
                <Data name="syno">
                    <value>192</value>
                </Data>
                <Data name="subdiv">
                    <value>1</value>
                </Data>
                <Data name="village">
                    <value>Malar</value>
                </Data>
                <Data name="latitude">
                    <value>15.53238</value>
                </Data>
                <Data name="longitude">
                    <value>73.91984</value>
                </Data>
                <Data name="photo_1">
                    <value>DCIM/20230502124719866.jpg</value>
                </Data>
                <Data name="photo_2">
                    <value>DCIM/20230502124730870.jpg</value>
                </Data>
                <Data name="syno_pt_list">
                    <value>192/1</value>
                </Data>
                <Data name="constituency">
                    <value>15 - Cumbarjua</value>
                </Data>
                <Data name="status">
                    <value>Completed</value>
                </Data>
                <Data name="panchayat">
                    <value>Sao Matias</value>
                </Data>
                <Data name="wb_type">
                    <value>Tank</value>
                </Data>
                <Data name="owner_type">
                    <value>Communidade</value>
                </Data>
                <Data name="purpose">
                    <value>Storage</value>
                </Data>
                <Data name="construction">
                    <value>Man Made</value>
                </Data>
                <Data name="condition">
                    <value>Good</value>
                </Data>
                <Data name="print_order">
                    <value>150</value>
                </Data>
                <Data name="wb_id">
                    <value>Ti/Mala/63</value>
                </Data>
                <Data name="storage_capacity">
                    <value>46.0</value>
                </Data>
                <Data name="wb_surface_id">
                    <value>4477</value>
                </Data>
                <Data name="created_at">
                    <value>2022-08-16 03:27:10.334510</value>
                </Data>
                <Data name="updated_at">
                    <value>2023-07-24 15:13:10.550734</value>
                </Data>
                <Data name="book_id">
                    <value>3</value>
                </Data>
                <Data name="owners">
                    <value>Communidade of  Malar</value>
                </Data>
                <Data name="label_x">
                    <value>976174.0</value>
                </Data>
                <Data name="label_y">
                    <value>1021206.0</value>
                </Data>
            </ExtendedData>
            <Point id="95974">
                <coordinates>73.919840472,15.532377796,0.0</coordinates>
            </Point>
        </Placemark>
        <Placemark id="96008">
            <ExtendedData>
                <Data name="direction">
                    <value>https://maps.google.com?q=15.52621,73.91442&amp;t=h</value>
                </Data>
                <Data name="id">
                    <value>4793</value>
                </Data>
                <Data name="name">
                    <value>kan kicha Vall</value>
                </Data>
                <Data name="taluka">
                    <value>Tiswadi</value>
                </Data>
                <Data name="syno">
                    <value>206</value>
                </Data>
                <Data name="subdiv">
                    <value>8</value>
                </Data>
                <Data name="village">
                    <value>Malar</value>
                </Data>
                <Data name="latitude">
                    <value>15.52621</value>
                </Data>
                <Data name="longitude">
                    <value>73.91442</value>
                </Data>
                <Data name="photo_1">
                    <value>DCIM/20230502112716086.jpg</value>
                </Data>
                <Data name="photo_2">
                    <value>DCIM/20230502112730000.jpg</value>
                </Data>
                <Data name="syno_pt_list">
                    <value>206/8</value>
                </Data>
                <Data name="constituency">
                    <value>15 - Cumbarjua</value>
                </Data>
                <Data name="status">
                    <value>Completed</value>
                </Data>
                <Data name="panchayat">
                    <value>Sao Matias</value>
                </Data>
                <Data name="wb_type">
                    <value>Pond</value>
                </Data>
                <Data name="owner_type">
                    <value>Communidade</value>
                </Data>
                <Data name="purpose">
                    <value>Irrigation</value>
                </Data>
                <Data name="construction">
                    <value>Natural</value>
                </Data>
                <Data name="condition">
                    <value>Needs Maintenance</value>
                </Data>
                <Data name="print_order">
                    <value>049</value>
                </Data>
                <Data name="wb_id">
                    <value>Ti/Mala/25</value>
                </Data>
                <Data name="storage_capacity">
                    <value>96.0</value>
                </Data>
                <Data name="wb_surface_id">
                    <value>4433</value>
                </Data>
                <Data name="created_at">
                    <value>2022-05-03 05:17:49.375882</value>
                </Data>
                <Data name="updated_at">
                    <value>2023-07-24 15:12:59.162568</value>
                </Data>
                <Data name="book_id">
                    <value>3</value>
                </Data>
                <Data name="owners">
                    <value>Communidade of Malar</value>
                </Data>
                <Data name="label_x">
                    <value>976174.0</value>
                </Data>
                <Data name="label_y">
                    <value>1004706.0</value>
                </Data>
            </ExtendedData>
            <Point id="96007">
                <coordinates>73.914419297,15.526212675,0.0</coordinates>
            </Point>
        </Placemark>
        <Placemark id="96041">
            <ExtendedData>
                <Data name="direction">
                    <value>https://maps.google.com?q=15.5335,73.91036&amp;t=h</value>
                </Data>
                <Data name="id">
                    <value>5586</value>
                </Data>
                <Data name="name">
                    <value>Ade Shet</value>
                </Data>
                <Data name="taluka">
                    <value>Tiswadi</value>
                </Data>
                <Data name="syno">
                    <value>110</value>
                </Data>
                <Data name="subdiv">
                    <value>20</value>
                </Data>
                <Data name="village">
                    <value>Malar</value>
                </Data>
                <Data name="latitude">
                    <value>15.5335</value>
                </Data>
                <Data name="longitude">
                    <value>73.91036</value>
                </Data>
                <Data name="photo_1">
                    <value>DCIM/20230504085347231.jpg</value>
                </Data>
                <Data name="photo_2">
                    <value>DCIM/20230504085353072.jpg</value>
                </Data>
                <Data name="syno_pt_list">
                    <value>110/20</value>
                </Data>
                <Data name="constituency">
                    <value>15 - Cumbarjua</value>
                </Data>
                <Data name="status">
                    <value>Completed</value>
                </Data>
                <Data name="panchayat">
                    <value>Sao Matias</value>
                </Data>
                <Data name="wb_type">
                    <value>Pond</value>
                </Data>
                <Data name="owner_type">
                    <value>Communidade</value>
                </Data>
                <Data name="purpose">
                    <value>Irrigation</value>
                </Data>
                <Data name="construction">
                    <value>Natural</value>
                </Data>
                <Data name="condition">
                    <value>Good</value>
                </Data>
                <Data name="print_order">
                    <value>073</value>
                </Data>
                <Data name="wb_id">
                    <value>Ti/Mala/51</value>
                </Data>
                <Data name="storage_capacity">
                    <value>64.0</value>
                </Data>
                <Data name="wb_surface_id">
                    <value>4485</value>
                </Data>
                <Data name="created_at">
                    <value>2022-08-17 03:52:08.522748</value>
                </Data>
                <Data name="updated_at">
                    <value>2023-07-24 15:13:10.206762</value>
                </Data>
                <Data name="book_id">
                    <value>3</value>
                </Data>
                <Data name="owners">
                    <value>Communidade of Malar</value>
                </Data>
                <Data name="label_x">
                    <value>976174.0</value>
                </Data>
                <Data name="label_y">
                    <value>1020706.0</value>
                </Data>
            </ExtendedData>
            <Point id="96040">
                <coordinates>73.910360971,15.53349624,0.0</coordinates>
            </Point>
        </Placemark>
        <Placemark id="96074">
            <ExtendedData>
                <Data name="direction">
                    <value>https://maps.google.com?q=15.52738,73.90993&amp;t=h</value>
                </Data>
                <Data name="id">
                    <value>3554</value>
                </Data>
                <Data name="name">
                    <value>--</value>
                </Data>
                <Data name="taluka">
                    <value>Tiswadi</value>
                </Data>
                <Data name="syno">
                    <value>79</value>
                </Data>
                <Data name="subdiv">
                    <value>4</value>
                </Data>
                <Data name="village">
                    <value>Malar</value>
                </Data>
                <Data name="latitude">
                    <value>15.52738</value>
                </Data>
                <Data name="longitude">
                    <value>73.90993</value>
                </Data>
                <Data name="photo_1">
                    <value>DCIM/20230502111002073.jpg</value>
                </Data>
                <Data name="photo_2">
                    <value>DCIM/20230502111014409.jpg</value>
                </Data>
                <Data name="syno_pt_list">
                    <value>79/4</value>
                </Data>
                <Data name="constituency">
                    <value>15 - Cumbarjua</value>
                </Data>
                <Data name="status">
                    <value>Completed</value>
                </Data>
                <Data name="panchayat">
                    <value>Sao Matias</value>
                </Data>
                <Data name="wb_type">
                    <value>Pond</value>
                </Data>
                <Data name="owner_type">
                    <value>Communidade</value>
                </Data>
                <Data name="purpose">
                    <value>Irrigation</value>
                </Data>
                <Data name="construction">
                    <value>Natural</value>
                </Data>
                <Data name="condition">
                    <value>Needs Maintenance</value>
                </Data>
                <Data name="print_order">
                    <value>065</value>
                </Data>
                <Data name="wb_id">
                    <value>Ti/Mala/43</value>
                </Data>
                <Data name="storage_capacity">
                    <value>75.0</value>
                </Data>
                <Data name="wb_surface_id">
                    <value>4443</value>
                </Data>
                <Data name="created_at">
                    <value>2020-12-05 08:40:27</value>
                </Data>
                <Data name="updated_at">
                    <value>2023-07-24 15:13:03.766498</value>
                </Data>
                <Data name="book_id">
                    <value>3</value>
                </Data>
                <Data name="owners">
                    <value>Communidade of Malar</value>
                </Data>
                <Data name="label_x">
                    <value>976174.0</value>
                </Data>
                <Data name="label_y">
                    <value>1011206.0</value>
                </Data>
            </ExtendedData>
            <Point id="96073">
                <coordinates>73.909925946,15.527375327,0.0</coordinates>
            </Point>
        </Placemark>
    </Document>
</kml>
