<?xml version="1.0" encoding="UTF-8"?>
<kml xmlns="http://www.opengis.net/kml/2.2" xmlns:gx="http://www.google.com/kml/ext/2.2">
    <Document id="98200">
        <Placemark id="98202">
            <ExtendedData>
                <Data name="direction">
                    <value>https://maps.google.com?q=15.52389,73.89383&amp;t=h</value>
                </Data>
                <Data name="id">
                    <value>5554</value>
                </Data>
                <Data name="name">
                    <value>Ambea Cantor</value>
                </Data>
                <Data name="taluka">
                    <value>Tiswadi</value>
                </Data>
                <Data name="syno">
                    <value>159</value>
                </Data>
                <Data name="subdiv">
                    <value>14</value>
                </Data>
                <Data name="village">
                    <value>Navelim</value>
                </Data>
                <Data name="latitude">
                    <value>15.52389</value>
                </Data>
                <Data name="longitude">
                    <value>73.89383</value>
                </Data>
                <Data name="photo_1">
                    <value>DCIM/20230502081817997.jpg</value>
                </Data>
                <Data name="photo_2">
                    <value>DCIM/20230502081839076.jpg</value>
                </Data>
                <Data name="syno_pt_list">
                    <value>159/14</value>
                </Data>
                <Data name="constituency">
                    <value>15 - Cumbarjua</value>
                </Data>
                <Data name="status">
                    <value>Completed</value>
                </Data>
                <Data name="panchayat">
                    <value>Goltim-Navelim</value>
                </Data>
                <Data name="wb_type">
                    <value>Pond</value>
                </Data>
                <Data name="owner_type">
                    <value>Communidade</value>
                </Data>
                <Data name="purpose">
                    <value>Storage</value>
                </Data>
                <Data name="construction">
                    <value>Natural</value>
                </Data>
                <Data name="condition">
                    <value>Dry</value>
                </Data>
                <Data name="print_order">
                    <value>029</value>
                </Data>
                <Data name="wb_id">
                    <value>Ti/Nave/14</value>
                </Data>
                <Data name="storage_capacity">
                    <value>135.0</value>
                </Data>
                <Data name="wb_surface_id">
                    <value>4420</value>
                </Data>
                <Data name="created_at">
                    <value>2022-08-15 05:58:37.731854</value>
                </Data>
                <Data name="updated_at">
                    <value>2023-07-24 19:23:32.459808</value>
                </Data>
                <Data name="book_id">
                    <value>4</value>
                </Data>
                <Data name="owners">
                    <value>Communidade of Navelim</value>
                </Data>
                <Data name="label_x">
                    <value>996821.0</value>
                </Data>
                <Data name="label_y">
                    <value>1011956.0</value>
                </Data>
            </ExtendedData>
            <Point id="98201">
                <coordinates>73.893825414,15.52389191,0.0</coordinates>
            </Point>
        </Placemark>
        <Placemark id="98235">
            <ExtendedData>
                <Data name="direction">
                    <value>https://maps.google.com?q=15.52898,73.89835&amp;t=h</value>
                </Data>
                <Data name="id">
                    <value>4825</value>
                </Data>
                <Data name="name">
                    <value>Tar Cantor</value>
                </Data>
                <Data name="taluka">
                    <value>Tiswadi</value>
                </Data>
                <Data name="syno">
                    <value>7</value>
                </Data>
                <Data name="subdiv">
                    <value>1</value>
                </Data>
                <Data name="village">
                    <value>Navelim</value>
                </Data>
                <Data name="latitude">
                    <value>15.52898</value>
                </Data>
                <Data name="longitude">
                    <value>73.89835</value>
                </Data>
                <Data name="photo_1">
                    <value>DCIM/20230502090821635.jpg</value>
                </Data>
                <Data name="photo_2">
                    <value>DCIM/20230502090845954.jpg</value>
                </Data>
                <Data name="syno_pt_list">
                    <value>7/1</value>
                </Data>
                <Data name="constituency">
                    <value>15 - Cumbarjua</value>
                </Data>
                <Data name="status">
                    <value>Completed</value>
                </Data>
                <Data name="panchayat">
                    <value>Goltim-Navelim</value>
                </Data>
                <Data name="wb_type">
                    <value>Pond</value>
                </Data>
                <Data name="owner_type">
                    <value>Communidade</value>
                </Data>
                <Data name="purpose">
                    <value>Storage</value>
                </Data>
                <Data name="construction">
                    <value>Natural</value>
                </Data>
                <Data name="condition">
                    <value>Needs Maintenance</value>
                </Data>
                <Data name="print_order">
                    <value>047</value>
                </Data>
                <Data name="wb_id">
                    <value>Ti/Nave/45</value>
                </Data>
                <Data name="storage_capacity">
                    <value>64.0</value>
                </Data>
                <Data name="wb_surface_id">
                    <value>4410</value>
                </Data>
                <Data name="created_at">
                    <value>2022-05-03 05:28:59.750605</value>
                </Data>
                <Data name="updated_at">
                    <value>2023-07-24 19:23:40.858711</value>
                </Data>
                <Data name="book_id">
                    <value>4</value>
                </Data>
                <Data name="owners">
                    <value>Communidade of Navelim</value>
                </Data>
                <Data name="label_x">
                    <value>996821.0</value>
                </Data>
                <Data name="label_y">
                    <value>1018206.0</value>
                </Data>
            </ExtendedData>
            <Point id="98234">
                <coordinates>73.898348025,15.528978384,0.0</coordinates>
            </Point>
        </Placemark>
        <Placemark id="98268">
            <ExtendedData>
                <Data name="direction">
                    <value>https://maps.google.com?q=15.5262,73.89554&amp;t=h</value>
                </Data>
                <Data name="id">
                    <value>5557</value>
                </Data>
                <Data name="name">
                    <value>Mut Cantor</value>
                </Data>
                <Data name="taluka">
                    <value>Tiswadi</value>
                </Data>
                <Data name="syno">
                    <value>9</value>
                </Data>
                <Data name="subdiv">
                    <value>4</value>
                </Data>
                <Data name="village">
                    <value>Navelim</value>
                </Data>
                <Data name="latitude">
                    <value>15.5262</value>
                </Data>
                <Data name="longitude">
                    <value>73.89554</value>
                </Data>
                <Data name="photo_1">
                    <value>DCIM/20230502082634161.jpg</value>
                </Data>
                <Data name="photo_2">
                    <value>DCIM/20230502082641484.jpg</value>
                </Data>
                <Data name="syno_pt_list">
                    <value>9/3-4</value>
                </Data>
                <Data name="constituency">
                    <value>15 - Cumbarjua</value>
                </Data>
                <Data name="status">
                    <value>Completed</value>
                </Data>
                <Data name="panchayat">
                    <value>Goltim-Navelim</value>
                </Data>
                <Data name="wb_type">
                    <value>Pond</value>
                </Data>
                <Data name="owner_type">
                    <value>Communidade</value>
                </Data>
                <Data name="purpose">
                    <value>Storage</value>
                </Data>
                <Data name="construction">
                    <value>Natural</value>
                </Data>
                <Data name="condition">
                    <value>Dry</value>
                </Data>
                <Data name="print_order">
                    <value>041</value>
                </Data>
                <Data name="wb_id">
                    <value>Ti/Nave/30</value>
                </Data>
                <Data name="storage_capacity">
                    <value>82.0</value>
                </Data>
                <Data name="wb_surface_id">
                    <value>4396</value>
                </Data>
                <Data name="created_at">
                    <value>2022-08-15 06:51:37.751519</value>
                </Data>
                <Data name="updated_at">
                    <value>2023-07-24 19:23:35.027024</value>
                </Data>
                <Data name="book_id">
                    <value>4</value>
                </Data>
                <Data name="owners">
                    <value>Communidade of Navelim</value>
                </Data>
                <Data name="label_x">
                    <value>996821.0</value>
                </Data>
                <Data name="label_y">
                    <value>1013956.0</value>
                </Data>
            </ExtendedData>
            <Point id="98267">
                <coordinates>73.895541165,15.526199136,0.0</coordinates>
            </Point>
        </Placemark>
        <Placemark id="98301">
            <ExtendedData>
                <Data name="direction">
                    <value>https://maps.google.com?q=15.52622,73.89578&amp;t=h</value>
                </Data>
                <Data name="id">
                    <value>5558</value>
                </Data>
                <Data name="name">
                    <value>Mut Cantor</value>
                </Data>
                <Data name="taluka">
                    <value>Tiswadi</value>
                </Data>
                <Data name="syno">
                    <value>9</value>
                </Data>
                <Data name="subdiv">
                    <value>10</value>
                </Data>
                <Data name="village">
                    <value>Navelim</value>
                </Data>
                <Data name="latitude">
                    <value>15.52622</value>
                </Data>
                <Data name="longitude">
                    <value>73.89578</value>
                </Data>
                <Data name="photo_1">
                    <value>DCIM/20230502082700199.jpg</value>
                </Data>
                <Data name="photo_2">
                    <value>DCIM/20230502082707634.jpg</value>
                </Data>
                <Data name="syno_pt_list">
                    <value>9/5,10</value>
                </Data>
                <Data name="constituency">
                    <value>15 - Cumbarjua</value>
                </Data>
                <Data name="status">
                    <value>Completed</value>
                </Data>
                <Data name="panchayat">
                    <value>Goltim-Navelim</value>
                </Data>
                <Data name="wb_type">
                    <value>Pond</value>
                </Data>
                <Data name="owner_type">
                    <value>Communidade</value>
                </Data>
                <Data name="purpose">
                    <value>Irrigation</value>
                </Data>
                <Data name="construction">
                    <value>Natural</value>
                </Data>
                <Data name="condition">
                    <value>Needs Maintenance</value>
                </Data>
                <Data name="print_order">
                    <value>035</value>
                </Data>
                <Data name="wb_id">
                    <value>Ti/Nave/20</value>
                </Data>
                <Data name="storage_capacity">
                    <value>99.0</value>
                </Data>
                <Data name="wb_surface_id">
                    <value>4397</value>
                </Data>
                <Data name="created_at">
                    <value>2022-08-15 06:51:37.751519</value>
                </Data>
                <Data name="updated_at">
                    <value>2023-07-24 19:23:35.339186</value>
                </Data>
                <Data name="book_id">
                    <value>4</value>
                </Data>
                <Data name="owners">
                    <value>Communidade of Navelim</value>
                </Data>
                <Data name="label_x">
                    <value>996821.0</value>
                </Data>
                <Data name="label_y">
                    <value>1014206.0</value>
                </Data>
            </ExtendedData>
            <Point id="98300">
                <coordinates>73.895779221,15.526216769,0.0</coordinates>
            </Point>
        </Placemark>
        <Placemark id="98334">
            <ExtendedData>
                <Data name="direction">
                    <value>https://maps.google.com?q=15.52721,73.89699&amp;t=h</value>
                </Data>
                <Data name="id">
                    <value>4815</value>
                </Data>
                <Data name="name">
                    <value>Mut Cantor</value>
                </Data>
                <Data name="taluka">
                    <value>Tiswadi</value>
                </Data>
                <Data name="syno">
                    <value>8</value>
                </Data>
                <Data name="subdiv">
                    <value>6</value>
                </Data>
                <Data name="village">
                    <value>Navelim</value>
                </Data>
                <Data name="latitude">
                    <value>15.52721</value>
                </Data>
                <Data name="longitude">
                    <value>73.89699</value>
                </Data>
                <Data name="photo_1">
                    <value>DCIM/20230502085659828.jpg</value>
                </Data>
                <Data name="photo_2">
                    <value>DCIM/20230502085713229.jpg</value>
                </Data>
                <Data name="syno_pt_list">
                    <value>8/2,6</value>
                </Data>
                <Data name="constituency">
                    <value>15 - Cumbarjua</value>
                </Data>
                <Data name="status">
                    <value>Completed</value>
                </Data>
                <Data name="panchayat">
                    <value>Goltim-Navelim</value>
                </Data>
                <Data name="wb_type">
                    <value>Pond</value>
                </Data>
                <Data name="owner_type">
                    <value>Communidade</value>
                </Data>
                <Data name="purpose">
                    <value>Storage</value>
                </Data>
                <Data name="construction">
                    <value>Natural</value>
                </Data>
                <Data name="condition">
                    <value>Needs Maintenance</value>
                </Data>
                <Data name="print_order">
                    <value>025</value>
                </Data>
                <Data name="wb_id">
                    <value>Ti/Nave/10</value>
                </Data>
                <Data name="storage_capacity">
                    <value>150.0</value>
                </Data>
                <Data name="wb_surface_id">
                    <value>4401</value>
                </Data>
                <Data name="created_at">
                    <value>2022-05-03 05:28:59.750605</value>
                </Data>
                <Data name="updated_at">
                    <value>2023-07-24 19:23:36.254695</value>
                </Data>
                <Data name="book_id">
                    <value>4</value>
                </Data>
                <Data name="owners">
                    <value>Communidade of Navelim</value>
                </Data>
                <Data name="label_x">
                    <value>996821.0</value>
                </Data>
                <Data name="label_y">
                    <value>1014956.0</value>
                </Data>
            </ExtendedData>
            <Point id="98333">
                <coordinates>73.89699419,15.527210192,0.0</coordinates>
            </Point>
        </Placemark>
        <Placemark id="98367">
            <ExtendedData>
                <Data name="direction">
                    <value>https://maps.google.com?q=15.52697,73.89667&amp;t=h</value>
                </Data>
                <Data name="id">
                    <value>4814</value>
                </Data>
                <Data name="name">
                    <value>Mut Cantor</value>
                </Data>
                <Data name="taluka">
                    <value>Tiswadi</value>
                </Data>
                <Data name="syno">
                    <value>8</value>
                </Data>
                <Data name="subdiv">
                    <value>5</value>
                </Data>
                <Data name="village">
                    <value>Navelim</value>
                </Data>
                <Data name="latitude">
                    <value>15.52697</value>
                </Data>
                <Data name="longitude">
                    <value>73.89667</value>
                </Data>
                <Data name="photo_1">
                    <value>DCIM/20230502085443632.jpg</value>
                </Data>
                <Data name="photo_2">
                    <value>DCIM/20230502085458967.jpg</value>
                </Data>
                <Data name="syno_pt_list">
                    <value>8/1,5</value>
                </Data>
                <Data name="constituency">
                    <value>15 - Cumbarjua</value>
                </Data>
                <Data name="status">
                    <value>Completed</value>
                </Data>
                <Data name="panchayat">
                    <value>Goltim-Navelim</value>
                </Data>
                <Data name="wb_type">
                    <value>Pond</value>
                </Data>
                <Data name="owner_type">
                    <value>Communidade</value>
                </Data>
                <Data name="purpose">
                    <value>Storage</value>
                </Data>
                <Data name="construction">
                    <value>Natural</value>
                </Data>
                <Data name="condition">
                    <value>Dry</value>
                </Data>
                <Data name="print_order">
                    <value>022</value>
                </Data>
                <Data name="wb_id">
                    <value>Ti/Nave/06</value>
                </Data>
                <Data name="storage_capacity">
                    <value>186.0</value>
                </Data>
                <Data name="wb_surface_id">
                    <value>4399</value>
                </Data>
                <Data name="created_at">
                    <value>2022-05-03 05:28:59.750605</value>
                </Data>
                <Data name="updated_at">
                    <value>2023-07-24 19:23:35.954069</value>
                </Data>
                <Data name="book_id">
                    <value>4</value>
                </Data>
                <Data name="owners">
                    <value>Communidade of Navelim</value>
                </Data>
                <Data name="label_x">
                    <value>996821.0</value>
                </Data>
                <Data name="label_y">
                    <value>1014706.0</value>
                </Data>
            </ExtendedData>
            <Point id="98366">
                <coordinates>73.896669531,15.526972082,0.0</coordinates>
            </Point>
        </Placemark>
        <Placemark id="98400">
            <ExtendedData>
                <Data name="direction">
                    <value>https://maps.google.com?q=15.52044,73.89833&amp;t=h</value>
                </Data>
                <Data name="id">
                    <value>3612</value>
                </Data>
                <Data name="name">
                    <value>Molloi</value>
                </Data>
                <Data name="taluka">
                    <value>Tiswadi</value>
                </Data>
                <Data name="syno">
                    <value>26</value>
                </Data>
                <Data name="subdiv">
                    <value>14</value>
                </Data>
                <Data name="village">
                    <value>Navelim</value>
                </Data>
                <Data name="latitude">
                    <value>15.52044</value>
                </Data>
                <Data name="longitude">
                    <value>73.89833</value>
                </Data>
                <Data name="photo_1">
                    <value>DCIM/20230504075026040.jpg</value>
                </Data>
                <Data name="photo_2">
                    <value>DCIM/20230504075031319.jpg</value>
                </Data>
                <Data name="syno_pt_list">
                    <value>26/14</value>
                </Data>
                <Data name="constituency">
                    <value>15 - Cumbarjua</value>
                </Data>
                <Data name="status">
                    <value>Completed</value>
                </Data>
                <Data name="panchayat">
                    <value>Goltim-Navelim</value>
                </Data>
                <Data name="wb_type">
                    <value>Tank</value>
                </Data>
                <Data name="owner_type">
                    <value>Private</value>
                </Data>
                <Data name="purpose">
                    <value>Storage</value>
                </Data>
                <Data name="construction">
                    <value>Natural/Man Made</value>
                </Data>
                <Data name="condition">
                    <value>Good</value>
                </Data>
                <Data name="print_order">
                    <value>125</value>
                </Data>
                <Data name="wb_id">
                    <value>Ti/Nave/58</value>
                </Data>
                <Data name="storage_capacity">
                    <value>38.0</value>
                </Data>
                <Data name="wb_surface_id">
                    <value>4423</value>
                </Data>
                <Data name="created_at">
                    <value>2020-12-05 08:40:27</value>
                </Data>
                <Data name="updated_at">
                    <value>2023-07-24 19:23:32.183373</value>
                </Data>
                <Data name="book_id">
                    <value>4</value>
                </Data>
                <Data name="owners">
                    <value>Felicia Marcelina Pinto</value>
                </Data>
                <Data name="label_x">
                    <value>996821.0</value>
                </Data>
                <Data name="label_y">
                    <value>1011706.0</value>
                </Data>
            </ExtendedData>
            <Point id="98399">
                <coordinates>73.898333631,15.520442227,0.0</coordinates>
            </Point>
        </Placemark>
        <Placemark id="98433">
            <ExtendedData>
                <Data name="direction">
                    <value>https://maps.google.com?q=15.52162,73.89405&amp;t=h</value>
                </Data>
                <Data name="id">
                    <value>6143</value>
                </Data>
                <Data name="name">
                    <value>Manes cono</value>
                </Data>
                <Data name="taluka">
                    <value>Tiswadi</value>
                </Data>
                <Data name="syno">
                    <value>22</value>
                </Data>
                <Data name="subdiv">
                    <value>6</value>
                </Data>
                <Data name="village">
                    <value>Navelim</value>
                </Data>
                <Data name="latitude">
                    <value>15.52162</value>
                </Data>
                <Data name="longitude">
                    <value>73.89405</value>
                </Data>
                <Data name="photo_1">
                    <value>DCIM/20230502075957066.jpg</value>
                </Data>
                <Data name="photo_2">
                    <value>DCIM/20230502080024139.jpg</value>
                </Data>
                <Data name="constituency">
                    <value>15 - Cumbarjua</value>
                </Data>
                <Data name="status">
                    <value>Completed</value>
                </Data>
                <Data name="panchayat">
                    <value>Goltim-Navelim</value>
                </Data>
                <Data name="wb_type">
                    <value>Tank</value>
                </Data>
                <Data name="owner_type">
                    <value>Communidade</value>
                </Data>
                <Data name="purpose">
                    <value>Irrigation</value>
                </Data>
                <Data name="construction">
                    <value>Natural/Man Made</value>
                </Data>
                <Data name="condition">
                    <value>Good</value>
                </Data>
                <Data name="print_order">
                    <value>123</value>
                </Data>
                <Data name="wb_id">
                    <value>Ti/Nave/56</value>
                </Data>
                <Data name="storage_capacity">
                    <value>41.0</value>
                </Data>
                <Data name="wb_surface_id">
                    <value>5575</value>
                </Data>
                <Data name="created_at">
                    <value>2023-05-02 00:00:00</value>
                </Data>
                <Data name="updated_at">
                    <value>2023-07-24 19:23:29.603884</value>
                </Data>
                <Data name="book_id">
                    <value>4</value>
                </Data>
                <Data name="owners">
                    <value>Communidade of Navelim</value>
                </Data>
                <Data name="label_x">
                    <value>996821.0</value>
                </Data>
                <Data name="label_y">
                    <value>1009706.0</value>
                </Data>
            </ExtendedData>
            <Point id="98432">
                <coordinates>73.894046494,15.521620175,0.0</coordinates>
            </Point>
        </Placemark>
        <Placemark id="98465">
            <ExtendedData>
                <Data name="direction">
                    <value>https://maps.google.com?q=15.51662,73.89217&amp;t=h</value>
                </Data>
                <Data name="id">
                    <value>6137</value>
                </Data>
                <Data name="name">
                    <value>Mudem</value>
                </Data>
                <Data name="taluka">
                    <value>Tiswadi</value>
                </Data>
                <Data name="syno">
                    <value>36</value>
                </Data>
                <Data name="subdiv">
                    <value>2</value>
                </Data>
                <Data name="village">
                    <value>Navelim</value>
                </Data>
                <Data name="latitude">
                    <value>15.51662</value>
                </Data>
                <Data name="longitude">
                    <value>73.89217</value>
                </Data>
                <Data name="photo_1">
                    <value>DCIM/20230502072716703.jpg</value>
                </Data>
                <Data name="photo_2">
                    <value>DCIM/20230502072739558.jpg</value>
                </Data>
                <Data name="constituency">
                    <value>15 - Cumbarjua</value>
                </Data>
                <Data name="status">
                    <value>Completed</value>
                </Data>
                <Data name="panchayat">
                    <value>Goltim-Navelim</value>
                </Data>
                <Data name="wb_type">
                    <value>Tank</value>
                </Data>
                <Data name="owner_type">
                    <value>Communidade</value>
                </Data>
                <Data name="purpose">
                    <value>Irrigation</value>
                </Data>
                <Data name="construction">
                    <value>Natural/Man Made</value>
                </Data>
                <Data name="condition">
                    <value>Good</value>
                </Data>
                <Data name="print_order">
                    <value>118</value>
                </Data>
                <Data name="wb_id">
                    <value>Ti/Nave/44</value>
                </Data>
                <Data name="storage_capacity">
                    <value>66.0</value>
                </Data>
                <Data name="wb_surface_id">
                    <value>5622</value>
                </Data>
                <Data name="created_at">
                    <value>2023-05-02 00:00:00</value>
                </Data>
                <Data name="updated_at">
                    <value>2023-07-24 19:56:13.478733</value>
                </Data>
                <Data name="book_id">
                    <value>4</value>
                </Data>
                <Data name="owners">
                    <value>Communidade of Navelim</value>
                </Data>
                <Data name="label_x">
                    <value>976173.0</value>
                </Data>
                <Data name="label_y">
                    <value>1018190.68332924</value>
                </Data>
            </ExtendedData>
            <Point id="98464">
                <coordinates>73.892174799,15.516621523,0.0</coordinates>
            </Point>
        </Placemark>
        <Placemark id="98497">
            <ExtendedData>
                <Data name="direction">
                    <value>https://maps.google.com?q=15.5219,73.89361&amp;t=h</value>
                </Data>
                <Data name="id">
                    <value>3611</value>
                </Data>
                <Data name="name">
                    <value>Nirbatt</value>
                </Data>
                <Data name="taluka">
                    <value>Tiswadi</value>
                </Data>
                <Data name="syno">
                    <value>20</value>
                </Data>
                <Data name="subdiv">
                    <value>6</value>
                </Data>
                <Data name="village">
                    <value>Navelim</value>
                </Data>
                <Data name="latitude">
                    <value>15.5219</value>
                </Data>
                <Data name="longitude">
                    <value>73.89361</value>
                </Data>
                <Data name="photo_1">
                    <value>DCIM/20230502080041886.jpg</value>
                </Data>
                <Data name="photo_2">
                    <value>DCIM/20230502080055920.jpg</value>
                </Data>
                <Data name="syno_pt_list">
                    <value>20/6</value>
                </Data>
                <Data name="constituency">
                    <value>15 - Cumbarjua</value>
                </Data>
                <Data name="status">
                    <value>Completed</value>
                </Data>
                <Data name="panchayat">
                    <value>Goltim-Navelim</value>
                </Data>
                <Data name="wb_type">
                    <value>Tank</value>
                </Data>
                <Data name="owner_type">
                    <value>Private</value>
                </Data>
                <Data name="purpose">
                    <value>Irrigation</value>
                </Data>
                <Data name="construction">
                    <value>Natural/Man Made</value>
                </Data>
                <Data name="condition">
                    <value>Good</value>
                </Data>
                <Data name="print_order">
                    <value>116</value>
                </Data>
                <Data name="wb_id">
                    <value>Ti/Nave/42</value>
                </Data>
                <Data name="storage_capacity">
                    <value>66.0</value>
                </Data>
                <Data name="wb_surface_id">
                    <value>4388</value>
                </Data>
                <Data name="created_at">
                    <value>2020-12-05 08:40:27</value>
                </Data>
                <Data name="updated_at">
                    <value>2023-07-24 19:23:28.987645</value>
                </Data>
                <Data name="book_id">
                    <value>4</value>
                </Data>
                <Data name="owners">
                    <value>Gemeniano Aurelio Da Silva Dos Satos Braganca</value>
                </Data>
                <Data name="label_x">
                    <value>996821.0</value>
                </Data>
                <Data name="label_y">
                    <value>1009206.0</value>
                </Data>
            </ExtendedData>
            <Point id="98496">
                <coordinates>73.893605579,15.521903653,0.0</coordinates>
            </Point>
        </Placemark>
        <Placemark id="98530">
            <ExtendedData>
                <Data name="direction">
                    <value>https://maps.google.com?q=15.52748,73.89763&amp;t=h</value>
                </Data>
                <Data name="id">
                    <value>3604</value>
                </Data>
                <Data name="name">
                    <value>Orco</value>
                </Data>
                <Data name="taluka">
                    <value>Tiswadi</value>
                </Data>
                <Data name="syno">
                    <value>6</value>
                </Data>
                <Data name="subdiv">
                    <value>2</value>
                </Data>
                <Data name="village">
                    <value>Navelim</value>
                </Data>
                <Data name="latitude">
                    <value>15.52748</value>
                </Data>
                <Data name="longitude">
                    <value>73.89763</value>
                </Data>
                <Data name="photo_1">
                    <value>DCIM/20230502092155996.jpg</value>
                </Data>
                <Data name="photo_2">
                    <value>DCIM/20230502092209009.jpg</value>
                </Data>
                <Data name="syno_pt_list">
                    <value>6/1-3</value>
                </Data>
                <Data name="constituency">
                    <value>15 - Cumbarjua</value>
                </Data>
                <Data name="status">
                    <value>Completed</value>
                </Data>
                <Data name="panchayat">
                    <value>Goltim-Navelim</value>
                </Data>
                <Data name="wb_type">
                    <value>Pond</value>
                </Data>
                <Data name="owner_type">
                    <value>Private</value>
                </Data>
                <Data name="purpose">
                    <value>Storage</value>
                </Data>
                <Data name="construction">
                    <value>Natural</value>
                </Data>
                <Data name="condition">
                    <value>Dry</value>
                </Data>
                <Data name="print_order">
                    <value>019</value>
                </Data>
                <Data name="wb_id">
                    <value>Ti/Nave/03</value>
                </Data>
                <Data name="storage_capacity">
                    <value>247.0</value>
                </Data>
                <Data name="wb_surface_id">
                    <value>4421</value>
                </Data>
                <Data name="created_at">
                    <value>2020-12-05 08:40:27</value>
                </Data>
                <Data name="updated_at">
                    <value>2023-07-24 19:23:36.881985</value>
                </Data>
                <Data name="book_id">
                    <value>4</value>
                </Data>
                <Data name="owners">
                    <value>Aurelio dos Santos Braganza</value>
                </Data>
                <Data name="label_x">
                    <value>996821.0</value>
                </Data>
                <Data name="label_y">
                    <value>1015456.0</value>
                </Data>
            </ExtendedData>
            <Point id="98529">
                <coordinates>73.897634069,15.527480275,0.0</coordinates>
            </Point>
        </Placemark>
        <Placemark id="98563">
            <ExtendedData>
                <Data name="direction">
                    <value>https://maps.google.com?q=15.53434,73.90142&amp;t=h</value>
                </Data>
                <Data name="id">
                    <value>4832</value>
                </Data>
                <Data name="name">
                    <value>Vitogem</value>
                </Data>
                <Data name="taluka">
                    <value>Tiswadi</value>
                </Data>
                <Data name="syno">
                    <value>175</value>
                </Data>
                <Data name="subdiv">
                    <value>6</value>
                </Data>
                <Data name="village">
                    <value>Navelim</value>
                </Data>
                <Data name="latitude">
                    <value>15.53434</value>
                </Data>
                <Data name="longitude">
                    <value>73.90142</value>
                </Data>
                <Data name="photo_1">
                    <value>DCIM/20230502103335050.jpg</value>
                </Data>
                <Data name="photo_2">
                    <value>DCIM/20230502103347039.jpg</value>
                </Data>
                <Data name="syno_pt_list">
                    <value>175/6</value>
                </Data>
                <Data name="constituency">
                    <value>15 - Cumbarjua</value>
                </Data>
                <Data name="status">
                    <value>Completed</value>
                </Data>
                <Data name="panchayat">
                    <value>Goltim-Navelim</value>
                </Data>
                <Data name="wb_type">
                    <value>Tank</value>
                </Data>
                <Data name="owner_type">
                    <value>Private</value>
                </Data>
                <Data name="purpose">
                    <value>Irrigation</value>
                </Data>
                <Data name="construction">
                    <value>Man Made</value>
                </Data>
                <Data name="condition">
                    <value>Good</value>
                </Data>
                <Data name="print_order">
                    <value>115</value>
                </Data>
                <Data name="wb_id">
                    <value>Ti/Nave/40</value>
                </Data>
                <Data name="storage_capacity">
                    <value>69.0</value>
                </Data>
                <Data name="wb_surface_id">
                    <value>4419</value>
                </Data>
                <Data name="created_at">
                    <value>2022-05-03 05:28:59.750605</value>
                </Data>
                <Data name="updated_at">
                    <value>2023-07-24 19:23:46.100830</value>
                </Data>
                <Data name="book_id">
                    <value>4</value>
                </Data>
                <Data name="owners">
                    <value>Isabel Carmeline Vaz
Philip Benedict Vaz</value>
                </Data>
                <Data name="label_x">
                    <value>996821.0</value>
                </Data>
                <Data name="label_y">
                    <value>1020706.0</value>
                </Data>
            </ExtendedData>
            <Point id="98562">
                <coordinates>73.901423536,15.534340395,0.0</coordinates>
            </Point>
        </Placemark>
        <Placemark id="98596">
            <ExtendedData>
                <Data name="direction">
                    <value>https://maps.google.com?q=15.51944,73.89793&amp;t=h</value>
                </Data>
                <Data name="id">
                    <value>4799</value>
                </Data>
                <Data name="name">
                    <value>Samone</value>
                </Data>
                <Data name="taluka">
                    <value>Tiswadi</value>
                </Data>
                <Data name="syno">
                    <value>30</value>
                </Data>
                <Data name="subdiv">
                    <value>2</value>
                </Data>
                <Data name="village">
                    <value>Navelim</value>
                </Data>
                <Data name="latitude">
                    <value>15.51944</value>
                </Data>
                <Data name="longitude">
                    <value>73.89793</value>
                </Data>
                <Data name="photo_1">
                    <value>DCIM/20230504074849553.jpg</value>
                </Data>
                <Data name="photo_2">
                    <value>DCIM/20230504074854321.jpg</value>
                </Data>
                <Data name="syno_pt_list">
                    <value>30/2</value>
                </Data>
                <Data name="constituency">
                    <value>15 - Cumbarjua</value>
                </Data>
                <Data name="status">
                    <value>Completed</value>
                </Data>
                <Data name="panchayat">
                    <value>Goltim-Navelim</value>
                </Data>
                <Data name="wb_type">
                    <value>Tank</value>
                </Data>
                <Data name="owner_type">
                    <value>Private</value>
                </Data>
                <Data name="purpose">
                    <value>Irrigation</value>
                </Data>
                <Data name="construction">
                    <value>Natural/Man Made</value>
                </Data>
                <Data name="condition">
                    <value>Good</value>
                </Data>
                <Data name="print_order">
                    <value>105</value>
                </Data>
                <Data name="wb_id">
                    <value>Ti/Nave/08</value>
                </Data>
                <Data name="storage_capacity">
                    <value>163.0</value>
                </Data>
                <Data name="wb_surface_id">
                    <value>4368</value>
                </Data>
                <Data name="created_at">
                    <value>2022-05-03 05:28:59.750605</value>
                </Data>
                <Data name="updated_at">
                    <value>2023-07-24 19:23:30.932396</value>
                </Data>
                <Data name="book_id">
                    <value>4</value>
                </Data>
                <Data name="owners">
                    <value>Rohinibai Rohidas Diwadkar</value>
                </Data>
                <Data name="label_x">
                    <value>996821.0</value>
                </Data>
                <Data name="label_y">
                    <value>1010706.0</value>
                </Data>
            </ExtendedData>
            <Point id="98595">
                <coordinates>73.897932287,15.519437315,0.0</coordinates>
            </Point>
        </Placemark>
        <Placemark id="98629">
            <ExtendedData>
                <Data name="direction">
                    <value>https://maps.google.com?q=15.53064,73.90174&amp;t=h</value>
                </Data>
                <Data name="id">
                    <value>3501</value>
                </Data>
                <Data name="name">
                    <value>--</value>
                </Data>
                <Data name="taluka">
                    <value>Tiswadi</value>
                </Data>
                <Data name="syno">
                    <value>181</value>
                </Data>
                <Data name="subdiv">
                    <value>2</value>
                </Data>
                <Data name="village">
                    <value>Navelim</value>
                </Data>
                <Data name="latitude">
                    <value>15.53064</value>
                </Data>
                <Data name="longitude">
                    <value>73.90174</value>
                </Data>
                <Data name="photo_1">
                    <value>DCIM/20230502100748531.jpg</value>
                </Data>
                <Data name="photo_2">
                    <value>DCIM/20230502100832529.jpg</value>
                </Data>
                <Data name="syno_pt_list">
                    <value>181/2</value>
                </Data>
                <Data name="constituency">
                    <value>15 - Cumbarjua</value>
                </Data>
                <Data name="status">
                    <value>Completed</value>
                </Data>
                <Data name="panchayat">
                    <value>Goltim-Navelim</value>
                </Data>
                <Data name="wb_type">
                    <value>Tank</value>
                </Data>
                <Data name="owner_type">
                    <value>Private</value>
                </Data>
                <Data name="purpose">
                    <value>Storage</value>
                </Data>
                <Data name="construction">
                    <value>Man Made</value>
                </Data>
                <Data name="condition">
                    <value>Good</value>
                </Data>
                <Data name="print_order">
                    <value>108</value>
                </Data>
                <Data name="wb_id">
                    <value>Ti/Nave/27</value>
                </Data>
                <Data name="storage_capacity">
                    <value>82.0</value>
                </Data>
                <Data name="wb_surface_id">
                    <value>4428</value>
                </Data>
                <Data name="created_at">
                    <value>2020-12-05 08:40:27</value>
                </Data>
                <Data name="updated_at">
                    <value>2023-07-24 19:23:43.106871</value>
                </Data>
                <Data name="book_id">
                    <value>4</value>
                </Data>
                <Data name="owners">
                    <value>Eunice Ana Braganza
Rajesh Vasudev Sarmalkar
Umesh R. Natekar</value>
                </Data>
                <Data name="label_x">
                    <value>996821.0</value>
                </Data>
                <Data name="label_y">
                    <value>1019456.0</value>
                </Data>
            </ExtendedData>
            <Point id="98628">
                <coordinates>73.901736462,15.530639882,0.0</coordinates>
            </Point>
        </Placemark>
        <Placemark id="98662">
            <ExtendedData>
                <Data name="direction">
                    <value>https://maps.google.com?q=15.51679,73.89249&amp;t=h</value>
                </Data>
                <Data name="id">
                    <value>6138</value>
                </Data>
                <Data name="name">
                    <value>Mundem</value>
                </Data>
                <Data name="taluka">
                    <value>Tiswadi</value>
                </Data>
                <Data name="syno">
                    <value>36</value>
                </Data>
                <Data name="subdiv">
                    <value>3</value>
                </Data>
                <Data name="village">
                    <value>Navelim</value>
                </Data>
                <Data name="latitude">
                    <value>15.51679</value>
                </Data>
                <Data name="longitude">
                    <value>73.89249</value>
                </Data>
                <Data name="photo_1">
                    <value>DCIM/20230502072929006.jpg</value>
                </Data>
                <Data name="photo_2">
                    <value>DCIM/20230502072949023.jpg</value>
                </Data>
                <Data name="constituency">
                    <value>15 - Cumbarjua</value>
                </Data>
                <Data name="status">
                    <value>Completed</value>
                </Data>
                <Data name="panchayat">
                    <value>Goltim-Navelim</value>
                </Data>
                <Data name="wb_type">
                    <value>Tank</value>
                </Data>
                <Data name="owner_type">
                    <value>Communidade</value>
                </Data>
                <Data name="purpose">
                    <value>Irrigation</value>
                </Data>
                <Data name="construction">
                    <value>Man Made</value>
                </Data>
                <Data name="condition">
                    <value>Good</value>
                </Data>
                <Data name="print_order">
                    <value>119</value>
                </Data>
                <Data name="wb_id">
                    <value>Ti/Nave/47</value>
                </Data>
                <Data name="storage_capacity">
                    <value>56.0</value>
                </Data>
                <Data name="wb_surface_id">
                    <value>5623</value>
                </Data>
                <Data name="created_at">
                    <value>2023-05-02 00:00:00</value>
                </Data>
                <Data name="updated_at">
                    <value>2023-07-24 19:56:13.914690</value>
                </Data>
                <Data name="book_id">
                    <value>4</value>
                </Data>
                <Data name="owners">
                    <value>Communidade of Navelim</value>
                </Data>
                <Data name="label_x">
                    <value>976173.0</value>
                </Data>
                <Data name="label_y">
                    <value>1018690.68332924</value>
                </Data>
            </ExtendedData>
            <Point id="98661">
                <coordinates>73.892490373,15.516786215,0.0</coordinates>
            </Point>
        </Placemark>
        <Placemark id="98694">
            <ExtendedData>
                <Data name="direction">
                    <value>https://maps.google.com?q=15.5174,73.89313&amp;t=h</value>
                </Data>
                <Data name="id">
                    <value>6139</value>
                </Data>
                <Data name="name">
                    <value>Mundem</value>
                </Data>
                <Data name="taluka">
                    <value>Tiswadi</value>
                </Data>
                <Data name="syno">
                    <value>36</value>
                </Data>
                <Data name="subdiv">
                    <value>7</value>
                </Data>
                <Data name="village">
                    <value>Navelim</value>
                </Data>
                <Data name="latitude">
                    <value>15.5174</value>
                </Data>
                <Data name="longitude">
                    <value>73.89313</value>
                </Data>
                <Data name="photo_1">
                    <value>DCIM/20230502073839564.jpg</value>
                </Data>
                <Data name="photo_2">
                    <value>DCIM/20230502073859259.jpg</value>
                </Data>
                <Data name="constituency">
                    <value>15 - Cumbarjua</value>
                </Data>
                <Data name="status">
                    <value>Completed</value>
                </Data>
                <Data name="panchayat">
                    <value>Goltim-Navelim</value>
                </Data>
                <Data name="wb_type">
                    <value>Tank</value>
                </Data>
                <Data name="owner_type">
                    <value>Communidade</value>
                </Data>
                <Data name="purpose">
                    <value>Irrigation</value>
                </Data>
                <Data name="construction">
                    <value>Man Made</value>
                </Data>
                <Data name="condition">
                    <value>Good</value>
                </Data>
                <Data name="print_order">
                    <value>107</value>
                </Data>
                <Data name="wb_id">
                    <value>Ti/Nave/24</value>
                </Data>
                <Data name="storage_capacity">
                    <value>87.0</value>
                </Data>
                <Data name="wb_surface_id">
                    <value>5624</value>
                </Data>
                <Data name="created_at">
                    <value>2023-05-02 00:00:00</value>
                </Data>
                <Data name="updated_at">
                    <value>2023-07-24 19:56:14.130829</value>
                </Data>
                <Data name="book_id">
                    <value>4</value>
                </Data>
                <Data name="owners">
                    <value>Communidade of Navelim</value>
                </Data>
                <Data name="label_x">
                    <value>976173.0</value>
                </Data>
                <Data name="label_y">
                    <value>1018940.68332924</value>
                </Data>
            </ExtendedData>
            <Point id="98693">
                <coordinates>73.893134968,15.517395146,0.0</coordinates>
            </Point>
        </Placemark>
        <Placemark id="98726">
            <ExtendedData>
                <Data name="direction">
                    <value>https://maps.google.com?q=15.52559,73.89575&amp;t=h</value>
                </Data>
                <Data name="id">
                    <value>5555</value>
                </Data>
                <Data name="name">
                    <value>Mul Cantor</value>
                </Data>
                <Data name="taluka">
                    <value>Tiswadi</value>
                </Data>
                <Data name="syno">
                    <value>9</value>
                </Data>
                <Data name="subdiv">
                    <value>12</value>
                </Data>
                <Data name="village">
                    <value>Navelim</value>
                </Data>
                <Data name="latitude">
                    <value>15.52559</value>
                </Data>
                <Data name="longitude">
                    <value>73.89575</value>
                </Data>
                <Data name="photo_1">
                    <value>DCIM/20230502082226865.jpg</value>
                </Data>
                <Data name="photo_2">
                    <value>DCIM/20230502082233414.jpg</value>
                </Data>
                <Data name="syno_pt_list">
                    <value>9/1,12</value>
                </Data>
                <Data name="constituency">
                    <value>15 - Cumbarjua</value>
                </Data>
                <Data name="status">
                    <value>Completed</value>
                </Data>
                <Data name="panchayat">
                    <value>Goltim-Navelim</value>
                </Data>
                <Data name="wb_type">
                    <value>Pond</value>
                </Data>
                <Data name="owner_type">
                    <value>Communidade</value>
                </Data>
                <Data name="purpose">
                    <value>Irrigation</value>
                </Data>
                <Data name="construction">
                    <value>Natural</value>
                </Data>
                <Data name="condition">
                    <value>Needs Maintenance</value>
                </Data>
                <Data name="print_order">
                    <value>055</value>
                </Data>
                <Data name="wb_id">
                    <value>Ti/Nave/61</value>
                </Data>
                <Data name="storage_capacity">
                    <value>33.0</value>
                </Data>
                <Data name="wb_surface_id">
                    <value>4394</value>
                </Data>
                <Data name="created_at">
                    <value>2022-08-15 06:50:37.943433</value>
                </Data>
                <Data name="updated_at">
                    <value>2023-07-24 19:23:34.005512</value>
                </Data>
                <Data name="book_id">
                    <value>4</value>
                </Data>
                <Data name="owners">
                    <value>Communidade of Navelim</value>
                </Data>
                <Data name="label_x">
                    <value>996821.0</value>
                </Data>
                <Data name="label_y">
                    <value>1013206.0</value>
                </Data>
            </ExtendedData>
            <Point id="98725">
                <coordinates>73.895751089,15.52558724,0.0</coordinates>
            </Point>
        </Placemark>
        <Placemark id="98759">
            <ExtendedData>
                <Data name="direction">
                    <value>https://maps.google.com?q=15.52592,73.89562&amp;t=h</value>
                </Data>
                <Data name="id">
                    <value>5556</value>
                </Data>
                <Data name="name">
                    <value>Mut Cator</value>
                </Data>
                <Data name="taluka">
                    <value>Tiswadi</value>
                </Data>
                <Data name="syno">
                    <value>9</value>
                </Data>
                <Data name="subdiv">
                    <value>9</value>
                </Data>
                <Data name="village">
                    <value>Navelim</value>
                </Data>
                <Data name="latitude">
                    <value>15.52592</value>
                </Data>
                <Data name="longitude">
                    <value>73.89562</value>
                </Data>
                <Data name="photo_1">
                    <value>DCIM/20230502082425892.jpg</value>
                </Data>
                <Data name="photo_2">
                    <value>DCIM/20230502082436166.jpg</value>
                </Data>
                <Data name="syno_pt_list">
                    <value>9/1,9</value>
                </Data>
                <Data name="constituency">
                    <value>15 - Cumbarjua</value>
                </Data>
                <Data name="status">
                    <value>Completed</value>
                </Data>
                <Data name="panchayat">
                    <value>Goltim-Navelim</value>
                </Data>
                <Data name="wb_type">
                    <value>Pond</value>
                </Data>
                <Data name="owner_type">
                    <value>Communidade</value>
                </Data>
                <Data name="purpose">
                    <value>Storage</value>
                </Data>
                <Data name="construction">
                    <value>Natural</value>
                </Data>
                <Data name="condition">
                    <value>Dry</value>
                </Data>
                <Data name="print_order">
                    <value>048</value>
                </Data>
                <Data name="wb_id">
                    <value>Ti/Nave/46</value>
                </Data>
                <Data name="storage_capacity">
                    <value>62.0</value>
                </Data>
                <Data name="wb_surface_id">
                    <value>4395</value>
                </Data>
                <Data name="created_at">
                    <value>2022-08-15 06:50:37.943433</value>
                </Data>
                <Data name="updated_at">
                    <value>2023-07-24 19:23:34.721609</value>
                </Data>
                <Data name="book_id">
                    <value>4</value>
                </Data>
                <Data name="owners">
                    <value>Communidade of Navelim</value>
                </Data>
                <Data name="label_x">
                    <value>996821.0</value>
                </Data>
                <Data name="label_y">
                    <value>1013706.0</value>
                </Data>
            </ExtendedData>
            <Point id="98758">
                <coordinates>73.895619403,15.525919274,0.0</coordinates>
            </Point>
        </Placemark>
        <Placemark id="98792">
            <ExtendedData>
                <Data name="direction">
                    <value>https://maps.google.com?q=15.53103,73.9006&amp;t=h</value>
                </Data>
                <Data name="id">
                    <value>3610</value>
                </Data>
                <Data name="name">
                    <value>--</value>
                </Data>
                <Data name="taluka">
                    <value>Tiswadi</value>
                </Data>
                <Data name="syno">
                    <value>177</value>
                </Data>
                <Data name="subdiv">
                    <value>9</value>
                </Data>
                <Data name="village">
                    <value>Navelim</value>
                </Data>
                <Data name="latitude">
                    <value>15.53103</value>
                </Data>
                <Data name="longitude">
                    <value>73.9006</value>
                </Data>
                <Data name="photo_1">
                    <value>DCIM/20230502092832339.jpg</value>
                </Data>
                <Data name="photo_2">
                    <value>DCIM/20230502092844228.jpg</value>
                </Data>
                <Data name="syno_pt_list">
                    <value>177/8-9</value>
                </Data>
                <Data name="constituency">
                    <value>15 - Cumbarjua</value>
                </Data>
                <Data name="status">
                    <value>Completed</value>
                </Data>
                <Data name="panchayat">
                    <value>Goltim-Navelim</value>
                </Data>
                <Data name="wb_type">
                    <value>Pond</value>
                </Data>
                <Data name="owner_type">
                    <value>Public</value>
                </Data>
                <Data name="purpose">
                    <value>Storage</value>
                </Data>
                <Data name="construction">
                    <value>Natural</value>
                </Data>
                <Data name="condition">
                    <value>Needs Maintenance</value>
                </Data>
                <Data name="print_order">
                    <value>024</value>
                </Data>
                <Data name="wb_id">
                    <value>Ti/Nave/09</value>
                </Data>
                <Data name="storage_capacity">
                    <value>159.0</value>
                </Data>
                <Data name="wb_surface_id">
                    <value>4416</value>
                </Data>
                <Data name="created_at">
                    <value>2020-12-05 08:40:27</value>
                </Data>
                <Data name="updated_at">
                    <value>2023-07-24 19:23:43.934165</value>
                </Data>
                <Data name="book_id">
                    <value>4</value>
                </Data>
                <Data name="owners">
                    <value>Govt. of Goa</value>
                </Data>
                <Data name="label_x">
                    <value>996821.0</value>
                </Data>
                <Data name="label_y">
                    <value>1019706.0</value>
                </Data>
            </ExtendedData>
            <Point id="98791">
                <coordinates>73.900602829,15.531025864,0.0</coordinates>
            </Point>
        </Placemark>
        <Placemark id="98825">
            <ExtendedData>
                <Data name="direction">
                    <value>https://maps.google.com?q=15.52952,73.90172&amp;t=h</value>
                </Data>
                <Data name="id">
                    <value>3605</value>
                </Data>
                <Data name="name">
                    <value>Tolem</value>
                </Data>
                <Data name="taluka">
                    <value>Tiswadi</value>
                </Data>
                <Data name="syno">
                    <value>182</value>
                </Data>
                <Data name="subdiv">
                    <value>5</value>
                </Data>
                <Data name="village">
                    <value>Navelim</value>
                </Data>
                <Data name="latitude">
                    <value>15.52952</value>
                </Data>
                <Data name="longitude">
                    <value>73.90172</value>
                </Data>
                <Data name="photo_1">
                    <value>DCIM/20230502102401099.jpg</value>
                </Data>
                <Data name="photo_2">
                    <value>DCIM/20230502102408060.jpg</value>
                </Data>
                <Data name="syno_pt_list">
                    <value>182/5</value>
                </Data>
                <Data name="constituency">
                    <value>15 - Cumbarjua</value>
                </Data>
                <Data name="status">
                    <value>Completed</value>
                </Data>
                <Data name="panchayat">
                    <value>Goltim-Navelim</value>
                </Data>
                <Data name="wb_type">
                    <value>Tank</value>
                </Data>
                <Data name="owner_type">
                    <value>Private</value>
                </Data>
                <Data name="purpose">
                    <value>Storage</value>
                </Data>
                <Data name="construction">
                    <value>Natural/Man Made</value>
                </Data>
                <Data name="condition">
                    <value>Good</value>
                </Data>
                <Data name="print_order">
                    <value>112</value>
                </Data>
                <Data name="wb_id">
                    <value>Ti/Nave/35</value>
                </Data>
                <Data name="storage_capacity">
                    <value>74.0</value>
                </Data>
                <Data name="wb_surface_id">
                    <value>4887</value>
                </Data>
                <Data name="created_at">
                    <value>2020-12-05 08:40:27</value>
                </Data>
                <Data name="updated_at">
                    <value>2023-07-24 19:23:41.197737</value>
                </Data>
                <Data name="book_id">
                    <value>4</value>
                </Data>
                <Data name="owners">
                    <value>Alberto Colaco</value>
                </Data>
                <Data name="label_x">
                    <value>996821.0</value>
                </Data>
                <Data name="label_y">
                    <value>1018456.0</value>
                </Data>
            </ExtendedData>
            <Point id="98824">
                <coordinates>73.901722103,15.52951991,0.0</coordinates>
            </Point>
        </Placemark>
        <Placemark id="98858">
            <ExtendedData>
                <Data name="direction">
                    <value>https://maps.google.com?q=15.53369,73.90132&amp;t=h</value>
                </Data>
                <Data name="id">
                    <value>4831</value>
                </Data>
                <Data name="name">
                    <value>Vitogem</value>
                </Data>
                <Data name="taluka">
                    <value>Tiswadi</value>
                </Data>
                <Data name="syno">
                    <value>175</value>
                </Data>
                <Data name="subdiv">
                    <value>5</value>
                </Data>
                <Data name="village">
                    <value>Navelim</value>
                </Data>
                <Data name="latitude">
                    <value>15.53369</value>
                </Data>
                <Data name="longitude">
                    <value>73.90132</value>
                </Data>
                <Data name="photo_1">
                    <value>DCIM/20230502103205725.jpg</value>
                </Data>
                <Data name="photo_2">
                    <value>DCIM/20230502103220213.jpg</value>
                </Data>
                <Data name="syno_pt_list">
                    <value>175/5</value>
                </Data>
                <Data name="constituency">
                    <value>15 - Cumbarjua</value>
                </Data>
                <Data name="status">
                    <value>Completed</value>
                </Data>
                <Data name="panchayat">
                    <value>Goltim-Navelim</value>
                </Data>
                <Data name="wb_type">
                    <value>Pond</value>
                </Data>
                <Data name="owner_type">
                    <value>Private</value>
                </Data>
                <Data name="purpose">
                    <value>Storage</value>
                </Data>
                <Data name="construction">
                    <value>Natural</value>
                </Data>
                <Data name="condition">
                    <value>Dry</value>
                </Data>
                <Data name="print_order">
                    <value>032</value>
                </Data>
                <Data name="wb_id">
                    <value>Ti/Nave/17</value>
                </Data>
                <Data name="storage_capacity">
                    <value>124.0</value>
                </Data>
                <Data name="wb_surface_id">
                    <value>4418</value>
                </Data>
                <Data name="created_at">
                    <value>2022-05-03 05:28:59.750605</value>
                </Data>
                <Data name="updated_at">
                    <value>2023-07-24 19:23:45.259194</value>
                </Data>
                <Data name="book_id">
                    <value>4</value>
                </Data>
                <Data name="owners">
                    <value>Alberto Colaco</value>
                </Data>
                <Data name="label_x">
                    <value>996821.0</value>
                </Data>
                <Data name="label_y">
                    <value>1020206.0</value>
                </Data>
            </ExtendedData>
            <Point id="98857">
                <coordinates>73.901316747,15.533692836,0.0</coordinates>
            </Point>
        </Placemark>
        <Placemark id="98891">
            <ExtendedData>
                <Data name="direction">
                    <value>https://maps.google.com?q=15.51639,73.89307&amp;t=h</value>
                </Data>
                <Data name="id">
                    <value>5553</value>
                </Data>
                <Data name="name">
                    <value>Puddochem</value>
                </Data>
                <Data name="taluka">
                    <value>Tiswadi</value>
                </Data>
                <Data name="syno">
                    <value>37</value>
                </Data>
                <Data name="subdiv">
                    <value>5</value>
                </Data>
                <Data name="village">
                    <value>Navelim</value>
                </Data>
                <Data name="latitude">
                    <value>15.51639</value>
                </Data>
                <Data name="longitude">
                    <value>73.89307</value>
                </Data>
                <Data name="photo_1">
                    <value>DCIM/20230502073500137.jpg</value>
                </Data>
                <Data name="photo_2">
                    <value>DCIM/20230502073524676.jpg</value>
                </Data>
                <Data name="syno_pt_list">
                    <value>37/5</value>
                </Data>
                <Data name="constituency">
                    <value>15 - Cumbarjua</value>
                </Data>
                <Data name="status">
                    <value>Completed</value>
                </Data>
                <Data name="panchayat">
                    <value>Goltim-Navelim</value>
                </Data>
                <Data name="wb_type">
                    <value>Tank</value>
                </Data>
                <Data name="owner_type">
                    <value>Communidade</value>
                </Data>
                <Data name="purpose">
                    <value>Irrigation</value>
                </Data>
                <Data name="construction">
                    <value>Man Made</value>
                </Data>
                <Data name="condition">
                    <value>Good</value>
                </Data>
                <Data name="print_order">
                    <value>109</value>
                </Data>
                <Data name="wb_id">
                    <value>Ti/Nave/29</value>
                </Data>
                <Data name="storage_capacity">
                    <value>82.0</value>
                </Data>
                <Data name="wb_surface_id">
                    <value>4359</value>
                </Data>
                <Data name="created_at">
                    <value>2022-08-15 05:18:37.855476</value>
                </Data>
                <Data name="updated_at">
                    <value>2023-07-24 19:56:13.258730</value>
                </Data>
                <Data name="book_id">
                    <value>4</value>
                </Data>
                <Data name="owners">
                    <value>Communidade Navelim</value>
                </Data>
                <Data name="label_x">
                    <value>976173.0</value>
                </Data>
                <Data name="label_y">
                    <value>1017940.68332924</value>
                </Data>
            </ExtendedData>
            <Point id="98890">
                <coordinates>73.89306583,15.516388629,0.0</coordinates>
            </Point>
        </Placemark>
        <Placemark id="98924">
            <ExtendedData>
                <Data name="direction">
                    <value>https://maps.google.com?q=15.52774,73.89724&amp;t=h</value>
                </Data>
                <Data name="id">
                    <value>4818</value>
                </Data>
                <Data name="name">
                    <value>Orco</value>
                </Data>
                <Data name="taluka">
                    <value>Tiswadi</value>
                </Data>
                <Data name="syno">
                    <value>7</value>
                </Data>
                <Data name="subdiv">
                    <value>6</value>
                </Data>
                <Data name="village">
                    <value>Navelim</value>
                </Data>
                <Data name="latitude">
                    <value>15.52774</value>
                </Data>
                <Data name="longitude">
                    <value>73.89724</value>
                </Data>
                <Data name="photo_1">
                    <value>DCIM/20230502090000470.jpg</value>
                </Data>
                <Data name="photo_2">
                    <value>DCIM/20230502090023538.jpg</value>
                </Data>
                <Data name="syno_pt_list">
                    <value>7/4,6</value>
                </Data>
                <Data name="constituency">
                    <value>15 - Cumbarjua</value>
                </Data>
                <Data name="status">
                    <value>Completed</value>
                </Data>
                <Data name="panchayat">
                    <value>Goltim-Navelim</value>
                </Data>
                <Data name="wb_type">
                    <value>Pond</value>
                </Data>
                <Data name="owner_type">
                    <value>Communidade</value>
                </Data>
                <Data name="purpose">
                    <value>Storage</value>
                </Data>
                <Data name="construction">
                    <value>Natural</value>
                </Data>
                <Data name="condition">
                    <value>Needs Maintenance</value>
                </Data>
                <Data name="print_order">
                    <value>042</value>
                </Data>
                <Data name="wb_id">
                    <value>Ti/Nave/32</value>
                </Data>
                <Data name="storage_capacity">
                    <value>75.0</value>
                </Data>
                <Data name="wb_surface_id">
                    <value>4403</value>
                </Data>
                <Data name="created_at">
                    <value>2022-05-03 05:28:59.750605</value>
                </Data>
                <Data name="updated_at">
                    <value>2023-07-24 19:23:37.483250</value>
                </Data>
                <Data name="book_id">
                    <value>4</value>
                </Data>
                <Data name="owners">
                    <value>Communidade of Navelim</value>
                </Data>
                <Data name="label_x">
                    <value>996821.0</value>
                </Data>
                <Data name="label_y">
                    <value>1015956.0</value>
                </Data>
            </ExtendedData>
            <Point id="98923">
                <coordinates>73.897235307,15.527737375,0.0</coordinates>
            </Point>
        </Placemark>
        <Placemark id="98957">
            <ExtendedData>
                <Data name="direction">
                    <value>https://maps.google.com?q=15.52009,73.89752&amp;t=h</value>
                </Data>
                <Data name="id">
                    <value>6149</value>
                </Data>
                <Data name="name">
                    <value>Bhaktachi Paindor Molloi</value>
                </Data>
                <Data name="taluka">
                    <value>Tiswadi</value>
                </Data>
                <Data name="syno">
                    <value>27</value>
                </Data>
                <Data name="subdiv">
                    <value>4</value>
                </Data>
                <Data name="village">
                    <value>Navelim</value>
                </Data>
                <Data name="latitude">
                    <value>15.52009</value>
                </Data>
                <Data name="longitude">
                    <value>73.89752</value>
                </Data>
                <Data name="photo_1">
                    <value>DCIM/20230504074818909.jpg</value>
                </Data>
                <Data name="photo_2">
                    <value>DCIM/20230504074823523.jpg</value>
                </Data>
                <Data name="constituency">
                    <value>15 - Cumbarjua</value>
                </Data>
                <Data name="status">
                    <value>Completed</value>
                </Data>
                <Data name="panchayat">
                    <value>Goltim-Navelim</value>
                </Data>
                <Data name="wb_type">
                    <value>Tank</value>
                </Data>
                <Data name="owner_type">
                    <value>Private</value>
                </Data>
                <Data name="purpose">
                    <value>Irrigation</value>
                </Data>
                <Data name="construction">
                    <value>Man Made</value>
                </Data>
                <Data name="condition">
                    <value>Good</value>
                </Data>
                <Data name="print_order">
                    <value>124</value>
                </Data>
                <Data name="wb_id">
                    <value>Ti/Nave/57</value>
                </Data>
                <Data name="storage_capacity">
                    <value>41.0</value>
                </Data>
                <Data name="wb_surface_id">
                    <value>5642</value>
                </Data>
                <Data name="created_at">
                    <value>2023-05-04 00:00:00</value>
                </Data>
                <Data name="updated_at">
                    <value>2023-07-24 19:23:31.547540</value>
                </Data>
                <Data name="book_id">
                    <value>4</value>
                </Data>
                <Data name="owners">
                    <value>Jessie Rose Fereira
Joseph Conrad Ferreira
Teresta Nunes Gonsalves.</value>
                </Data>
                <Data name="label_x">
                    <value>996821.0</value>
                </Data>
                <Data name="label_y">
                    <value>1011206.0</value>
                </Data>
            </ExtendedData>
            <Point id="98956">
                <coordinates>73.897515579,15.520094157,0.0</coordinates>
            </Point>
        </Placemark>
        <Placemark id="98989">
            <ExtendedData>
                <Data name="direction">
                    <value>https://maps.google.com?q=15.51537,73.89379&amp;t=h</value>
                </Data>
                <Data name="id">
                    <value>6141</value>
                </Data>
                <Data name="name">
                    <value>Puddochem</value>
                </Data>
                <Data name="taluka">
                    <value>Tiswadi</value>
                </Data>
                <Data name="syno">
                    <value>37</value>
                </Data>
                <Data name="subdiv">
                    <value>7</value>
                </Data>
                <Data name="village">
                    <value>Navelim</value>
                </Data>
                <Data name="latitude">
                    <value>15.51537</value>
                </Data>
                <Data name="longitude">
                    <value>73.89379</value>
                </Data>
                <Data name="photo_1">
                    <value>DCIM/20230511142211779.jpg</value>
                </Data>
                <Data name="photo_2">
                    <value>DCIM/20230511142229130.jpg</value>
                </Data>
                <Data name="constituency">
                    <value>15 - Cumbarjua</value>
                </Data>
                <Data name="status">
                    <value>Completed</value>
                </Data>
                <Data name="panchayat">
                    <value>Goltim-Navelim</value>
                </Data>
                <Data name="wb_type">
                    <value>Tank</value>
                </Data>
                <Data name="owner_type">
                    <value>Communidade</value>
                </Data>
                <Data name="purpose">
                    <value>Irrigation</value>
                </Data>
                <Data name="construction">
                    <value>Man Made</value>
                </Data>
                <Data name="condition">
                    <value>Good</value>
                </Data>
                <Data name="print_order">
                    <value>114</value>
                </Data>
                <Data name="wb_id">
                    <value>Ti/Nave/37</value>
                </Data>
                <Data name="storage_capacity">
                    <value>71.0</value>
                </Data>
                <Data name="wb_surface_id">
                    <value>5637</value>
                </Data>
                <Data name="created_at">
                    <value>2023-05-02 00:00:00</value>
                </Data>
                <Data name="updated_at">
                    <value>2023-07-24 19:56:12.386694</value>
                </Data>
                <Data name="book_id">
                    <value>4</value>
                </Data>
                <Data name="owners">
                    <value>Communidade Navelim</value>
                </Data>
                <Data name="label_x">
                    <value>976173.0</value>
                </Data>
                <Data name="label_y">
                    <value>1016940.68332924</value>
                </Data>
            </ExtendedData>
            <Point id="98988">
                <coordinates>73.893794817,15.515367796,0.0</coordinates>
            </Point>
        </Placemark>
        <Placemark id="99021">
            <ExtendedData>
                <Data name="direction">
                    <value>https://maps.google.com?q=15.52066,73.89548&amp;t=h</value>
                </Data>
                <Data name="id">
                    <value>6142</value>
                </Data>
                <Data name="name">
                    <value>Londerem</value>
                </Data>
                <Data name="taluka">
                    <value>Tiswadi</value>
                </Data>
                <Data name="syno">
                    <value>24</value>
                </Data>
                <Data name="subdiv">
                    <value>4</value>
                </Data>
                <Data name="village">
                    <value>Navelim</value>
                </Data>
                <Data name="latitude">
                    <value>15.52066</value>
                </Data>
                <Data name="longitude">
                    <value>73.89548</value>
                </Data>
                <Data name="photo_1">
                    <value>DCIM/20230502075150174.jpg</value>
                </Data>
                <Data name="photo_2">
                    <value>DCIM/20230502075213471.jpg</value>
                </Data>
                <Data name="constituency">
                    <value>15 - Cumbarjua</value>
                </Data>
                <Data name="status">
                    <value>Completed</value>
                </Data>
                <Data name="panchayat">
                    <value>Goltim-Navelim</value>
                </Data>
                <Data name="wb_type">
                    <value>Tank</value>
                </Data>
                <Data name="owner_type">
                    <value>Communidade</value>
                </Data>
                <Data name="purpose">
                    <value>Irrigation</value>
                </Data>
                <Data name="construction">
                    <value>Man Made</value>
                </Data>
                <Data name="condition">
                    <value>Good</value>
                </Data>
                <Data name="print_order">
                    <value>126</value>
                </Data>
                <Data name="wb_id">
                    <value>Ti/Nave/60</value>
                </Data>
                <Data name="storage_capacity">
                    <value>36.0</value>
                </Data>
                <Data name="wb_surface_id">
                    <value>5640</value>
                </Data>
                <Data name="created_at">
                    <value>2023-05-02 00:00:00</value>
                </Data>
                <Data name="updated_at">
                    <value>2023-07-24 19:23:30.218827</value>
                </Data>
                <Data name="book_id">
                    <value>4</value>
                </Data>
                <Data name="owners">
                    <value>Communidade of Navelim</value>
                </Data>
                <Data name="label_x">
                    <value>996821.0</value>
                </Data>
                <Data name="label_y">
                    <value>1010206.0</value>
                </Data>
            </ExtendedData>
            <Point id="99020">
                <coordinates>73.895483775,15.520660944,0.0</coordinates>
            </Point>
        </Placemark>
        <Placemark id="99053">
            <ExtendedData>
                <Data name="direction">
                    <value>https://maps.google.com?q=15.51951,73.89816&amp;t=h</value>
                </Data>
                <Data name="id">
                    <value>4800</value>
                </Data>
                <Data name="name">
                    <value>Samone</value>
                </Data>
                <Data name="taluka">
                    <value>Tiswadi</value>
                </Data>
                <Data name="syno">
                    <value>30</value>
                </Data>
                <Data name="subdiv">
                    <value>2</value>
                </Data>
                <Data name="village">
                    <value>Navelim</value>
                </Data>
                <Data name="latitude">
                    <value>15.51951</value>
                </Data>
                <Data name="longitude">
                    <value>73.89816</value>
                </Data>
                <Data name="photo_1">
                    <value>DCIM/20230504074928059.jpg</value>
                </Data>
                <Data name="photo_2">
                    <value>DCIM/20230504074933216.jpg</value>
                </Data>
                <Data name="syno_pt_list">
                    <value>30/2-3</value>
                </Data>
                <Data name="constituency">
                    <value>15 - Cumbarjua</value>
                </Data>
                <Data name="status">
                    <value>Completed</value>
                </Data>
                <Data name="panchayat">
                    <value>Goltim-Navelim</value>
                </Data>
                <Data name="wb_type">
                    <value>Pond</value>
                </Data>
                <Data name="owner_type">
                    <value>Private</value>
                </Data>
                <Data name="purpose">
                    <value>Storage</value>
                </Data>
                <Data name="construction">
                    <value>Natural</value>
                </Data>
                <Data name="condition">
                    <value>Dry</value>
                </Data>
                <Data name="print_order">
                    <value>034</value>
                </Data>
                <Data name="wb_id">
                    <value>Ti/Nave/19</value>
                </Data>
                <Data name="storage_capacity">
                    <value>119.0</value>
                </Data>
                <Data name="wb_surface_id">
                    <value>4369</value>
                </Data>
                <Data name="created_at">
                    <value>2022-05-03 05:28:59.750605</value>
                </Data>
                <Data name="updated_at">
                    <value>2023-07-24 19:23:31.239487</value>
                </Data>
                <Data name="book_id">
                    <value>4</value>
                </Data>
                <Data name="owners">
                    <value>Rohinibai Rohidas Diwadkar</value>
                </Data>
                <Data name="label_x">
                    <value>996821.0</value>
                </Data>
                <Data name="label_y">
                    <value>1010956.0</value>
                </Data>
            </ExtendedData>
            <Point id="99052">
                <coordinates>73.898158979,15.519511839,0.0</coordinates>
            </Point>
        </Placemark>
        <Placemark id="99086">
            <ExtendedData>
                <Data name="direction">
                    <value>https://maps.google.com?q=15.52048,73.89489&amp;t=h</value>
                </Data>
                <Data name="id">
                    <value>4805</value>
                </Data>
                <Data name="name">
                    <value>Londerem</value>
                </Data>
                <Data name="taluka">
                    <value>Tiswadi</value>
                </Data>
                <Data name="syno">
                    <value>24</value>
                </Data>
                <Data name="subdiv">
                    <value>1</value>
                </Data>
                <Data name="village">
                    <value>Navelim</value>
                </Data>
                <Data name="latitude">
                    <value>15.52048</value>
                </Data>
                <Data name="longitude">
                    <value>73.89489</value>
                </Data>
                <Data name="photo_1">
                    <value>DCIM/20230502075342566.jpg</value>
                </Data>
                <Data name="photo_2">
                    <value>DCIM/20230502075348883.jpg</value>
                </Data>
                <Data name="syno_pt_list">
                    <value>24/1</value>
                </Data>
                <Data name="constituency">
                    <value>15 - Cumbarjua</value>
                </Data>
                <Data name="status">
                    <value>Completed</value>
                </Data>
                <Data name="panchayat">
                    <value>Goltim-Navelim</value>
                </Data>
                <Data name="wb_type">
                    <value>Pond</value>
                </Data>
                <Data name="owner_type">
                    <value>Communidade</value>
                </Data>
                <Data name="purpose">
                    <value>Irrigation</value>
                </Data>
                <Data name="construction">
                    <value>Natural</value>
                </Data>
                <Data name="condition">
                    <value>Needs Maintenance</value>
                </Data>
                <Data name="print_order">
                    <value>053</value>
                </Data>
                <Data name="wb_id">
                    <value>Ti/Nave/54</value>
                </Data>
                <Data name="storage_capacity">
                    <value>46.0</value>
                </Data>
                <Data name="wb_surface_id">
                    <value>4361</value>
                </Data>
                <Data name="created_at">
                    <value>2022-05-03 05:28:59.750605</value>
                </Data>
                <Data name="updated_at">
                    <value>2023-07-24 19:23:28.065046</value>
                </Data>
                <Data name="book_id">
                    <value>4</value>
                </Data>
                <Data name="owners">
                    <value>Communidade of Navelim</value>
                </Data>
                <Data name="label_x">
                    <value>996821.0</value>
                </Data>
                <Data name="label_y">
                    <value>1008456.0</value>
                </Data>
            </ExtendedData>
            <Point id="99085">
                <coordinates>73.894887814,15.520478797,0.0</coordinates>
            </Point>
        </Placemark>
        <Placemark id="99119">
            <ExtendedData>
                <Data name="direction">
                    <value>https://maps.google.com?q=15.5149,73.89457&amp;t=h</value>
                </Data>
                <Data name="id">
                    <value>6261</value>
                </Data>
                <Data name="name">
                    <value>Comporgo</value>
                </Data>
                <Data name="taluka">
                    <value>Tiswadi</value>
                </Data>
                <Data name="syno">
                    <value>39</value>
                </Data>
                <Data name="subdiv">
                    <value>5</value>
                </Data>
                <Data name="village">
                    <value>Navelim</value>
                </Data>
                <Data name="latitude">
                    <value>15.5149</value>
                </Data>
                <Data name="longitude">
                    <value>73.89457</value>
                </Data>
                <Data name="photo_1">
                    <value>DCIM/20230511142015446.jpg</value>
                </Data>
                <Data name="photo_2">
                    <value>DCIM/20230511142003803.jpg</value>
                </Data>
                <Data name="constituency">
                    <value>15 - Cumbarjua</value>
                </Data>
                <Data name="status">
                    <value>Completed</value>
                </Data>
                <Data name="panchayat">
                    <value>Goltim-Navelim</value>
                </Data>
                <Data name="wb_type">
                    <value>Tank</value>
                </Data>
                <Data name="owner_type">
                    <value>Communidade</value>
                </Data>
                <Data name="purpose">
                    <value>Irrigation</value>
                </Data>
                <Data name="construction">
                    <value>Man Made</value>
                </Data>
                <Data name="condition">
                    <value>Good</value>
                </Data>
                <Data name="print_order">
                    <value>120</value>
                </Data>
                <Data name="wb_id">
                    <value>Ti/Nave/48</value>
                </Data>
                <Data name="storage_capacity">
                    <value>56.0</value>
                </Data>
                <Data name="wb_surface_id">
                    <value>5638</value>
                </Data>
                <Data name="created_at">
                    <value>2023-05-11 00:00:00</value>
                </Data>
                <Data name="updated_at">
                    <value>2023-07-24 19:56:11.942762</value>
                </Data>
                <Data name="book_id">
                    <value>4</value>
                </Data>
                <Data name="owners">
                    <value>Communidade of Navelim</value>
                </Data>
                <Data name="label_x">
                    <value>976173.0</value>
                </Data>
                <Data name="label_y">
                    <value>1016440.68332924</value>
                </Data>
            </ExtendedData>
            <Point id="99118">
                <coordinates>73.894570395,15.51490237,0.0</coordinates>
            </Point>
        </Placemark>
        <Placemark id="99151">
            <ExtendedData>
                <Data name="direction">
                    <value>https://maps.google.com?q=15.52673,73.89634&amp;t=h</value>
                </Data>
                <Data name="id">
                    <value>4813</value>
                </Data>
                <Data name="name">
                    <value>--</value>
                </Data>
                <Data name="taluka">
                    <value>Tiswadi</value>
                </Data>
                <Data name="syno">
                    <value>9</value>
                </Data>
                <Data name="subdiv">
                    <value>11</value>
                </Data>
                <Data name="village">
                    <value>Navelim</value>
                </Data>
                <Data name="latitude">
                    <value>15.52673</value>
                </Data>
                <Data name="longitude">
                    <value>73.89634</value>
                </Data>
                <Data name="photo_1">
                    <value>DCIM/20230502085319607.jpg</value>
                </Data>
                <Data name="photo_2">
                    <value>DCIM/20230502085341663.jpg</value>
                </Data>
                <Data name="syno_pt_list">
                    <value>9/7,11</value>
                </Data>
                <Data name="constituency">
                    <value>15 - Cumbarjua</value>
                </Data>
                <Data name="status">
                    <value>Completed</value>
                </Data>
                <Data name="panchayat">
                    <value>Goltim-Navelim</value>
                </Data>
                <Data name="wb_type">
                    <value>Pond</value>
                </Data>
                <Data name="owner_type">
                    <value>Public</value>
                </Data>
                <Data name="purpose">
                    <value>Storage</value>
                </Data>
                <Data name="construction">
                    <value>Natural</value>
                </Data>
                <Data name="condition">
                    <value>Dry</value>
                </Data>
                <Data name="print_order">
                    <value>027</value>
                </Data>
                <Data name="wb_id">
                    <value>Ti/Nave/12</value>
                </Data>
                <Data name="storage_capacity">
                    <value>143.0</value>
                </Data>
                <Data name="wb_surface_id">
                    <value>4398</value>
                </Data>
                <Data name="created_at">
                    <value>2022-05-03 05:28:59.750605</value>
                </Data>
                <Data name="updated_at">
                    <value>2023-07-24 19:23:35.639916</value>
                </Data>
                <Data name="book_id">
                    <value>4</value>
                </Data>
                <Data name="owners">
                    <value>Govt. of Goa</value>
                </Data>
                <Data name="label_x">
                    <value>996821.0</value>
                </Data>
                <Data name="label_y">
                    <value>1014456.0</value>
                </Data>
            </ExtendedData>
            <Point id="99150">
                <coordinates>73.896336472,15.526731892,0.0</coordinates>
            </Point>
        </Placemark>
        <Placemark id="99184">
            <ExtendedData>
                <Data name="direction">
                    <value>https://maps.google.com?q=15.5158,73.89233&amp;t=h</value>
                </Data>
                <Data name="id">
                    <value>4849</value>
                </Data>
                <Data name="name">
                    <value>Puddochem</value>
                </Data>
                <Data name="taluka">
                    <value>Tiswadi</value>
                </Data>
                <Data name="syno">
                    <value>37</value>
                </Data>
                <Data name="subdiv">
                    <value>1</value>
                </Data>
                <Data name="village">
                    <value>Navelim</value>
                </Data>
                <Data name="latitude">
                    <value>15.5158</value>
                </Data>
                <Data name="longitude">
                    <value>73.89233</value>
                </Data>
                <Data name="photo_1">
                    <value>DCIM/20230502073157381.jpg</value>
                </Data>
                <Data name="photo_2">
                    <value>DCIM/20230502073214118.jpg</value>
                </Data>
                <Data name="syno_pt_list">
                    <value>37/1</value>
                </Data>
                <Data name="constituency">
                    <value>15 - Cumbarjua</value>
                </Data>
                <Data name="status">
                    <value>Completed</value>
                </Data>
                <Data name="panchayat">
                    <value>Goltim-Navelim</value>
                </Data>
                <Data name="wb_type">
                    <value>Tank</value>
                </Data>
                <Data name="owner_type">
                    <value>Private</value>
                </Data>
                <Data name="purpose">
                    <value>Irrigation</value>
                </Data>
                <Data name="construction">
                    <value>Man Made</value>
                </Data>
                <Data name="condition">
                    <value>Good</value>
                </Data>
                <Data name="print_order">
                    <value>122</value>
                </Data>
                <Data name="wb_id">
                    <value>Ti/Nave/55</value>
                </Data>
                <Data name="storage_capacity">
                    <value>41.0</value>
                </Data>
                <Data name="wb_surface_id">
                    <value>4357</value>
                </Data>
                <Data name="created_at">
                    <value>2022-05-03 05:28:59.750605</value>
                </Data>
                <Data name="updated_at">
                    <value>2023-07-24 19:56:12.602745</value>
                </Data>
                <Data name="book_id">
                    <value>4</value>
                </Data>
                <Data name="owners">
                    <value>Laximan Venkatesh Naik
Shrikant Venkatesh Naik
Tulshi Venkatesh Naik
Ujwala S. Naik</value>
                </Data>
                <Data name="label_x">
                    <value>976173.0</value>
                </Data>
                <Data name="label_y">
                    <value>1017190.68332924</value>
                </Data>
            </ExtendedData>
            <Point id="99183">
                <coordinates>73.892327146,15.515801231,0.0</coordinates>
            </Point>
        </Placemark>
        <Placemark id="99217">
            <ExtendedData>
                <Data name="direction">
                    <value>https://maps.google.com?q=15.52465,73.89478&amp;t=h</value>
                </Data>
                <Data name="id">
                    <value>4809</value>
                </Data>
                <Data name="name">
                    <value>Melco</value>
                </Data>
                <Data name="taluka">
                    <value>Tiswadi</value>
                </Data>
                <Data name="syno">
                    <value>159</value>
                </Data>
                <Data name="subdiv">
                    <value>6,7</value>
                </Data>
                <Data name="village">
                    <value>Navelim</value>
                </Data>
                <Data name="latitude">
                    <value>15.52465</value>
                </Data>
                <Data name="longitude">
                    <value>73.89478</value>
                </Data>
                <Data name="photo_1">
                    <value>DCIM/20230502081934662.jpg</value>
                </Data>
                <Data name="photo_2">
                    <value>DCIM/20230502081942458.jpg</value>
                </Data>
                <Data name="syno_pt_list">
                    <value>159/6-7</value>
                </Data>
                <Data name="constituency">
                    <value>15 - Cumbarjua</value>
                </Data>
                <Data name="status">
                    <value>Completed</value>
                </Data>
                <Data name="panchayat">
                    <value>Goltim-Navelim</value>
                </Data>
                <Data name="wb_type">
                    <value>Pond</value>
                </Data>
                <Data name="owner_type">
                    <value>Communidade</value>
                </Data>
                <Data name="purpose">
                    <value>Storage</value>
                </Data>
                <Data name="construction">
                    <value>Natural</value>
                </Data>
                <Data name="condition">
                    <value>Dry</value>
                </Data>
                <Data name="print_order">
                    <value>031</value>
                </Data>
                <Data name="wb_id">
                    <value>Ti/Nave/16</value>
                </Data>
                <Data name="storage_capacity">
                    <value>131.0</value>
                </Data>
                <Data name="wb_surface_id">
                    <value>4390</value>
                </Data>
                <Data name="created_at">
                    <value>2022-05-03 05:28:59.750605</value>
                </Data>
                <Data name="updated_at">
                    <value>2023-07-24 19:23:33.084249</value>
                </Data>
                <Data name="book_id">
                    <value>4</value>
                </Data>
                <Data name="owners">
                    <value>Communidade of Navelim</value>
                </Data>
                <Data name="label_x">
                    <value>996821.0</value>
                </Data>
                <Data name="label_y">
                    <value>1012456.0</value>
                </Data>
            </ExtendedData>
            <Point id="99216">
                <coordinates>73.894778496,15.524651553,0.0</coordinates>
            </Point>
        </Placemark>
        <Placemark id="99250">
            <ExtendedData>
                <Data name="direction">
                    <value>https://maps.google.com?q=15.5274,73.89699&amp;t=h</value>
                </Data>
                <Data name="id">
                    <value>4816</value>
                </Data>
                <Data name="name">
                    <value>Mut Cantor</value>
                </Data>
                <Data name="taluka">
                    <value>Tiswadi</value>
                </Data>
                <Data name="syno">
                    <value>8</value>
                </Data>
                <Data name="subdiv">
                    <value>7</value>
                </Data>
                <Data name="village">
                    <value>Navelim</value>
                </Data>
                <Data name="latitude">
                    <value>15.5274</value>
                </Data>
                <Data name="longitude">
                    <value>73.89699</value>
                </Data>
                <Data name="photo_1">
                    <value>DCIM/20230502085754618.jpg</value>
                </Data>
                <Data name="photo_2">
                    <value>DCIM/20230502085813433.jpg</value>
                </Data>
                <Data name="syno_pt_list">
                    <value>8/3,7</value>
                </Data>
                <Data name="constituency">
                    <value>15 - Cumbarjua</value>
                </Data>
                <Data name="status">
                    <value>Completed</value>
                </Data>
                <Data name="panchayat">
                    <value>Goltim-Navelim</value>
                </Data>
                <Data name="wb_type">
                    <value>Pond</value>
                </Data>
                <Data name="owner_type">
                    <value>Communidade</value>
                </Data>
                <Data name="purpose">
                    <value>Storage</value>
                </Data>
                <Data name="construction">
                    <value>Natural</value>
                </Data>
                <Data name="condition">
                    <value>Needs Maintenance</value>
                </Data>
                <Data name="print_order">
                    <value>030</value>
                </Data>
                <Data name="wb_id">
                    <value>Ti/Nave/15</value>
                </Data>
                <Data name="storage_capacity">
                    <value>134.0</value>
                </Data>
                <Data name="wb_surface_id">
                    <value>4400</value>
                </Data>
                <Data name="created_at">
                    <value>2022-05-03 05:28:59.750605</value>
                </Data>
                <Data name="updated_at">
                    <value>2023-07-24 19:23:36.599012</value>
                </Data>
                <Data name="book_id">
                    <value>4</value>
                </Data>
                <Data name="owners">
                    <value>Communidade of Navelim</value>
                </Data>
                <Data name="label_x">
                    <value>996821.0</value>
                </Data>
                <Data name="label_y">
                    <value>1015206.0</value>
                </Data>
            </ExtendedData>
            <Point id="99249">
                <coordinates>73.896993161,15.527403861,0.0</coordinates>
            </Point>
        </Placemark>
        <Placemark id="99283">
            <ExtendedData>
                <Data name="direction">
                    <value>https://maps.google.com?q=15.52759,73.8972&amp;t=h</value>
                </Data>
                <Data name="id">
                    <value>4817</value>
                </Data>
                <Data name="name">
                    <value>Mut Cantor</value>
                </Data>
                <Data name="taluka">
                    <value>Tiswadi</value>
                </Data>
                <Data name="syno">
                    <value>8</value>
                </Data>
                <Data name="subdiv">
                    <value>8</value>
                </Data>
                <Data name="village">
                    <value>Navelim</value>
                </Data>
                <Data name="latitude">
                    <value>15.52759</value>
                </Data>
                <Data name="longitude">
                    <value>73.8972</value>
                </Data>
                <Data name="photo_1">
                    <value>DCIM/20230502085920386.jpg</value>
                </Data>
                <Data name="photo_2">
                    <value>DCIM/20230502085900054.jpg</value>
                </Data>
                <Data name="syno_pt_list">
                    <value>7/3; 8/3,7-8</value>
                </Data>
                <Data name="constituency">
                    <value>15 - Cumbarjua</value>
                </Data>
                <Data name="status">
                    <value>Completed</value>
                </Data>
                <Data name="panchayat">
                    <value>Goltim-Navelim</value>
                </Data>
                <Data name="wb_type">
                    <value>Pond</value>
                </Data>
                <Data name="owner_type">
                    <value>Communidade</value>
                </Data>
                <Data name="purpose">
                    <value>Storage</value>
                </Data>
                <Data name="construction">
                    <value>Natural</value>
                </Data>
                <Data name="condition">
                    <value>Dry</value>
                </Data>
                <Data name="print_order">
                    <value>033</value>
                </Data>
                <Data name="wb_id">
                    <value>Ti/Nave/18</value>
                </Data>
                <Data name="storage_capacity">
                    <value>120.0</value>
                </Data>
                <Data name="wb_surface_id">
                    <value>4402</value>
                </Data>
                <Data name="created_at">
                    <value>2022-05-03 05:28:59.750605</value>
                </Data>
                <Data name="updated_at">
                    <value>2023-07-24 19:23:37.176828</value>
                </Data>
                <Data name="book_id">
                    <value>4</value>
                </Data>
                <Data name="owners">
                    <value>Communidade of Navelim</value>
                </Data>
                <Data name="label_x">
                    <value>996821.0</value>
                </Data>
                <Data name="label_y">
                    <value>1015706.0</value>
                </Data>
            </ExtendedData>
            <Point id="99282">
                <coordinates>73.897198357,15.527594439,0.0</coordinates>
            </Point>
        </Placemark>
        <Placemark id="99316">
            <ExtendedData>
                <Data name="direction">
                    <value>https://maps.google.com?q=15.52798,73.89709&amp;t=h</value>
                </Data>
                <Data name="id">
                    <value>4819</value>
                </Data>
                <Data name="name">
                    <value>Orco</value>
                </Data>
                <Data name="taluka">
                    <value>Tiswadi</value>
                </Data>
                <Data name="syno">
                    <value>7</value>
                </Data>
                <Data name="subdiv">
                    <value>5</value>
                </Data>
                <Data name="village">
                    <value>Navelim</value>
                </Data>
                <Data name="latitude">
                    <value>15.52798</value>
                </Data>
                <Data name="longitude">
                    <value>73.89709</value>
                </Data>
                <Data name="photo_1">
                    <value>DCIM/20230502090106194.jpg</value>
                </Data>
                <Data name="photo_2">
                    <value>DCIM/20230502090127065.jpg</value>
                </Data>
                <Data name="syno_pt_list">
                    <value>7/4-5</value>
                </Data>
                <Data name="constituency">
                    <value>15 - Cumbarjua</value>
                </Data>
                <Data name="status">
                    <value>Completed</value>
                </Data>
                <Data name="panchayat">
                    <value>Goltim-Navelim</value>
                </Data>
                <Data name="wb_type">
                    <value>Pond</value>
                </Data>
                <Data name="owner_type">
                    <value>Communidade</value>
                </Data>
                <Data name="purpose">
                    <value>Irrigation</value>
                </Data>
                <Data name="construction">
                    <value>Natural</value>
                </Data>
                <Data name="condition">
                    <value>Needs Maintenance</value>
                </Data>
                <Data name="print_order">
                    <value>038</value>
                </Data>
                <Data name="wb_id">
                    <value>Ti/Nave/25</value>
                </Data>
                <Data name="storage_capacity">
                    <value>84.0</value>
                </Data>
                <Data name="wb_surface_id">
                    <value>4404</value>
                </Data>
                <Data name="created_at">
                    <value>2022-05-03 05:28:59.750605</value>
                </Data>
                <Data name="updated_at">
                    <value>2023-07-24 19:23:37.789164</value>
                </Data>
                <Data name="book_id">
                    <value>4</value>
                </Data>
                <Data name="owners">
                    <value>Communidade of Navelim</value>
                </Data>
                <Data name="label_x">
                    <value>996821.0</value>
                </Data>
                <Data name="label_y">
                    <value>1016206.0</value>
                </Data>
            </ExtendedData>
            <Point id="99315">
                <coordinates>73.897093412,15.527978338,0.0</coordinates>
            </Point>
        </Placemark>
        <Placemark id="99349">
            <ExtendedData>
                <Data name="direction">
                    <value>https://maps.google.com?q=15.5303,73.9013&amp;t=h</value>
                </Data>
                <Data name="id">
                    <value>3500</value>
                </Data>
                <Data name="name">
                    <value>Galloi</value>
                </Data>
                <Data name="taluka">
                    <value>Tiswadi</value>
                </Data>
                <Data name="syno">
                    <value>181</value>
                </Data>
                <Data name="subdiv">
                    <value>2-A</value>
                </Data>
                <Data name="village">
                    <value>Navelim</value>
                </Data>
                <Data name="latitude">
                    <value>15.5303</value>
                </Data>
                <Data name="longitude">
                    <value>73.9013</value>
                </Data>
                <Data name="photo_1">
                    <value>DCIM/20230502101110714.jpg</value>
                </Data>
                <Data name="photo_2">
                    <value>DCIM/20230502101125026.jpg</value>
                </Data>
                <Data name="syno_pt_list">
                    <value>181/2-A-3</value>
                </Data>
                <Data name="constituency">
                    <value>15 - Cumbarjua</value>
                </Data>
                <Data name="status">
                    <value>Completed</value>
                </Data>
                <Data name="panchayat">
                    <value>Goltim-Navelim</value>
                </Data>
                <Data name="wb_type">
                    <value>Tank</value>
                </Data>
                <Data name="owner_type">
                    <value>Private</value>
                </Data>
                <Data name="purpose">
                    <value>Storage</value>
                </Data>
                <Data name="construction">
                    <value>Man Made</value>
                </Data>
                <Data name="condition">
                    <value>Good</value>
                </Data>
                <Data name="print_order">
                    <value>111</value>
                </Data>
                <Data name="wb_id">
                    <value>Ti/Nave/34</value>
                </Data>
                <Data name="storage_capacity">
                    <value>74.0</value>
                </Data>
                <Data name="wb_surface_id">
                    <value>4422</value>
                </Data>
                <Data name="created_at">
                    <value>2020-12-05 08:40:27</value>
                </Data>
                <Data name="updated_at">
                    <value>2023-07-24 19:23:42.089893</value>
                </Data>
                <Data name="book_id">
                    <value>4</value>
                </Data>
                <Data name="owners">
                    <value>Deliciosa Dias alias Deliciosa Dias e D`Mello
Jason D`Mello
Johnson James Aguiar
Loveline Catherine Pinto Aguiar  (360 sq. mts.)
Matias Rodrigues
Rajesh Largo D Mello
Samarth Ramchandra Natekar
Trevor D`Mello
Victor Tito Fernandes</value>
                </Data>
                <Data name="label_x">
                    <value>996821.0</value>
                </Data>
                <Data name="label_y">
                    <value>1019206.0</value>
                </Data>
            </ExtendedData>
            <Point id="99348">
                <coordinates>73.901302131,15.530301822,0.0</coordinates>
            </Point>
        </Placemark>
        <Placemark id="99382">
            <ExtendedData>
                <Data name="direction">
                    <value>https://maps.google.com?q=15.53335,73.90126&amp;t=h</value>
                </Data>
                <Data name="id">
                    <value>4833</value>
                </Data>
                <Data name="name">
                    <value>Vitogem</value>
                </Data>
                <Data name="taluka">
                    <value>Tiswadi</value>
                </Data>
                <Data name="syno">
                    <value>175</value>
                </Data>
                <Data name="subdiv">
                    <value>3</value>
                </Data>
                <Data name="village">
                    <value>Navelim</value>
                </Data>
                <Data name="latitude">
                    <value>15.53335</value>
                </Data>
                <Data name="longitude">
                    <value>73.90126</value>
                </Data>
                <Data name="photo_1">
                    <value>DCIM/20230502103453248.jpg</value>
                </Data>
                <Data name="photo_2">
                    <value>DCIM/20230502103502468.jpg</value>
                </Data>
                <Data name="syno_pt_list">
                    <value>175/3</value>
                </Data>
                <Data name="constituency">
                    <value>15 - Cumbarjua</value>
                </Data>
                <Data name="status">
                    <value>Completed</value>
                </Data>
                <Data name="panchayat">
                    <value>Goltim-Navelim</value>
                </Data>
                <Data name="wb_type">
                    <value>Tank</value>
                </Data>
                <Data name="owner_type">
                    <value>Private</value>
                </Data>
                <Data name="purpose">
                    <value>Irrigation</value>
                </Data>
                <Data name="construction">
                    <value>Man Made</value>
                </Data>
                <Data name="condition">
                    <value>Good</value>
                </Data>
                <Data name="print_order">
                    <value>110</value>
                </Data>
                <Data name="wb_id">
                    <value>Ti/Nave/31</value>
                </Data>
                <Data name="storage_capacity">
                    <value>76.0</value>
                </Data>
                <Data name="wb_surface_id">
                    <value>4417</value>
                </Data>
                <Data name="created_at">
                    <value>2022-05-03 05:28:59.750605</value>
                </Data>
                <Data name="updated_at">
                    <value>2023-07-24 19:23:44.368519</value>
                </Data>
                <Data name="book_id">
                    <value>4</value>
                </Data>
                <Data name="owners">
                    <value>Rosario Valintina Frois</value>
                </Data>
                <Data name="label_x">
                    <value>996821.0</value>
                </Data>
                <Data name="label_y">
                    <value>1019956.0</value>
                </Data>
            </ExtendedData>
            <Point id="99381">
                <coordinates>73.901257473,15.533349235,0.0</coordinates>
            </Point>
        </Placemark>
        <Placemark id="99415">
            <ExtendedData>
                <Data name="direction">
                    <value>https://maps.google.com?q=15.52563,73.89591&amp;t=h</value>
                </Data>
                <Data name="id">
                    <value>5462</value>
                </Data>
                <Data name="name">
                    <value>Mul Cantor</value>
                </Data>
                <Data name="taluka">
                    <value>Tiswadi</value>
                </Data>
                <Data name="syno">
                    <value>9</value>
                </Data>
                <Data name="subdiv">
                    <value>13</value>
                </Data>
                <Data name="village">
                    <value>Navelim</value>
                </Data>
                <Data name="latitude">
                    <value>15.52563</value>
                </Data>
                <Data name="longitude">
                    <value>73.89591</value>
                </Data>
                <Data name="photo_1">
                    <value>DCIM/20230502082247085.jpg</value>
                </Data>
                <Data name="photo_2">
                    <value>DCIM/20230502082301427.jpg</value>
                </Data>
                <Data name="syno_pt_list">
                    <value>9/1</value>
                </Data>
                <Data name="constituency">
                    <value>15 - Cumbarjua</value>
                </Data>
                <Data name="status">
                    <value>Completed</value>
                </Data>
                <Data name="panchayat">
                    <value>Goltim-Navelim</value>
                </Data>
                <Data name="wb_type">
                    <value>Tank</value>
                </Data>
                <Data name="owner_type">
                    <value>Communidade</value>
                </Data>
                <Data name="purpose">
                    <value>Irrigation</value>
                </Data>
                <Data name="construction">
                    <value>Man Made</value>
                </Data>
                <Data name="condition">
                    <value>Good</value>
                </Data>
                <Data name="print_order">
                    <value>113</value>
                </Data>
                <Data name="wb_id">
                    <value>Ti/Nave/36</value>
                </Data>
                <Data name="storage_capacity">
                    <value>74.0</value>
                </Data>
                <Data name="wb_surface_id">
                    <value>4277</value>
                </Data>
                <Data name="created_at">
                    <value>2022-08-02 06:26:08.389925</value>
                </Data>
                <Data name="updated_at">
                    <value>2023-07-24 19:23:34.401163</value>
                </Data>
                <Data name="book_id">
                    <value>4</value>
                </Data>
                <Data name="owners">
                    <value>Communidade of Navelim</value>
                </Data>
                <Data name="label_x">
                    <value>996821.0</value>
                </Data>
                <Data name="label_y">
                    <value>1013456.0</value>
                </Data>
            </ExtendedData>
            <Point id="99414">
                <coordinates>73.895912786,15.525630309,0.0</coordinates>
            </Point>
        </Placemark>
        <Placemark id="99448">
            <ExtendedData>
                <Data name="direction">
                    <value>https://maps.google.com?q=15.52901,73.89802&amp;t=h</value>
                </Data>
                <Data name="id">
                    <value>4824</value>
                </Data>
                <Data name="name">
                    <value>Tar Cantor</value>
                </Data>
                <Data name="taluka">
                    <value>Tiswadi</value>
                </Data>
                <Data name="syno">
                    <value>7</value>
                </Data>
                <Data name="subdiv">
                    <value>1</value>
                </Data>
                <Data name="village">
                    <value>Navelim</value>
                </Data>
                <Data name="latitude">
                    <value>15.52901</value>
                </Data>
                <Data name="longitude">
                    <value>73.89802</value>
                </Data>
                <Data name="photo_1">
                    <value>DCIM/20230502090949138.jpg</value>
                </Data>
                <Data name="photo_2">
                    <value>DCIM/20230502091007373.jpg</value>
                </Data>
                <Data name="syno_pt_list">
                    <value>7/1</value>
                </Data>
                <Data name="constituency">
                    <value>15 - Cumbarjua</value>
                </Data>
                <Data name="status">
                    <value>Completed</value>
                </Data>
                <Data name="panchayat">
                    <value>Goltim-Navelim</value>
                </Data>
                <Data name="wb_type">
                    <value>Pond</value>
                </Data>
                <Data name="owner_type">
                    <value>Communidade</value>
                </Data>
                <Data name="purpose">
                    <value>Storage</value>
                </Data>
                <Data name="construction">
                    <value>Natural</value>
                </Data>
                <Data name="condition">
                    <value>Dry</value>
                </Data>
                <Data name="print_order">
                    <value>051</value>
                </Data>
                <Data name="wb_id">
                    <value>Ti/Nave/51</value>
                </Data>
                <Data name="storage_capacity">
                    <value>52.0</value>
                </Data>
                <Data name="wb_surface_id">
                    <value>4411</value>
                </Data>
                <Data name="created_at">
                    <value>2022-05-03 05:28:59.750605</value>
                </Data>
                <Data name="updated_at">
                    <value>2023-07-24 19:23:41.484700</value>
                </Data>
                <Data name="book_id">
                    <value>4</value>
                </Data>
                <Data name="owners">
                    <value>Communidade of Navelim</value>
                </Data>
                <Data name="label_x">
                    <value>996821.0</value>
                </Data>
                <Data name="label_y">
                    <value>1018706.0</value>
                </Data>
            </ExtendedData>
            <Point id="99447">
                <coordinates>73.89802338,15.529011408,0.0</coordinates>
            </Point>
        </Placemark>
        <Placemark id="99481">
            <ExtendedData>
                <Data name="direction">
                    <value>https://maps.google.com?q=15.52944,73.89884&amp;t=h</value>
                </Data>
                <Data name="id">
                    <value>4829</value>
                </Data>
                <Data name="name">
                    <value>Randoi</value>
                </Data>
                <Data name="taluka">
                    <value>Tiswadi</value>
                </Data>
                <Data name="syno">
                    <value>179</value>
                </Data>
                <Data name="subdiv">
                    <value>13</value>
                </Data>
                <Data name="village">
                    <value>Navelim</value>
                </Data>
                <Data name="latitude">
                    <value>15.52944</value>
                </Data>
                <Data name="longitude">
                    <value>73.89884</value>
                </Data>
                <Data name="photo_1">
                    <value>DCIM/20230502092533292.jpg</value>
                </Data>
                <Data name="photo_2">
                    <value>DCIM/20230502092545968.jpg</value>
                </Data>
                <Data name="syno_pt_list">
                    <value>179/12-14</value>
                </Data>
                <Data name="constituency">
                    <value>15 - Cumbarjua</value>
                </Data>
                <Data name="status">
                    <value>Completed</value>
                </Data>
                <Data name="panchayat">
                    <value>Goltim-Navelim</value>
                </Data>
                <Data name="wb_type">
                    <value>Pond</value>
                </Data>
                <Data name="owner_type">
                    <value>Communidade</value>
                </Data>
                <Data name="purpose">
                    <value>Storage</value>
                </Data>
                <Data name="construction">
                    <value>Natural</value>
                </Data>
                <Data name="condition">
                    <value>Needs Maintenance</value>
                </Data>
                <Data name="print_order">
                    <value>020</value>
                </Data>
                <Data name="wb_id">
                    <value>Ti/Nave/04</value>
                </Data>
                <Data name="storage_capacity">
                    <value>228.0</value>
                </Data>
                <Data name="wb_surface_id">
                    <value>4412</value>
                </Data>
                <Data name="created_at">
                    <value>2022-05-03 05:28:59.750605</value>
                </Data>
                <Data name="updated_at">
                    <value>2023-07-24 19:23:41.783373</value>
                </Data>
                <Data name="book_id">
                    <value>4</value>
                </Data>
                <Data name="owners">
                    <value>Communidade of Navelim</value>
                </Data>
                <Data name="label_x">
                    <value>996821.0</value>
                </Data>
                <Data name="label_y">
                    <value>1018956.0</value>
                </Data>
            </ExtendedData>
            <Point id="99480">
                <coordinates>73.898844309,15.529435556,0.0</coordinates>
            </Point>
        </Placemark>
        <Placemark id="99514">
            <ExtendedData>
                <Data name="direction">
                    <value>https://maps.google.com?q=15.51986,73.89883&amp;t=h</value>
                </Data>
                <Data name="id">
                    <value>4801</value>
                </Data>
                <Data name="name">
                    <value>Samone</value>
                </Data>
                <Data name="taluka">
                    <value>Tiswadi</value>
                </Data>
                <Data name="syno">
                    <value>30</value>
                </Data>
                <Data name="subdiv">
                    <value>3</value>
                </Data>
                <Data name="village">
                    <value>Navelim</value>
                </Data>
                <Data name="latitude">
                    <value>15.51986</value>
                </Data>
                <Data name="longitude">
                    <value>73.89883</value>
                </Data>
                <Data name="photo_1">
                    <value>DCIM/20230504075106538.jpg</value>
                </Data>
                <Data name="photo_2">
                    <value>DCIM/20230504075112430.jpg</value>
                </Data>
                <Data name="syno_pt_list">
                    <value>30/3</value>
                </Data>
                <Data name="constituency">
                    <value>15 - Cumbarjua</value>
                </Data>
                <Data name="status">
                    <value>Completed</value>
                </Data>
                <Data name="panchayat">
                    <value>Goltim-Navelim</value>
                </Data>
                <Data name="wb_type">
                    <value>Pond</value>
                </Data>
                <Data name="owner_type">
                    <value>Communidade</value>
                </Data>
                <Data name="purpose">
                    <value>Storage</value>
                </Data>
                <Data name="construction">
                    <value>Natural</value>
                </Data>
                <Data name="condition">
                    <value>Dry</value>
                </Data>
                <Data name="print_order">
                    <value>026</value>
                </Data>
                <Data name="wb_id">
                    <value>Ti/Nave/11</value>
                </Data>
                <Data name="storage_capacity">
                    <value>148.0</value>
                </Data>
                <Data name="wb_surface_id">
                    <value>4360</value>
                </Data>
                <Data name="created_at">
                    <value>2022-05-03 05:28:59.750605</value>
                </Data>
                <Data name="updated_at">
                    <value>2023-07-24 19:23:31.855015</value>
                </Data>
                <Data name="book_id">
                    <value>4</value>
                </Data>
                <Data name="owners">
                    <value>Communidade of Navelim</value>
                </Data>
                <Data name="label_x">
                    <value>996821.0</value>
                </Data>
                <Data name="label_y">
                    <value>1011456.0</value>
                </Data>
            </ExtendedData>
            <Point id="99513">
                <coordinates>73.898832101,15.519857695,0.0</coordinates>
            </Point>
        </Placemark>
        <Placemark id="99547">
            <ExtendedData>
                <Data name="direction">
                    <value>https://maps.google.com?q=15.51645,73.8935&amp;t=h</value>
                </Data>
                <Data name="id">
                    <value>4848</value>
                </Data>
                <Data name="name">
                    <value>Puddochem</value>
                </Data>
                <Data name="taluka">
                    <value>Tiswadi</value>
                </Data>
                <Data name="syno">
                    <value>37</value>
                </Data>
                <Data name="subdiv">
                    <value>7</value>
                </Data>
                <Data name="village">
                    <value>Navelim</value>
                </Data>
                <Data name="latitude">
                    <value>15.51645</value>
                </Data>
                <Data name="longitude">
                    <value>73.8935</value>
                </Data>
                <Data name="photo_1">
                    <value>DCIM/20230502074309644.jpg</value>
                </Data>
                <Data name="photo_2">
                    <value>DCIM/20230502074318806.jpg</value>
                </Data>
                <Data name="syno_pt_list">
                    <value>37/6-7</value>
                </Data>
                <Data name="constituency">
                    <value>15 - Cumbarjua</value>
                </Data>
                <Data name="status">
                    <value>Completed</value>
                </Data>
                <Data name="panchayat">
                    <value>Goltim-Navelim</value>
                </Data>
                <Data name="wb_type">
                    <value>Tank</value>
                </Data>
                <Data name="owner_type">
                    <value>Communidade</value>
                </Data>
                <Data name="purpose">
                    <value>Irrigation</value>
                </Data>
                <Data name="construction">
                    <value>Man Made</value>
                </Data>
                <Data name="condition">
                    <value>Good</value>
                </Data>
                <Data name="print_order">
                    <value>117</value>
                </Data>
                <Data name="wb_id">
                    <value>Ti/Nave/43</value>
                </Data>
                <Data name="storage_capacity">
                    <value>66.0</value>
                </Data>
                <Data name="wb_surface_id">
                    <value>4358</value>
                </Data>
                <Data name="created_at">
                    <value>2022-05-03 05:28:59.750605</value>
                </Data>
                <Data name="updated_at">
                    <value>2023-07-24 19:56:13.698708</value>
                </Data>
                <Data name="book_id">
                    <value>4</value>
                </Data>
                <Data name="owners">
                    <value>Communidade Navelim</value>
                </Data>
                <Data name="label_x">
                    <value>976173.0</value>
                </Data>
                <Data name="label_y">
                    <value>1018440.68332924</value>
                </Data>
            </ExtendedData>
            <Point id="99546">
                <coordinates>73.893500075,15.516446529,0.0</coordinates>
            </Point>
        </Placemark>
        <Placemark id="99580">
            <ExtendedData>
                <Data name="direction">
                    <value>https://maps.google.com?q=15.53402,73.90136&amp;t=h</value>
                </Data>
                <Data name="id">
                    <value>6144</value>
                </Data>
                <Data name="name">
                    <value>Vitogem</value>
                </Data>
                <Data name="taluka">
                    <value>Tiswadi</value>
                </Data>
                <Data name="syno">
                    <value>175</value>
                </Data>
                <Data name="subdiv">
                    <value>5</value>
                </Data>
                <Data name="village">
                    <value>Navelim</value>
                </Data>
                <Data name="latitude">
                    <value>15.53402</value>
                </Data>
                <Data name="longitude">
                    <value>73.90136</value>
                </Data>
                <Data name="photo_1">
                    <value>DCIM/20230502103246588.jpg</value>
                </Data>
                <Data name="photo_2">
                    <value>DCIM/20230502103258140.jpg</value>
                </Data>
                <Data name="constituency">
                    <value>15 - Cumbarjua</value>
                </Data>
                <Data name="status">
                    <value>Completed</value>
                </Data>
                <Data name="panchayat">
                    <value>Goltim-Navelim</value>
                </Data>
                <Data name="wb_type">
                    <value>Pond</value>
                </Data>
                <Data name="owner_type">
                    <value>Private</value>
                </Data>
                <Data name="purpose">
                    <value>Storage</value>
                </Data>
                <Data name="construction">
                    <value>Natural</value>
                </Data>
                <Data name="condition">
                    <value>Needs Maintenance</value>
                </Data>
                <Data name="print_order">
                    <value>043</value>
                </Data>
                <Data name="wb_id">
                    <value>Ti/Nave/33</value>
                </Data>
                <Data name="storage_capacity">
                    <value>75.0</value>
                </Data>
                <Data name="wb_surface_id">
                    <value>5565</value>
                </Data>
                <Data name="created_at">
                    <value>2023-05-02 00:00:00</value>
                </Data>
                <Data name="updated_at">
                    <value>2023-07-24 19:23:45.674205</value>
                </Data>
                <Data name="book_id">
                    <value>4</value>
                </Data>
                <Data name="owners">
                    <value>Alberto Colaco</value>
                </Data>
                <Data name="label_x">
                    <value>996821.0</value>
                </Data>
                <Data name="label_y">
                    <value>1020456.0</value>
                </Data>
            </ExtendedData>
            <Point id="99579">
                <coordinates>73.901355367,15.534022873,0.0</coordinates>
            </Point>
        </Placemark>
        <Placemark id="99612">
            <ExtendedData>
                <Data name="direction">
                    <value>https://maps.google.com?q=15.51683,73.89794&amp;t=h</value>
                </Data>
                <Data name="id">
                    <value>5463</value>
                </Data>
                <Data name="name">
                    <value>Samone</value>
                </Data>
                <Data name="taluka">
                    <value>Tiswadi</value>
                </Data>
                <Data name="syno">
                    <value>33</value>
                </Data>
                <Data name="subdiv">
                    <value>12,13</value>
                </Data>
                <Data name="village">
                    <value>Navelim</value>
                </Data>
                <Data name="latitude">
                    <value>15.51683</value>
                </Data>
                <Data name="longitude">
                    <value>73.89794</value>
                </Data>
                <Data name="photo_1">
                    <value>DCIM/20230504074711671.jpg</value>
                </Data>
                <Data name="photo_2">
                    <value>DCIM/20230504074717411.jpg</value>
                </Data>
                <Data name="syno_pt_list">
                    <value>33/12-13,18</value>
                </Data>
                <Data name="constituency">
                    <value>15 - Cumbarjua</value>
                </Data>
                <Data name="status">
                    <value>Completed</value>
                </Data>
                <Data name="panchayat">
                    <value>Goltim-Navelim</value>
                </Data>
                <Data name="wb_type">
                    <value>Pond</value>
                </Data>
                <Data name="owner_type">
                    <value>Communidade</value>
                </Data>
                <Data name="purpose">
                    <value>Storage</value>
                </Data>
                <Data name="construction">
                    <value>Natural</value>
                </Data>
                <Data name="condition">
                    <value>Needs Maintenance</value>
                </Data>
                <Data name="print_order">
                    <value>017</value>
                </Data>
                <Data name="wb_id">
                    <value>Ti/Nave/01</value>
                </Data>
                <Data name="storage_capacity">
                    <value>1131.0</value>
                </Data>
                <Data name="wb_surface_id">
                    <value>4278</value>
                </Data>
                <Data name="created_at">
                    <value>2022-08-02 06:26:08.389925</value>
                </Data>
                <Data name="updated_at">
                    <value>2023-07-24 19:23:27.448388</value>
                </Data>
                <Data name="book_id">
                    <value>4</value>
                </Data>
                <Data name="owners">
                    <value>Communidade of Navelim</value>
                </Data>
                <Data name="label_x">
                    <value>996821.0</value>
                </Data>
                <Data name="label_y">
                    <value>1007956.0</value>
                </Data>
            </ExtendedData>
            <Point id="99611">
                <coordinates>73.897939742,15.516826912,0.0</coordinates>
            </Point>
        </Placemark>
        <Placemark id="99645">
            <ExtendedData>
                <Data name="direction">
                    <value>https://maps.google.com?q=15.52829,73.89731&amp;t=h</value>
                </Data>
                <Data name="id">
                    <value>4820</value>
                </Data>
                <Data name="name">
                    <value>Orco</value>
                </Data>
                <Data name="taluka">
                    <value>Tiswadi</value>
                </Data>
                <Data name="syno">
                    <value>7</value>
                </Data>
                <Data name="subdiv">
                    <value>11</value>
                </Data>
                <Data name="village">
                    <value>Navelim</value>
                </Data>
                <Data name="latitude">
                    <value>15.52829</value>
                </Data>
                <Data name="longitude">
                    <value>73.89731</value>
                </Data>
                <Data name="photo_1">
                    <value>DCIM/20230502090253183.jpg</value>
                </Data>
                <Data name="photo_2">
                    <value>DCIM/20230502090306329.jpg</value>
                </Data>
                <Data name="syno_pt_list">
                    <value>7/10-11</value>
                </Data>
                <Data name="constituency">
                    <value>15 - Cumbarjua</value>
                </Data>
                <Data name="status">
                    <value>Completed</value>
                </Data>
                <Data name="panchayat">
                    <value>Goltim-Navelim</value>
                </Data>
                <Data name="wb_type">
                    <value>Pond</value>
                </Data>
                <Data name="owner_type">
                    <value>Communidade</value>
                </Data>
                <Data name="purpose">
                    <value>Irrigation</value>
                </Data>
                <Data name="construction">
                    <value>Natural</value>
                </Data>
                <Data name="condition">
                    <value>Needs Maintenance</value>
                </Data>
                <Data name="print_order">
                    <value>045</value>
                </Data>
                <Data name="wb_id">
                    <value>Ti/Nave/39</value>
                </Data>
                <Data name="storage_capacity">
                    <value>69.0</value>
                </Data>
                <Data name="wb_surface_id">
                    <value>4405</value>
                </Data>
                <Data name="created_at">
                    <value>2022-05-03 05:28:59.750605</value>
                </Data>
                <Data name="updated_at">
                    <value>2023-07-24 19:23:38.839148</value>
                </Data>
                <Data name="book_id">
                    <value>4</value>
                </Data>
                <Data name="owners">
                    <value>Communidade of Navelim</value>
                </Data>
                <Data name="label_x">
                    <value>996821.0</value>
                </Data>
                <Data name="label_y">
                    <value>1016706.0</value>
                </Data>
            </ExtendedData>
            <Point id="99644">
                <coordinates>73.897311288,15.528286793,0.0</coordinates>
            </Point>
        </Placemark>
        <Placemark id="99678">
            <ExtendedData>
                <Data name="direction">
                    <value>https://maps.google.com?q=15.52032,73.8958&amp;t=h</value>
                </Data>
                <Data name="id">
                    <value>4807</value>
                </Data>
                <Data name="name">
                    <value>Londerem</value>
                </Data>
                <Data name="taluka">
                    <value>Tiswadi</value>
                </Data>
                <Data name="syno">
                    <value>24</value>
                </Data>
                <Data name="subdiv">
                    <value>9</value>
                </Data>
                <Data name="village">
                    <value>Navelim</value>
                </Data>
                <Data name="latitude">
                    <value>15.52032</value>
                </Data>
                <Data name="longitude">
                    <value>73.8958</value>
                </Data>
                <Data name="photo_1">
                    <value>DCIM/20230502074531178.jpg</value>
                </Data>
                <Data name="photo_2">
                    <value>DCIM/20230502074549931.jpg</value>
                </Data>
                <Data name="syno_pt_list">
                    <value>24/8-9</value>
                </Data>
                <Data name="constituency">
                    <value>15 - Cumbarjua</value>
                </Data>
                <Data name="status">
                    <value>Completed</value>
                </Data>
                <Data name="panchayat">
                    <value>Goltim-Navelim</value>
                </Data>
                <Data name="wb_type">
                    <value>Pond</value>
                </Data>
                <Data name="owner_type">
                    <value>Communidade</value>
                </Data>
                <Data name="purpose">
                    <value>Storage</value>
                </Data>
                <Data name="construction">
                    <value>Natural</value>
                </Data>
                <Data name="condition">
                    <value>Dry</value>
                </Data>
                <Data name="print_order">
                    <value>054</value>
                </Data>
                <Data name="wb_id">
                    <value>Ti/Nave/59</value>
                </Data>
                <Data name="storage_capacity">
                    <value>38.0</value>
                </Data>
                <Data name="wb_surface_id">
                    <value>4365</value>
                </Data>
                <Data name="created_at">
                    <value>2022-05-03 05:28:59.750605</value>
                </Data>
                <Data name="updated_at">
                    <value>2023-07-24 19:23:29.909126</value>
                </Data>
                <Data name="book_id">
                    <value>4</value>
                </Data>
                <Data name="owners">
                    <value>Communidade of Navelim</value>
                </Data>
                <Data name="label_x">
                    <value>996821.0</value>
                </Data>
                <Data name="label_y">
                    <value>1009956.0</value>
                </Data>
            </ExtendedData>
            <Point id="99677">
                <coordinates>73.895802411,15.520322563,0.0</coordinates>
            </Point>
        </Placemark>
        <Placemark id="99711">
            <ExtendedData>
                <Data name="direction">
                    <value>https://maps.google.com?q=15.52818,73.89759&amp;t=h</value>
                </Data>
                <Data name="id">
                    <value>4821</value>
                </Data>
                <Data name="name">
                    <value>Orco</value>
                </Data>
                <Data name="taluka">
                    <value>Tiswadi</value>
                </Data>
                <Data name="syno">
                    <value>7</value>
                </Data>
                <Data name="subdiv">
                    <value>9</value>
                </Data>
                <Data name="village">
                    <value>Navelim</value>
                </Data>
                <Data name="latitude">
                    <value>15.52818</value>
                </Data>
                <Data name="longitude">
                    <value>73.89759</value>
                </Data>
                <Data name="photo_1">
                    <value>DCIM/20230502091519325.jpg</value>
                </Data>
                <Data name="photo_2">
                    <value>DCIM/20230502091542346.jpg</value>
                </Data>
                <Data name="syno_pt_list">
                    <value>7/8-9</value>
                </Data>
                <Data name="constituency">
                    <value>15 - Cumbarjua</value>
                </Data>
                <Data name="status">
                    <value>Completed</value>
                </Data>
                <Data name="panchayat">
                    <value>Goltim-Navelim</value>
                </Data>
                <Data name="wb_type">
                    <value>Pond</value>
                </Data>
                <Data name="owner_type">
                    <value>Private</value>
                </Data>
                <Data name="purpose">
                    <value>Storage</value>
                </Data>
                <Data name="construction">
                    <value>Natural</value>
                </Data>
                <Data name="condition">
                    <value>Dry</value>
                </Data>
                <Data name="print_order">
                    <value>052</value>
                </Data>
                <Data name="wb_id">
                    <value>Ti/Nave/53</value>
                </Data>
                <Data name="storage_capacity">
                    <value>48.0</value>
                </Data>
                <Data name="wb_surface_id">
                    <value>4406</value>
                </Data>
                <Data name="created_at">
                    <value>2022-05-03 05:28:59.750605</value>
                </Data>
                <Data name="updated_at">
                    <value>2023-07-24 19:23:38.099014</value>
                </Data>
                <Data name="book_id">
                    <value>4</value>
                </Data>
                <Data name="owners">
                    <value>Francisco Janucirao Guilherme Menezes</value>
                </Data>
                <Data name="label_x">
                    <value>996821.0</value>
                </Data>
                <Data name="label_y">
                    <value>1016456.0</value>
                </Data>
            </ExtendedData>
            <Point id="99710">
                <coordinates>73.897585478,15.528184534,0.0</coordinates>
            </Point>
        </Placemark>
        <Placemark id="99744">
            <ExtendedData>
                <Data name="direction">
                    <value>https://maps.google.com?q=15.51639,73.89177&amp;t=h</value>
                </Data>
                <Data name="id">
                    <value>4850</value>
                </Data>
                <Data name="name">
                    <value>Choreen</value>
                </Data>
                <Data name="taluka">
                    <value>Tiswadi</value>
                </Data>
                <Data name="syno">
                    <value>138</value>
                </Data>
                <Data name="subdiv">
                    <value>5</value>
                </Data>
                <Data name="village">
                    <value>Navelim</value>
                </Data>
                <Data name="latitude">
                    <value>15.51639</value>
                </Data>
                <Data name="longitude">
                    <value>73.89177</value>
                </Data>
                <Data name="photo_1">
                    <value>DCIM/20230502072544250.jpg</value>
                </Data>
                <Data name="photo_2">
                    <value>DCIM/20230502072600592.jpg</value>
                </Data>
                <Data name="syno_pt_list">
                    <value>138/5</value>
                </Data>
                <Data name="constituency">
                    <value>15 - Cumbarjua</value>
                </Data>
                <Data name="status">
                    <value>Completed</value>
                </Data>
                <Data name="panchayat">
                    <value>Goltim-Navelim</value>
                </Data>
                <Data name="wb_type">
                    <value>Tank</value>
                </Data>
                <Data name="owner_type">
                    <value>Communidade</value>
                </Data>
                <Data name="purpose">
                    <value>Irrigation</value>
                </Data>
                <Data name="construction">
                    <value>Man Made</value>
                </Data>
                <Data name="condition">
                    <value>Good</value>
                </Data>
                <Data name="print_order">
                    <value>121</value>
                </Data>
                <Data name="wb_id">
                    <value>Ti/Nave/52</value>
                </Data>
                <Data name="storage_capacity">
                    <value>51.0</value>
                </Data>
                <Data name="wb_surface_id">
                    <value>4356</value>
                </Data>
                <Data name="created_at">
                    <value>2022-05-03 05:28:59.750605</value>
                </Data>
                <Data name="updated_at">
                    <value>2023-07-24 19:56:12.822670</value>
                </Data>
                <Data name="book_id">
                    <value>4</value>
                </Data>
                <Data name="owners">
                    <value>Communidade of Navelim</value>
                </Data>
                <Data name="label_x">
                    <value>976173.0</value>
                </Data>
                <Data name="label_y">
                    <value>1017440.68332924</value>
                </Data>
            </ExtendedData>
            <Point id="99743">
                <coordinates>73.89176989,15.516386431,0.0</coordinates>
            </Point>
        </Placemark>
        <Placemark id="99777">
            <ExtendedData>
                <Data name="direction">
                    <value>https://maps.google.com?q=15.52014,73.89558&amp;t=h</value>
                </Data>
                <Data name="id">
                    <value>4806</value>
                </Data>
                <Data name="name">
                    <value>Londerem</value>
                </Data>
                <Data name="taluka">
                    <value>Tiswadi</value>
                </Data>
                <Data name="syno">
                    <value>24</value>
                </Data>
                <Data name="subdiv">
                    <value>8</value>
                </Data>
                <Data name="village">
                    <value>Navelim</value>
                </Data>
                <Data name="latitude">
                    <value>15.52014</value>
                </Data>
                <Data name="longitude">
                    <value>73.89558</value>
                </Data>
                <Data name="photo_1">
                    <value>DCIM/20230502074626762.jpg</value>
                </Data>
                <Data name="photo_2">
                    <value>DCIM/20230502074643837.jpg</value>
                </Data>
                <Data name="syno_pt_list">
                    <value>24/7-8</value>
                </Data>
                <Data name="constituency">
                    <value>15 - Cumbarjua</value>
                </Data>
                <Data name="status">
                    <value>Completed</value>
                </Data>
                <Data name="panchayat">
                    <value>Goltim-Navelim</value>
                </Data>
                <Data name="wb_type">
                    <value>Pond</value>
                </Data>
                <Data name="owner_type">
                    <value>Communidade</value>
                </Data>
                <Data name="purpose">
                    <value>Storage</value>
                </Data>
                <Data name="construction">
                    <value>Natural</value>
                </Data>
                <Data name="condition">
                    <value>Dry</value>
                </Data>
                <Data name="print_order">
                    <value>049</value>
                </Data>
                <Data name="wb_id">
                    <value>Ti/Nave/49</value>
                </Data>
                <Data name="storage_capacity">
                    <value>55.0</value>
                </Data>
                <Data name="wb_surface_id">
                    <value>4364</value>
                </Data>
                <Data name="created_at">
                    <value>2022-05-03 05:28:59.750605</value>
                </Data>
                <Data name="updated_at">
                    <value>2023-07-24 19:23:28.689517</value>
                </Data>
                <Data name="book_id">
                    <value>4</value>
                </Data>
                <Data name="owners">
                    <value>Communidade of Navelim</value>
                </Data>
                <Data name="label_x">
                    <value>996821.0</value>
                </Data>
                <Data name="label_y">
                    <value>1008956.0</value>
                </Data>
            </ExtendedData>
            <Point id="99776">
                <coordinates>73.89557867,15.520135754,0.0</coordinates>
            </Point>
        </Placemark>
        <Placemark id="99810">
            <ExtendedData>
                <Data name="direction">
                    <value>https://maps.google.com?q=15.52852,73.89752&amp;t=h</value>
                </Data>
                <Data name="id">
                    <value>5666</value>
                </Data>
                <Data name="name">
                    <value>Orco</value>
                </Data>
                <Data name="taluka">
                    <value>Tiswadi</value>
                </Data>
                <Data name="syno">
                    <value>7</value>
                </Data>
                <Data name="subdiv">
                    <value>13</value>
                </Data>
                <Data name="village">
                    <value>Navelim</value>
                </Data>
                <Data name="latitude">
                    <value>15.52852</value>
                </Data>
                <Data name="longitude">
                    <value>73.89752</value>
                </Data>
                <Data name="photo_1">
                    <value>DCIM/20230502090407471.jpg</value>
                </Data>
                <Data name="photo_2">
                    <value>DCIM/20230502090426496.jpg</value>
                </Data>
                <Data name="syno_pt_list">
                    <value>7/12-13</value>
                </Data>
                <Data name="constituency">
                    <value>15 - Cumbarjua</value>
                </Data>
                <Data name="status">
                    <value>Completed</value>
                </Data>
                <Data name="panchayat">
                    <value>Goltim-Navelim</value>
                </Data>
                <Data name="wb_type">
                    <value>Pond</value>
                </Data>
                <Data name="owner_type">
                    <value>Communidade</value>
                </Data>
                <Data name="purpose">
                    <value>Storage</value>
                </Data>
                <Data name="construction">
                    <value>Natural</value>
                </Data>
                <Data name="condition">
                    <value>Needs Maintenance</value>
                </Data>
                <Data name="print_order">
                    <value>036</value>
                </Data>
                <Data name="wb_id">
                    <value>Ti/Nave/21</value>
                </Data>
                <Data name="storage_capacity">
                    <value>94.0</value>
                </Data>
                <Data name="wb_surface_id">
                    <value>4407</value>
                </Data>
                <Data name="created_at">
                    <value>2022-09-02 13:17:56.353614</value>
                </Data>
                <Data name="updated_at">
                    <value>2023-07-24 19:23:39.128647</value>
                </Data>
                <Data name="book_id">
                    <value>4</value>
                </Data>
                <Data name="owners">
                    <value>Communidade of Navelim</value>
                </Data>
                <Data name="label_x">
                    <value>996821.0</value>
                </Data>
                <Data name="label_y">
                    <value>1016956.0</value>
                </Data>
            </ExtendedData>
            <Point id="99809">
                <coordinates>73.89751648,15.528515081,0.0</coordinates>
            </Point>
        </Placemark>
        <Placemark id="99843">
            <ExtendedData>
                <Data name="direction">
                    <value>https://maps.google.com?q=15.51554,73.89011&amp;t=h</value>
                </Data>
                <Data name="id">
                    <value>5464</value>
                </Data>
                <Data name="name">
                    <value>Venzuo</value>
                </Data>
                <Data name="taluka">
                    <value>Tiswadi</value>
                </Data>
                <Data name="syno">
                    <value>137</value>
                </Data>
                <Data name="subdiv">
                    <value>2</value>
                </Data>
                <Data name="village">
                    <value>Navelim</value>
                </Data>
                <Data name="latitude">
                    <value>15.51554</value>
                </Data>
                <Data name="longitude">
                    <value>73.89011</value>
                </Data>
                <Data name="photo_1">
                    <value>DCIM/20230502074217223.jpg</value>
                </Data>
                <Data name="photo_2">
                    <value>DCIM/20230502074249428.jpg</value>
                </Data>
                <Data name="syno_pt_list">
                    <value>137/2</value>
                </Data>
                <Data name="constituency">
                    <value>15 - Cumbarjua</value>
                </Data>
                <Data name="status">
                    <value>Completed</value>
                </Data>
                <Data name="panchayat">
                    <value>Goltim-Navelim</value>
                </Data>
                <Data name="wb_type">
                    <value>Pond</value>
                </Data>
                <Data name="owner_type">
                    <value>Communidade</value>
                </Data>
                <Data name="purpose">
                    <value>Storage</value>
                </Data>
                <Data name="construction">
                    <value>Natural</value>
                </Data>
                <Data name="condition">
                    <value>Dry</value>
                </Data>
                <Data name="print_order">
                    <value>018</value>
                </Data>
                <Data name="wb_id">
                    <value>Ti/Nave/02</value>
                </Data>
                <Data name="storage_capacity">
                    <value>650.0</value>
                </Data>
                <Data name="wb_surface_id">
                    <value>4279</value>
                </Data>
                <Data name="created_at">
                    <value>2022-08-02 06:27:08.071952</value>
                </Data>
                <Data name="updated_at">
                    <value>2023-07-24 19:56:12.162726</value>
                </Data>
                <Data name="book_id">
                    <value>4</value>
                </Data>
                <Data name="owners">
                    <value>Communidade of Navelim</value>
                </Data>
                <Data name="label_x">
                    <value>976173.0</value>
                </Data>
                <Data name="label_y">
                    <value>1016690.68332924</value>
                </Data>
            </ExtendedData>
            <Point id="99842">
                <coordinates>73.890113605,15.515541486,0.0</coordinates>
            </Point>
        </Placemark>
        <Placemark id="99876">
            <ExtendedData>
                <Data name="direction">
                    <value>https://maps.google.com?q=15.52041,73.89548&amp;t=h</value>
                </Data>
                <Data name="id">
                    <value>4804</value>
                </Data>
                <Data name="name">
                    <value>Londerem</value>
                </Data>
                <Data name="taluka">
                    <value>Tiswadi</value>
                </Data>
                <Data name="syno">
                    <value>24</value>
                </Data>
                <Data name="subdiv">
                    <value>6</value>
                </Data>
                <Data name="village">
                    <value>Navelim</value>
                </Data>
                <Data name="latitude">
                    <value>15.52041</value>
                </Data>
                <Data name="longitude">
                    <value>73.89548</value>
                </Data>
                <Data name="photo_1">
                    <value>DCIM/20230502074728888.jpg</value>
                </Data>
                <Data name="photo_2">
                    <value>DCIM/20230502074757132.jpg</value>
                </Data>
                <Data name="syno_pt_list">
                    <value>24/5-6</value>
                </Data>
                <Data name="constituency">
                    <value>15 - Cumbarjua</value>
                </Data>
                <Data name="status">
                    <value>Completed</value>
                </Data>
                <Data name="panchayat">
                    <value>Goltim-Navelim</value>
                </Data>
                <Data name="wb_type">
                    <value>Pond</value>
                </Data>
                <Data name="owner_type">
                    <value>Communidade</value>
                </Data>
                <Data name="purpose">
                    <value>Storage</value>
                </Data>
                <Data name="construction">
                    <value>Natural</value>
                </Data>
                <Data name="condition">
                    <value>Dry</value>
                </Data>
                <Data name="print_order">
                    <value>040</value>
                </Data>
                <Data name="wb_id">
                    <value>Ti/Nave/28</value>
                </Data>
                <Data name="storage_capacity">
                    <value>82.0</value>
                </Data>
                <Data name="wb_surface_id">
                    <value>4366</value>
                </Data>
                <Data name="created_at">
                    <value>2022-05-03 05:28:59.750605</value>
                </Data>
                <Data name="updated_at">
                    <value>2023-07-24 19:23:29.293606</value>
                </Data>
                <Data name="book_id">
                    <value>4</value>
                </Data>
                <Data name="owners">
                    <value>Communidade of Navelim</value>
                </Data>
                <Data name="label_x">
                    <value>996821.0</value>
                </Data>
                <Data name="label_y">
                    <value>1009456.0</value>
                </Data>
            </ExtendedData>
            <Point id="99875">
                <coordinates>73.895477496,15.520411771,0.0</coordinates>
            </Point>
        </Placemark>
        <Placemark id="99909">
            <ExtendedData>
                <Data name="direction">
                    <value>https://maps.google.com?q=15.52487,73.89499&amp;t=h</value>
                </Data>
                <Data name="id">
                    <value>4810</value>
                </Data>
                <Data name="name">
                    <value>Melco</value>
                </Data>
                <Data name="taluka">
                    <value>Tiswadi</value>
                </Data>
                <Data name="syno">
                    <value>159</value>
                </Data>
                <Data name="subdiv">
                    <value>4</value>
                </Data>
                <Data name="village">
                    <value>Navelim</value>
                </Data>
                <Data name="latitude">
                    <value>15.52487</value>
                </Data>
                <Data name="longitude">
                    <value>73.89499</value>
                </Data>
                <Data name="photo_1">
                    <value>DCIM/20230502082031720.jpg</value>
                </Data>
                <Data name="photo_2">
                    <value>DCIM/20230502082038943.jpg</value>
                </Data>
                <Data name="syno_pt_list">
                    <value>159/4</value>
                </Data>
                <Data name="constituency">
                    <value>15 - Cumbarjua</value>
                </Data>
                <Data name="status">
                    <value>Completed</value>
                </Data>
                <Data name="panchayat">
                    <value>Goltim-Navelim</value>
                </Data>
                <Data name="wb_type">
                    <value>Pond</value>
                </Data>
                <Data name="owner_type">
                    <value>Communidade</value>
                </Data>
                <Data name="purpose">
                    <value>Irrigation</value>
                </Data>
                <Data name="construction">
                    <value>Natural</value>
                </Data>
                <Data name="condition">
                    <value>Needs Maintenance</value>
                </Data>
                <Data name="print_order">
                    <value>023</value>
                </Data>
                <Data name="wb_id">
                    <value>Ti/Nave/07</value>
                </Data>
                <Data name="storage_capacity">
                    <value>172.0</value>
                </Data>
                <Data name="wb_surface_id">
                    <value>4391</value>
                </Data>
                <Data name="created_at">
                    <value>2022-05-03 05:28:59.750605</value>
                </Data>
                <Data name="updated_at">
                    <value>2023-07-24 19:23:33.389244</value>
                </Data>
                <Data name="book_id">
                    <value>4</value>
                </Data>
                <Data name="owners">
                    <value>Communidade of Navelim</value>
                </Data>
                <Data name="label_x">
                    <value>996821.0</value>
                </Data>
                <Data name="label_y">
                    <value>1012706.0</value>
                </Data>
            </ExtendedData>
            <Point id="99908">
                <coordinates>73.894994315,15.524872798,0.0</coordinates>
            </Point>
        </Placemark>
        <Placemark id="99942">
            <ExtendedData>
                <Data name="direction">
                    <value>https://maps.google.com?q=15.5286,73.89782&amp;t=h</value>
                </Data>
                <Data name="id">
                    <value>4822</value>
                </Data>
                <Data name="name">
                    <value>Orco</value>
                </Data>
                <Data name="taluka">
                    <value>Tiswadi</value>
                </Data>
                <Data name="syno">
                    <value>7</value>
                </Data>
                <Data name="subdiv">
                    <value>15</value>
                </Data>
                <Data name="village">
                    <value>Navelim</value>
                </Data>
                <Data name="latitude">
                    <value>15.5286</value>
                </Data>
                <Data name="longitude">
                    <value>73.89782</value>
                </Data>
                <Data name="photo_1">
                    <value>DCIM/20230502090543754.jpg</value>
                </Data>
                <Data name="photo_2">
                    <value>DCIM/20230502090600446.jpg</value>
                </Data>
                <Data name="syno_pt_list">
                    <value>7/2,15</value>
                </Data>
                <Data name="constituency">
                    <value>15 - Cumbarjua</value>
                </Data>
                <Data name="status">
                    <value>Completed</value>
                </Data>
                <Data name="panchayat">
                    <value>Goltim-Navelim</value>
                </Data>
                <Data name="wb_type">
                    <value>Pond</value>
                </Data>
                <Data name="owner_type">
                    <value>Communidade</value>
                </Data>
                <Data name="purpose">
                    <value>Irrigation</value>
                </Data>
                <Data name="construction">
                    <value>Natural</value>
                </Data>
                <Data name="condition">
                    <value>Needs Maintenance</value>
                </Data>
                <Data name="print_order">
                    <value>037</value>
                </Data>
                <Data name="wb_id">
                    <value>Ti/Nave/22</value>
                </Data>
                <Data name="storage_capacity">
                    <value>92.0</value>
                </Data>
                <Data name="wb_surface_id">
                    <value>4408</value>
                </Data>
                <Data name="created_at">
                    <value>2022-05-03 05:28:59.750605</value>
                </Data>
                <Data name="updated_at">
                    <value>2023-07-24 19:23:39.517711</value>
                </Data>
                <Data name="book_id">
                    <value>4</value>
                </Data>
                <Data name="owners">
                    <value>Communidade of Navelim</value>
                </Data>
                <Data name="label_x">
                    <value>996821.0</value>
                </Data>
                <Data name="label_y">
                    <value>1017206.0</value>
                </Data>
            </ExtendedData>
            <Point id="99941">
                <coordinates>73.897819608,15.528602939,0.0</coordinates>
            </Point>
        </Placemark>
        <Placemark id="99975">
            <ExtendedData>
                <Data name="direction">
                    <value>https://maps.google.com?q=15.52874,73.89804&amp;t=h</value>
                </Data>
                <Data name="id">
                    <value>4823</value>
                </Data>
                <Data name="name">
                    <value>Orco</value>
                </Data>
                <Data name="taluka">
                    <value>Tiswadi</value>
                </Data>
                <Data name="syno">
                    <value>7</value>
                </Data>
                <Data name="subdiv">
                    <value>16</value>
                </Data>
                <Data name="village">
                    <value>Navelim</value>
                </Data>
                <Data name="latitude">
                    <value>15.52874</value>
                </Data>
                <Data name="longitude">
                    <value>73.89804</value>
                </Data>
                <Data name="photo_1">
                    <value>DCIM/20230502090659335.jpg</value>
                </Data>
                <Data name="photo_2">
                    <value>DCIM/20230502090714906.jpg</value>
                </Data>
                <Data name="syno_pt_list">
                    <value>7/2,16</value>
                </Data>
                <Data name="constituency">
                    <value>15 - Cumbarjua</value>
                </Data>
                <Data name="status">
                    <value>Completed</value>
                </Data>
                <Data name="panchayat">
                    <value>Goltim-Navelim</value>
                </Data>
                <Data name="wb_type">
                    <value>Pond</value>
                </Data>
                <Data name="owner_type">
                    <value>Communidade</value>
                </Data>
                <Data name="purpose">
                    <value>Irrigation</value>
                </Data>
                <Data name="construction">
                    <value>Natural/Man Made</value>
                </Data>
                <Data name="condition">
                    <value>Needs Maintenance</value>
                </Data>
                <Data name="print_order">
                    <value>039</value>
                </Data>
                <Data name="wb_id">
                    <value>Ti/Nave/26</value>
                </Data>
                <Data name="storage_capacity">
                    <value>84.0</value>
                </Data>
                <Data name="wb_surface_id">
                    <value>4409</value>
                </Data>
                <Data name="created_at">
                    <value>2022-05-03 05:28:59.750605</value>
                </Data>
                <Data name="updated_at">
                    <value>2023-07-24 19:23:39.862873</value>
                </Data>
                <Data name="book_id">
                    <value>4</value>
                </Data>
                <Data name="owners">
                    <value>Communidade of Navelim</value>
                </Data>
                <Data name="label_x">
                    <value>996821.0</value>
                </Data>
                <Data name="label_y">
                    <value>1017456.0</value>
                </Data>
            </ExtendedData>
            <Point id="99974">
                <coordinates>73.898035558,15.52873864,0.0</coordinates>
            </Point>
        </Placemark>
        <Placemark id="100008">
            <ExtendedData>
                <Data name="direction">
                    <value>https://maps.google.com?q=15.52441,73.89458&amp;t=h</value>
                </Data>
                <Data name="id">
                    <value>4808</value>
                </Data>
                <Data name="name">
                    <value>Melco</value>
                </Data>
                <Data name="taluka">
                    <value>Tiswadi</value>
                </Data>
                <Data name="syno">
                    <value>159</value>
                </Data>
                <Data name="subdiv">
                    <value>12</value>
                </Data>
                <Data name="village">
                    <value>Navelim</value>
                </Data>
                <Data name="latitude">
                    <value>15.52441</value>
                </Data>
                <Data name="longitude">
                    <value>73.89458</value>
                </Data>
                <Data name="photo_1">
                    <value>DCIM/20230502081854229.jpg</value>
                </Data>
                <Data name="photo_2">
                    <value>DCIM/20230502081859072.jpg</value>
                </Data>
                <Data name="syno_pt_list">
                    <value>159/12</value>
                </Data>
                <Data name="constituency">
                    <value>15 - Cumbarjua</value>
                </Data>
                <Data name="status">
                    <value>Completed</value>
                </Data>
                <Data name="panchayat">
                    <value>Goltim-Navelim</value>
                </Data>
                <Data name="wb_type">
                    <value>Pond</value>
                </Data>
                <Data name="owner_type">
                    <value>Communidade</value>
                </Data>
                <Data name="purpose">
                    <value>Irrigation</value>
                </Data>
                <Data name="construction">
                    <value>Natural</value>
                </Data>
                <Data name="condition">
                    <value>Needs Maintenance</value>
                </Data>
                <Data name="print_order">
                    <value>021</value>
                </Data>
                <Data name="wb_id">
                    <value>Ti/Nave/05</value>
                </Data>
                <Data name="storage_capacity">
                    <value>208.0</value>
                </Data>
                <Data name="wb_surface_id">
                    <value>4389</value>
                </Data>
                <Data name="created_at">
                    <value>2022-05-03 05:28:59.750605</value>
                </Data>
                <Data name="updated_at">
                    <value>2023-07-24 19:23:32.776607</value>
                </Data>
                <Data name="book_id">
                    <value>4</value>
                </Data>
                <Data name="owners">
                    <value>Communidade of Navelim</value>
                </Data>
                <Data name="label_x">
                    <value>996821.0</value>
                </Data>
                <Data name="label_y">
                    <value>1012206.0</value>
                </Data>
            </ExtendedData>
            <Point id="100007">
                <coordinates>73.894575238,15.524410384,0.0</coordinates>
            </Point>
        </Placemark>
        <Placemark id="100041">
            <ExtendedData>
                <Data name="direction">
                    <value>https://maps.google.com?q=15.52034,73.89506&amp;t=h</value>
                </Data>
                <Data name="id">
                    <value>4803</value>
                </Data>
                <Data name="name">
                    <value>Londerem</value>
                </Data>
                <Data name="taluka">
                    <value>Tiswadi</value>
                </Data>
                <Data name="syno">
                    <value>24</value>
                </Data>
                <Data name="subdiv">
                    <value>3</value>
                </Data>
                <Data name="village">
                    <value>Navelim</value>
                </Data>
                <Data name="latitude">
                    <value>15.52034</value>
                </Data>
                <Data name="longitude">
                    <value>73.89506</value>
                </Data>
                <Data name="photo_1">
                    <value>DCIM/20230502075313265.jpg</value>
                </Data>
                <Data name="photo_2">
                    <value>DCIM/20230502075325801.jpg</value>
                </Data>
                <Data name="syno_pt_list">
                    <value>24/2-3</value>
                </Data>
                <Data name="constituency">
                    <value>15 - Cumbarjua</value>
                </Data>
                <Data name="status">
                    <value>Completed</value>
                </Data>
                <Data name="panchayat">
                    <value>Goltim-Navelim</value>
                </Data>
                <Data name="wb_type">
                    <value>Pond</value>
                </Data>
                <Data name="owner_type">
                    <value>Communidade</value>
                </Data>
                <Data name="purpose">
                    <value>Storage</value>
                </Data>
                <Data name="construction">
                    <value>Natural</value>
                </Data>
                <Data name="condition">
                    <value>Dry</value>
                </Data>
                <Data name="print_order">
                    <value>050</value>
                </Data>
                <Data name="wb_id">
                    <value>Ti/Nave/50</value>
                </Data>
                <Data name="storage_capacity">
                    <value>54.0</value>
                </Data>
                <Data name="wb_surface_id">
                    <value>4362</value>
                </Data>
                <Data name="created_at">
                    <value>2022-05-03 05:28:59.750605</value>
                </Data>
                <Data name="updated_at">
                    <value>2023-07-24 19:23:27.748922</value>
                </Data>
                <Data name="book_id">
                    <value>4</value>
                </Data>
                <Data name="owners">
                    <value>Communidade of Navelim</value>
                </Data>
                <Data name="label_x">
                    <value>996821.0</value>
                </Data>
                <Data name="label_y">
                    <value>1008206.0</value>
                </Data>
            </ExtendedData>
            <Point id="100040">
                <coordinates>73.895060209,15.520336177,0.0</coordinates>
            </Point>
        </Placemark>
        <Placemark id="100074">
            <ExtendedData>
                <Data name="direction">
                    <value>https://maps.google.com?q=15.52017,73.89534&amp;t=h</value>
                </Data>
                <Data name="id">
                    <value>4802</value>
                </Data>
                <Data name="name">
                    <value>Londerem</value>
                </Data>
                <Data name="taluka">
                    <value>Tiswadi</value>
                </Data>
                <Data name="syno">
                    <value>24</value>
                </Data>
                <Data name="subdiv">
                    <value>6</value>
                </Data>
                <Data name="village">
                    <value>Navelim</value>
                </Data>
                <Data name="latitude">
                    <value>15.52017</value>
                </Data>
                <Data name="longitude">
                    <value>73.89534</value>
                </Data>
                <Data name="photo_1">
                    <value>DCIM/20230502074845900.jpg</value>
                </Data>
                <Data name="photo_2">
                    <value>DCIM/20230502074909226.jpg</value>
                </Data>
                <Data name="syno_pt_list">
                    <value>24/6</value>
                </Data>
                <Data name="constituency">
                    <value>15 - Cumbarjua</value>
                </Data>
                <Data name="status">
                    <value>Completed</value>
                </Data>
                <Data name="panchayat">
                    <value>Goltim-Navelim</value>
                </Data>
                <Data name="wb_type">
                    <value>Pond</value>
                </Data>
                <Data name="owner_type">
                    <value>Communidade</value>
                </Data>
                <Data name="purpose">
                    <value>Storage</value>
                </Data>
                <Data name="construction">
                    <value>Natural</value>
                </Data>
                <Data name="condition">
                    <value>Dry</value>
                </Data>
                <Data name="print_order">
                    <value>046</value>
                </Data>
                <Data name="wb_id">
                    <value>Ti/Nave/41</value>
                </Data>
                <Data name="storage_capacity">
                    <value>68.0</value>
                </Data>
                <Data name="wb_surface_id">
                    <value>4363</value>
                </Data>
                <Data name="created_at">
                    <value>2022-05-03 05:28:59.750605</value>
                </Data>
                <Data name="updated_at">
                    <value>2023-07-24 19:23:28.370407</value>
                </Data>
                <Data name="book_id">
                    <value>4</value>
                </Data>
                <Data name="owners">
                    <value>Communidade of Navelim</value>
                </Data>
                <Data name="label_x">
                    <value>996821.0</value>
                </Data>
                <Data name="label_y">
                    <value>1008706.0</value>
                </Data>
            </ExtendedData>
            <Point id="100073">
                <coordinates>73.89534287,15.520173803,0.0</coordinates>
            </Point>
        </Placemark>
        <Placemark id="100107">
            <ExtendedData>
                <Data name="direction">
                    <value>https://maps.google.com?q=15.51944,73.89742&amp;t=h</value>
                </Data>
                <Data name="id">
                    <value>4798</value>
                </Data>
                <Data name="name">
                    <value>Samone</value>
                </Data>
                <Data name="taluka">
                    <value>Tiswadi</value>
                </Data>
                <Data name="syno">
                    <value>29</value>
                </Data>
                <Data name="subdiv">
                    <value>5</value>
                </Data>
                <Data name="village">
                    <value>Navelim</value>
                </Data>
                <Data name="latitude">
                    <value>15.51944</value>
                </Data>
                <Data name="longitude">
                    <value>73.89742</value>
                </Data>
                <Data name="photo_1">
                    <value>DCIM/20230504074747014.jpg</value>
                </Data>
                <Data name="photo_2">
                    <value>DCIM/20230504074753083.jpg</value>
                </Data>
                <Data name="syno_pt_list">
                    <value>29/5</value>
                </Data>
                <Data name="constituency">
                    <value>15 - Cumbarjua</value>
                </Data>
                <Data name="status">
                    <value>Completed</value>
                </Data>
                <Data name="panchayat">
                    <value>Goltim-Navelim</value>
                </Data>
                <Data name="wb_type">
                    <value>Pond</value>
                </Data>
                <Data name="owner_type">
                    <value>Communidade</value>
                </Data>
                <Data name="purpose">
                    <value>Irrigation</value>
                </Data>
                <Data name="construction">
                    <value>Natural</value>
                </Data>
                <Data name="condition">
                    <value>Good</value>
                </Data>
                <Data name="print_order">
                    <value>044</value>
                </Data>
                <Data name="wb_id">
                    <value>Ti/Nave/38</value>
                </Data>
                <Data name="storage_capacity">
                    <value>70.0</value>
                </Data>
                <Data name="wb_surface_id">
                    <value>4367</value>
                </Data>
                <Data name="created_at">
                    <value>2022-05-03 05:28:59.750605</value>
                </Data>
                <Data name="updated_at">
                    <value>2023-07-24 19:23:30.609016</value>
                </Data>
                <Data name="book_id">
                    <value>4</value>
                </Data>
                <Data name="owners">
                    <value>Communidade of Navelim</value>
                </Data>
                <Data name="label_x">
                    <value>996821.0</value>
                </Data>
                <Data name="label_y">
                    <value>1010456.0</value>
                </Data>
            </ExtendedData>
            <Point id="100106">
                <coordinates>73.897418087,15.519441419,0.0</coordinates>
            </Point>
        </Placemark>
        <Placemark id="100140">
            <ExtendedData>
                <Data name="direction">
                    <value>https://maps.google.com?q=15.52517,73.89526&amp;t=h</value>
                </Data>
                <Data name="id">
                    <value>4811</value>
                </Data>
                <Data name="name">
                    <value>Melgas</value>
                </Data>
                <Data name="taluka">
                    <value>Tiswadi</value>
                </Data>
                <Data name="syno">
                    <value>166</value>
                </Data>
                <Data name="subdiv">
                    <value>8</value>
                </Data>
                <Data name="village">
                    <value>Navelim</value>
                </Data>
                <Data name="latitude">
                    <value>15.52517</value>
                </Data>
                <Data name="longitude">
                    <value>73.89526</value>
                </Data>
                <Data name="photo_1">
                    <value>DCIM/20230502082118725.jpg</value>
                </Data>
                <Data name="photo_2">
                    <value>DCIM/20230502082124734.jpg</value>
                </Data>
                <Data name="syno_pt_list">
                    <value>166/8</value>
                </Data>
                <Data name="constituency">
                    <value>15 - Cumbarjua</value>
                </Data>
                <Data name="status">
                    <value>Completed</value>
                </Data>
                <Data name="panchayat">
                    <value>Goltim-Navelim</value>
                </Data>
                <Data name="wb_type">
                    <value>Pond</value>
                </Data>
                <Data name="owner_type">
                    <value>Communidade</value>
                </Data>
                <Data name="purpose">
                    <value>Storage</value>
                </Data>
                <Data name="construction">
                    <value>Natural</value>
                </Data>
                <Data name="condition">
                    <value>Dry</value>
                </Data>
                <Data name="print_order">
                    <value>028</value>
                </Data>
                <Data name="wb_id">
                    <value>Ti/Nave/13</value>
                </Data>
                <Data name="storage_capacity">
                    <value>140.0</value>
                </Data>
                <Data name="wb_surface_id">
                    <value>4392</value>
                </Data>
                <Data name="created_at">
                    <value>2022-05-03 05:28:59.750605</value>
                </Data>
                <Data name="updated_at">
                    <value>2023-07-24 19:23:33.695289</value>
                </Data>
                <Data name="book_id">
                    <value>4</value>
                </Data>
                <Data name="owners">
                    <value>Communidade of Navelim</value>
                </Data>
                <Data name="label_x">
                    <value>996821.0</value>
                </Data>
                <Data name="label_y">
                    <value>1012956.0</value>
                </Data>
            </ExtendedData>
            <Point id="100139">
                <coordinates>73.895264468,15.525173835,0.0</coordinates>
            </Point>
        </Placemark>
        <Placemark id="100173">
            <ExtendedData>
                <Data name="direction">
                    <value>https://maps.google.com?q=15.51617,73.89379&amp;t=h</value>
                </Data>
                <Data name="id">
                    <value>6140</value>
                </Data>
                <Data name="name">
                    <value>Samone</value>
                </Data>
                <Data name="taluka">
                    <value>Tiswadi</value>
                </Data>
                <Data name="syno">
                    <value>35</value>
                </Data>
                <Data name="subdiv">
                    <value>1</value>
                </Data>
                <Data name="village">
                    <value>Navelim</value>
                </Data>
                <Data name="latitude">
                    <value>15.51617</value>
                </Data>
                <Data name="longitude">
                    <value>73.89379</value>
                </Data>
                <Data name="photo_1">
                    <value>DCIM/20230502074352459.jpg</value>
                </Data>
                <Data name="photo_2">
                    <value>DCIM/20230502074357302.jpg</value>
                </Data>
                <Data name="constituency">
                    <value>15 - Cumbarjua</value>
                </Data>
                <Data name="status">
                    <value>Completed</value>
                </Data>
                <Data name="panchayat">
                    <value>Goltim-Navelim</value>
                </Data>
                <Data name="wb_type">
                    <value>Tank</value>
                </Data>
                <Data name="owner_type">
                    <value>Communidade</value>
                </Data>
                <Data name="purpose">
                    <value>Irrigation</value>
                </Data>
                <Data name="construction">
                    <value>Natural/Man Made</value>
                </Data>
                <Data name="condition">
                    <value>Good</value>
                </Data>
                <Data name="print_order">
                    <value>106</value>
                </Data>
                <Data name="wb_id">
                    <value>Ti/Nave/23</value>
                </Data>
                <Data name="storage_capacity">
                    <value>92.0</value>
                </Data>
                <Data name="wb_surface_id">
                    <value>5621</value>
                </Data>
                <Data name="created_at">
                    <value>2023-05-02 00:00:00</value>
                </Data>
                <Data name="updated_at">
                    <value>2023-07-24 19:56:13.042700</value>
                </Data>
                <Data name="book_id">
                    <value>4</value>
                </Data>
                <Data name="owners">
                    <value>Communidade of Navelim</value>
                </Data>
                <Data name="label_x">
                    <value>976173.0</value>
                </Data>
                <Data name="label_y">
                    <value>1017690.68332924</value>
                </Data>
            </ExtendedData>
            <Point id="100172">
                <coordinates>73.893785921,15.516172251,0.0</coordinates>
            </Point>
        </Placemark>
    </Document>
</kml>
