<?xml version="1.0" encoding="UTF-8"?>
<kml xmlns="http://www.opengis.net/kml/2.2" xmlns:gx="http://www.google.com/kml/ext/2.2">
    <Document id="26249">
        <Placemark id="26251">
            <ExtendedData>
                <Data name="direction">
                    <value>https://maps.google.com?q=15.7193,73.73183&amp;t=h</value>
                </Data>
                <Data name="id">
                    <value>5961</value>
                </Data>
                <Data name="name">
                    <value>--</value>
                </Data>
                <Data name="taluka">
                    <value>Pernem</value>
                </Data>
                <Data name="syno">
                    <value>0</value>
                </Data>
                <Data name="subdiv">
                    <value>East of 25</value>
                </Data>
                <Data name="village">
                    <value>Paliem</value>
                </Data>
                <Data name="latitude">
                    <value>15.7193</value>
                </Data>
                <Data name="longitude">
                    <value>73.73183</value>
                </Data>
                <Data name="photo_1">
                    <value>DCIM/20230307074630318.jpg</value>
                </Data>
                <Data name="photo_2">
                    <value>DCIM/20230307074653009.jpg</value>
                </Data>
                <Data name="constituency">
                    <value>01 - Mandrem</value>
                </Data>
                <Data name="status">
                    <value>Completed</value>
                </Data>
                <Data name="panchayat">
                    <value>Paliem</value>
                </Data>
                <Data name="wb_type">
                    <value>Tank</value>
                </Data>
                <Data name="owner_type">
                    <value>Public</value>
                </Data>
                <Data name="purpose">
                    <value>Storage</value>
                </Data>
                <Data name="construction">
                    <value>Man Made</value>
                </Data>
                <Data name="condition">
                    <value>Good</value>
                </Data>
                <Data name="print_order">
                    <value>064</value>
                </Data>
                <Data name="wb_id">
                    <value>Pe/Pali/03</value>
                </Data>
                <Data name="storage_capacity">
                    <value>1504.0</value>
                </Data>
                <Data name="wb_surface_id">
                    <value>5417</value>
                </Data>
                <Data name="created_at">
                    <value>2023-03-07 00:00:00</value>
                </Data>
                <Data name="updated_at">
                    <value>2023-07-22 14:08:59.150720</value>
                </Data>
                <Data name="book_id">
                    <value>2</value>
                </Data>
                <Data name="owners">
                    <value>Govt. of Goa</value>
                </Data>
                <Data name="label_x">
                    <value>964317.0</value>
                </Data>
                <Data name="label_y">
                    <value>1041381.66665445</value>
                </Data>
            </ExtendedData>
            <Point id="26250">
                <coordinates>73.731826751,15.719301423,0.0</coordinates>
            </Point>
        </Placemark>
        <Placemark id="26283">
            <ExtendedData>
                <Data name="direction">
                    <value>https://maps.google.com?q=15.70018,73.72579&amp;t=h</value>
                </Data>
                <Data name="id">
                    <value>5783</value>
                </Data>
                <Data name="name">
                    <value>; देवसु</value>
                </Data>
                <Data name="taluka">
                    <value>Pernem</value>
                </Data>
                <Data name="syno">
                    <value>107</value>
                </Data>
                <Data name="subdiv">
                    <value>11</value>
                </Data>
                <Data name="village">
                    <value>Paliem</value>
                </Data>
                <Data name="latitude">
                    <value>15.70018</value>
                </Data>
                <Data name="longitude">
                    <value>73.72579</value>
                </Data>
                <Data name="photo_1">
                    <value>DCIM/20230520093726890.jpg</value>
                </Data>
                <Data name="photo_2">
                    <value>DCIM/20230520093816643.jpg</value>
                </Data>
                <Data name="constituency">
                    <value>01 - Mandrem</value>
                </Data>
                <Data name="status">
                    <value>Completed</value>
                </Data>
                <Data name="panchayat">
                    <value>Paliem</value>
                </Data>
                <Data name="wb_type">
                    <value>Tank</value>
                </Data>
                <Data name="owner_type">
                    <value>Private</value>
                </Data>
                <Data name="purpose">
                    <value>Irrigation</value>
                </Data>
                <Data name="construction">
                    <value>Natural/Man Made</value>
                </Data>
                <Data name="condition">
                    <value>Needs Maintenance</value>
                </Data>
                <Data name="print_order">
                    <value>072</value>
                </Data>
                <Data name="wb_id">
                    <value>Pe/Pali/12</value>
                </Data>
                <Data name="storage_capacity">
                    <value>449.0</value>
                </Data>
                <Data name="wb_surface_id">
                    <value>5586</value>
                </Data>
                <Data name="created_at">
                    <value>2022-10-12 00:00:00</value>
                </Data>
                <Data name="updated_at">
                    <value>2023-07-22 14:03:14.307690</value>
                </Data>
                <Data name="book_id">
                    <value>2</value>
                </Data>
                <Data name="owners">
                    <value>Moreshwar  Ramchandra Kelkar alias Quelcar
बाळकृष्ण  चिंतामण  भट  दांडेकर  12
मंगेश  वामन  आंबये  12
रघुराज  वासुदेव  देशप्रभू  12
श्रीपाद  गणेश  केळकर  12</value>
                </Data>
                <Data name="label_x">
                    <value>964317.0</value>
                </Data>
                <Data name="label_y">
                    <value>1030281.66665445</value>
                </Data>
            </ExtendedData>
            <Point id="26282">
                <coordinates>73.725792536,15.700178773,0.0</coordinates>
            </Point>
        </Placemark>
        <Placemark id="26315">
            <ExtendedData>
                <Data name="direction">
                    <value>https://maps.google.com?q=15.70481,73.71832&amp;t=h</value>
                </Data>
                <Data name="id">
                    <value>5974</value>
                </Data>
                <Data name="name">
                    <value>ताळघर घरभरड</value>
                </Data>
                <Data name="taluka">
                    <value>Pernem</value>
                </Data>
                <Data name="syno">
                    <value>167</value>
                </Data>
                <Data name="subdiv">
                    <value>1</value>
                </Data>
                <Data name="village">
                    <value>Paliem</value>
                </Data>
                <Data name="latitude">
                    <value>15.70481</value>
                </Data>
                <Data name="longitude">
                    <value>73.71832</value>
                </Data>
                <Data name="photo_1">
                    <value>DCIM/20230307123128916.jpg</value>
                </Data>
                <Data name="photo_2">
                    <value>DCIM/20230307123139829.jpg</value>
                </Data>
                <Data name="constituency">
                    <value>01 - Mandrem</value>
                </Data>
                <Data name="status">
                    <value>Completed</value>
                </Data>
                <Data name="panchayat">
                    <value>Paliem</value>
                </Data>
                <Data name="wb_type">
                    <value>Tank</value>
                </Data>
                <Data name="owner_type">
                    <value>Private / Public</value>
                </Data>
                <Data name="purpose">
                    <value>Storage</value>
                </Data>
                <Data name="construction">
                    <value>Man Made</value>
                </Data>
                <Data name="condition">
                    <value>Needs Maintenance</value>
                </Data>
                <Data name="print_order">
                    <value>063</value>
                </Data>
                <Data name="wb_id">
                    <value>Pe/Pali/02</value>
                </Data>
                <Data name="storage_capacity">
                    <value>2795.0</value>
                </Data>
                <Data name="wb_surface_id">
                    <value>5424</value>
                </Data>
                <Data name="created_at">
                    <value>2023-03-07 00:00:00</value>
                </Data>
                <Data name="updated_at">
                    <value>2023-07-22 14:03:14.307690</value>
                </Data>
                <Data name="book_id">
                    <value>2</value>
                </Data>
                <Data name="owners">
                    <value>Lata Lavu Parab
Radha Sainath  Parab
Sadanand Lavu Parab
Sainath Lavu Parab
Sanika Sadanand Parab
अर्जून  पांडूरंग  परब
एक्झीकिटीव्ह  इंजीनीअर  बांधकाम  खाते  विभाग  न  -17  P.H.E-(अ)  सार्वजनीक  बांधकाम  रवाते  725  चौ.मी.
कृष्णा  लाडू  परब
केशव  शिवा  परब
गोपाळ  बाबली  परब
गोपाळ  लक्ष्मण  परब
जगन्नाथ  केशव  परब
जयराम  गणेश  परब
तुकाराम  गोपाळ  परब
तुकाराम  भिवा  परब
नारायण  गणपत  परब
पुरुषोत्तम  कृष्णा  परब
मनोहर  दत्ताराम  परब
यशवंत  काळू  परब
यशवंत  कृष्मा  परब
विठ्ठल  कुसे  परब
विश्र्वनाथ  बुदे  परब
विष्णू  लाडू  परब
सखाराम  भिवा  परब</value>
                </Data>
                <Data name="label_x">
                    <value>964317.0</value>
                </Data>
                <Data name="label_y">
                    <value>1032681.66665445</value>
                </Data>
            </ExtendedData>
            <Point id="26314">
                <coordinates>73.718321955,15.704812448,0.0</coordinates>
            </Point>
        </Placemark>
        <Placemark id="26347">
            <ExtendedData>
                <Data name="direction">
                    <value>https://maps.google.com?q=15.71067,73.72541&amp;t=h</value>
                </Data>
                <Data name="id">
                    <value>5089</value>
                </Data>
                <Data name="name">
                    <value>Ganesh Kond Tank; भोवाडा</value>
                </Data>
                <Data name="taluka">
                    <value>Pernem</value>
                </Data>
                <Data name="syno">
                    <value>45</value>
                </Data>
                <Data name="subdiv">
                    <value>74</value>
                </Data>
                <Data name="village">
                    <value>Paliem</value>
                </Data>
                <Data name="latitude">
                    <value>15.71067</value>
                </Data>
                <Data name="longitude">
                    <value>73.72541</value>
                </Data>
                <Data name="photo_1">
                    <value>DCIM/20230307095501668.jpg</value>
                </Data>
                <Data name="photo_2">
                    <value>DCIM/20230307095518794.jpg</value>
                </Data>
                <Data name="syno_pt_list">
                    <value>44/1; 45/74</value>
                </Data>
                <Data name="constituency">
                    <value>01 - Mandrem</value>
                </Data>
                <Data name="status">
                    <value>Completed</value>
                </Data>
                <Data name="panchayat">
                    <value>Paliem</value>
                </Data>
                <Data name="wb_type">
                    <value>Temple Tank</value>
                </Data>
                <Data name="owner_type">
                    <value>Private</value>
                </Data>
                <Data name="purpose">
                    <value>Storage</value>
                </Data>
                <Data name="construction">
                    <value>Man Made</value>
                </Data>
                <Data name="condition">
                    <value>Good</value>
                </Data>
                <Data name="print_order">
                    <value>047</value>
                </Data>
                <Data name="wb_id">
                    <value>Pe/Pali/08</value>
                </Data>
                <Data name="storage_capacity">
                    <value>796.0</value>
                </Data>
                <Data name="wb_surface_id">
                    <value>3975</value>
                </Data>
                <Data name="created_at">
                    <value>2022-07-04 09:30:58.555385</value>
                </Data>
                <Data name="updated_at">
                    <value>2023-07-22 14:03:14.307690</value>
                </Data>
                <Data name="book_id">
                    <value>2</value>
                </Data>
                <Data name="owners">
                    <value>रघूराज  वासूदेव  देशप्रभू</value>
                </Data>
                <Data name="label_x">
                    <value>964317.0</value>
                </Data>
                <Data name="label_y">
                    <value>1035381.66665445</value>
                </Data>
            </ExtendedData>
            <Point id="26346">
                <coordinates>73.725409399,15.710673595,0.0</coordinates>
            </Point>
        </Placemark>
        <Placemark id="26380">
            <ExtendedData>
                <Data name="direction">
                    <value>https://maps.google.com?q=15.71176,73.72673&amp;t=h</value>
                </Data>
                <Data name="id">
                    <value>5104</value>
                </Data>
                <Data name="name">
                    <value>बागायत सरपत मळी</value>
                </Data>
                <Data name="taluka">
                    <value>Pernem</value>
                </Data>
                <Data name="syno">
                    <value>44</value>
                </Data>
                <Data name="subdiv">
                    <value>1</value>
                </Data>
                <Data name="village">
                    <value>Paliem</value>
                </Data>
                <Data name="latitude">
                    <value>15.71176</value>
                </Data>
                <Data name="longitude">
                    <value>73.72673</value>
                </Data>
                <Data name="photo_1">
                    <value>DCIM/20230307094530924.jpg</value>
                </Data>
                <Data name="photo_2">
                    <value>DCIM/20230307094600371.jpg</value>
                </Data>
                <Data name="syno_pt_list">
                    <value>44/1-D</value>
                </Data>
                <Data name="constituency">
                    <value>01 - Mandrem</value>
                </Data>
                <Data name="status">
                    <value>Completed</value>
                </Data>
                <Data name="panchayat">
                    <value>Paliem</value>
                </Data>
                <Data name="wb_type">
                    <value>Pond</value>
                </Data>
                <Data name="owner_type">
                    <value>Private</value>
                </Data>
                <Data name="purpose">
                    <value>Storage</value>
                </Data>
                <Data name="construction">
                    <value>Natural</value>
                </Data>
                <Data name="condition">
                    <value>Needs Maintenance</value>
                </Data>
                <Data name="print_order">
                    <value>006</value>
                </Data>
                <Data name="wb_id">
                    <value>Pe/Pali/23</value>
                </Data>
                <Data name="storage_capacity">
                    <value>147.0</value>
                </Data>
                <Data name="wb_surface_id">
                    <value>3989</value>
                </Data>
                <Data name="created_at">
                    <value>2022-07-04 09:38:18.492063</value>
                </Data>
                <Data name="updated_at">
                    <value>2023-07-22 14:03:14.307690</value>
                </Data>
                <Data name="book_id">
                    <value>2</value>
                </Data>
                <Data name="owners">
                    <value>1.Shripad  Raghunath  Naik  Bandivadekar.
10.  Bhalchandra  Raghunath  Naik  Bandivadekar
11.Sharmila  Bhalchandra  Naik  Bandivadekare
2.  Kumud  Shripad  NaikBandivadekar.
3.  Gurudas  Raghunath  Naik  Bandivadekar.
4.Jyoti  Gurudas  Naik  Bandivadekar
5.Shantibai  Raghunath  Naik  Bandivadekar
6.  Narayan  alias  Prakash  Raghunath  Naik  Bandivadekar
7.Sulan  Narayan  Naik  Bandivadekar
8.  Suhas  alias  Deepak  Raghunath  Naik  Bandivadekar
9.Milan  Suhas  Naik  Bandivadekar
Anant Jagannath Chari
Anil Sagun Chari
Ashok Vasu Gawandi
Bhikaji Sagun Chari
Eknath Sagun Chari
Gurudas Mohan Chari
SMITA SHAMSUNDAR MANDREKAR
VINAYAK DYNESHWAR PEDNEKAR</value>
                </Data>
                <Data name="label_x">
                    <value>964317.0</value>
                </Data>
                <Data name="label_y">
                    <value>1035981.66665445</value>
                </Data>
            </ExtendedData>
            <Point id="26379">
                <coordinates>73.726725265,15.7117568,0.0</coordinates>
            </Point>
        </Placemark>
        <Placemark id="26413">
            <ExtendedData>
                <Data name="direction">
                    <value>https://maps.google.com?q=15.71227,73.72859&amp;t=h</value>
                </Data>
                <Data name="id">
                    <value>5099</value>
                </Data>
                <Data name="name">
                    <value>शिरपुढ्याचे आरव भंडारवाडा जवळ</value>
                </Data>
                <Data name="taluka">
                    <value>Pernem</value>
                </Data>
                <Data name="syno">
                    <value>34</value>
                </Data>
                <Data name="subdiv">
                    <value>70</value>
                </Data>
                <Data name="village">
                    <value>Paliem</value>
                </Data>
                <Data name="latitude">
                    <value>15.71227</value>
                </Data>
                <Data name="longitude">
                    <value>73.72859</value>
                </Data>
                <Data name="photo_1">
                    <value>DCIM/20230307083517555.jpg</value>
                </Data>
                <Data name="photo_2">
                    <value>DCIM/20230307083545419.jpg</value>
                </Data>
                <Data name="syno_pt_list">
                    <value>33/3; 34/70; 43/1,7</value>
                </Data>
                <Data name="constituency">
                    <value>01 - Mandrem</value>
                </Data>
                <Data name="status">
                    <value>Completed</value>
                </Data>
                <Data name="panchayat">
                    <value>Paliem</value>
                </Data>
                <Data name="wb_type">
                    <value>Tank</value>
                </Data>
                <Data name="owner_type">
                    <value>Private</value>
                </Data>
                <Data name="purpose">
                    <value>Irrigation</value>
                </Data>
                <Data name="construction">
                    <value>Man Made</value>
                </Data>
                <Data name="condition">
                    <value>Good</value>
                </Data>
                <Data name="print_order">
                    <value>071</value>
                </Data>
                <Data name="wb_id">
                    <value>Pe/Pali/11</value>
                </Data>
                <Data name="storage_capacity">
                    <value>500.0</value>
                </Data>
                <Data name="wb_surface_id">
                    <value>3982</value>
                </Data>
                <Data name="created_at">
                    <value>2022-07-04 09:36:36.595981</value>
                </Data>
                <Data name="updated_at">
                    <value>2023-07-22 14:03:14.307690</value>
                </Data>
                <Data name="book_id">
                    <value>2</value>
                </Data>
                <Data name="owners">
                    <value>विष्णु  गणेश  देशप्रभू</value>
                </Data>
                <Data name="label_x">
                    <value>964317.0</value>
                </Data>
                <Data name="label_y">
                    <value>1036281.66665445</value>
                </Data>
            </ExtendedData>
            <Point id="26412">
                <coordinates>73.728586293,15.712267994,0.0</coordinates>
            </Point>
        </Placemark>
        <Placemark id="26446">
            <ExtendedData>
                <Data name="direction">
                    <value>https://maps.google.com?q=15.71463,73.73045&amp;t=h</value>
                </Data>
                <Data name="id">
                    <value>5965</value>
                </Data>
                <Data name="name">
                    <value>आगर्‍याचे आख भंडारवाडा जवळ</value>
                </Data>
                <Data name="taluka">
                    <value>Pernem</value>
                </Data>
                <Data name="syno">
                    <value>35</value>
                </Data>
                <Data name="subdiv">
                    <value>14,15</value>
                </Data>
                <Data name="village">
                    <value>Paliem</value>
                </Data>
                <Data name="latitude">
                    <value>15.71463</value>
                </Data>
                <Data name="longitude">
                    <value>73.73045</value>
                </Data>
                <Data name="photo_1">
                    <value>DCIM/20230307082608321.jpg</value>
                </Data>
                <Data name="photo_2">
                    <value>DCIM/20230307082622204.jpg</value>
                </Data>
                <Data name="constituency">
                    <value>01 - Mandrem</value>
                </Data>
                <Data name="status">
                    <value>Completed</value>
                </Data>
                <Data name="panchayat">
                    <value>Paliem</value>
                </Data>
                <Data name="wb_type">
                    <value>Tank</value>
                </Data>
                <Data name="owner_type">
                    <value>Private</value>
                </Data>
                <Data name="purpose">
                    <value>Irrigation</value>
                </Data>
                <Data name="construction">
                    <value>Man Made</value>
                </Data>
                <Data name="condition">
                    <value>Good</value>
                </Data>
                <Data name="print_order">
                    <value>078</value>
                </Data>
                <Data name="wb_id">
                    <value>Pe/Pali/18</value>
                </Data>
                <Data name="storage_capacity">
                    <value>258.0</value>
                </Data>
                <Data name="wb_surface_id">
                    <value>5419</value>
                </Data>
                <Data name="created_at">
                    <value>2023-03-07 00:00:00</value>
                </Data>
                <Data name="updated_at">
                    <value>2023-07-22 14:03:14.307690</value>
                </Data>
                <Data name="book_id">
                    <value>2</value>
                </Data>
                <Data name="owners">
                    <value>रघुराज  वासुदेव  देशप्रभू</value>
                </Data>
                <Data name="label_x">
                    <value>964317.0</value>
                </Data>
                <Data name="label_y">
                    <value>1039281.66665445</value>
                </Data>
            </ExtendedData>
            <Point id="26445">
                <coordinates>73.73045,15.714631667,0.0</coordinates>
            </Point>
        </Placemark>
        <Placemark id="26478">
            <ExtendedData>
                <Data name="direction">
                    <value>https://maps.google.com?q=15.70682,73.72153&amp;t=h</value>
                </Data>
                <Data name="id">
                    <value>2847</value>
                </Data>
                <Data name="name">
                    <value>Shirkan Tali; सिरखंड</value>
                </Data>
                <Data name="taluka">
                    <value>Pernem</value>
                </Data>
                <Data name="syno">
                    <value>7</value>
                </Data>
                <Data name="subdiv">
                    <value>4</value>
                </Data>
                <Data name="village">
                    <value>Paliem</value>
                </Data>
                <Data name="latitude">
                    <value>15.70682</value>
                </Data>
                <Data name="longitude">
                    <value>73.72153</value>
                </Data>
                <Data name="photo_1">
                    <value>DCIM/20230307103923058.jpg</value>
                </Data>
                <Data name="photo_2">
                    <value>DCIM/20230307103938843.jpg</value>
                </Data>
                <Data name="syno_pt_list">
                    <value>7/4-5</value>
                </Data>
                <Data name="constituency">
                    <value>01 - Mandrem</value>
                </Data>
                <Data name="status">
                    <value>Completed</value>
                </Data>
                <Data name="panchayat">
                    <value>Paliem</value>
                </Data>
                <Data name="wb_type">
                    <value>Tank</value>
                </Data>
                <Data name="owner_type">
                    <value>Private</value>
                </Data>
                <Data name="purpose">
                    <value>Irrigation</value>
                </Data>
                <Data name="construction">
                    <value>Man Made</value>
                </Data>
                <Data name="condition">
                    <value>Good</value>
                </Data>
                <Data name="print_order">
                    <value>066</value>
                </Data>
                <Data name="wb_id">
                    <value>Pe/Pali/05</value>
                </Data>
                <Data name="storage_capacity">
                    <value>1130.0</value>
                </Data>
                <Data name="wb_surface_id">
                    <value>3427</value>
                </Data>
                <Data name="created_at">
                    <value>2020-04-24 20:08:35</value>
                </Data>
                <Data name="updated_at">
                    <value>2023-07-22 14:03:14.307690</value>
                </Data>
                <Data name="book_id">
                    <value>2</value>
                </Data>
                <Data name="owners">
                    <value>रघुराज  वासुदेव  देशप्रभू</value>
                </Data>
                <Data name="label_x">
                    <value>964317.0</value>
                </Data>
                <Data name="label_y">
                    <value>1033281.66665445</value>
                </Data>
            </ExtendedData>
            <Point id="26477">
                <coordinates>73.721533059,15.706821991,0.0</coordinates>
            </Point>
        </Placemark>
        <Placemark id="26511">
            <ExtendedData>
                <Data name="direction">
                    <value>https://maps.google.com?q=15.71181,73.72954&amp;t=h</value>
                </Data>
                <Data name="id">
                    <value>5102</value>
                </Data>
                <Data name="name">
                    <value>विसभट बागायत</value>
                </Data>
                <Data name="taluka">
                    <value>Pernem</value>
                </Data>
                <Data name="syno">
                    <value>33</value>
                </Data>
                <Data name="subdiv">
                    <value>2-A</value>
                </Data>
                <Data name="village">
                    <value>Paliem</value>
                </Data>
                <Data name="latitude">
                    <value>15.71181</value>
                </Data>
                <Data name="longitude">
                    <value>73.72954</value>
                </Data>
                <Data name="photo_1">
                    <value>DCIM/20230307092755757.jpg</value>
                </Data>
                <Data name="photo_2">
                    <value>DCIM/20230307092821238.jpg</value>
                </Data>
                <Data name="syno_pt_list">
                    <value>33/2-A</value>
                </Data>
                <Data name="constituency">
                    <value>01 - Mandrem</value>
                </Data>
                <Data name="status">
                    <value>Completed</value>
                </Data>
                <Data name="panchayat">
                    <value>Paliem</value>
                </Data>
                <Data name="wb_type">
                    <value>Pond</value>
                </Data>
                <Data name="owner_type">
                    <value>Private</value>
                </Data>
                <Data name="purpose">
                    <value>Irrigation</value>
                </Data>
                <Data name="construction">
                    <value>Natural/Man Made</value>
                </Data>
                <Data name="condition">
                    <value>Good</value>
                </Data>
                <Data name="print_order">
                    <value>009</value>
                </Data>
                <Data name="wb_id">
                    <value>Pe/Pali/30</value>
                </Data>
                <Data name="storage_capacity">
                    <value>42.0</value>
                </Data>
                <Data name="wb_surface_id">
                    <value>3987</value>
                </Data>
                <Data name="created_at">
                    <value>2022-07-04 09:37:44.820013</value>
                </Data>
                <Data name="updated_at">
                    <value>2023-07-22 14:03:14.307690</value>
                </Data>
                <Data name="book_id">
                    <value>2</value>
                </Data>
                <Data name="owners">
                    <value>Dhanashree Dnyaneshwar  Subhaji
JANARDHAN  MAHADEV  BHAT
SULOCHANA SURESH BARDE
Srinee Sujay Gokarnkar</value>
                </Data>
                <Data name="label_x">
                    <value>964317.0</value>
                </Data>
                <Data name="label_y">
                    <value>1033881.66665445</value>
                </Data>
            </ExtendedData>
            <Point id="26510">
                <coordinates>73.729538153,15.711813489,0.0</coordinates>
            </Point>
        </Placemark>
        <Placemark id="26544">
            <ExtendedData>
                <Data name="direction">
                    <value>https://maps.google.com?q=15.71432,73.73044&amp;t=h</value>
                </Data>
                <Data name="id">
                    <value>5105</value>
                </Data>
                <Data name="name">
                    <value>Sirputyachi Tank</value>
                </Data>
                <Data name="taluka">
                    <value>Pernem</value>
                </Data>
                <Data name="syno">
                    <value>29</value>
                </Data>
                <Data name="subdiv">
                    <value>65</value>
                </Data>
                <Data name="village">
                    <value>Paliem</value>
                </Data>
                <Data name="latitude">
                    <value>15.71432</value>
                </Data>
                <Data name="longitude">
                    <value>73.73044</value>
                </Data>
                <Data name="photo_1">
                    <value>DCIM/20230307082520602.jpg</value>
                </Data>
                <Data name="photo_2">
                    <value>DCIM/20230307082753201.jpg</value>
                </Data>
                <Data name="syno_pt_list">
                    <value>29/65; 33/1-B,1-C,1-D</value>
                </Data>
                <Data name="constituency">
                    <value>01 - Mandrem</value>
                </Data>
                <Data name="status">
                    <value>Completed</value>
                </Data>
                <Data name="panchayat">
                    <value>Paliem</value>
                </Data>
                <Data name="wb_type">
                    <value>Tank</value>
                </Data>
                <Data name="owner_type">
                    <value>Public</value>
                </Data>
                <Data name="purpose">
                    <value>Irrigation</value>
                </Data>
                <Data name="construction">
                    <value>Man Made</value>
                </Data>
                <Data name="condition">
                    <value>Good</value>
                </Data>
                <Data name="print_order">
                    <value>068</value>
                </Data>
                <Data name="wb_id">
                    <value>Pe/Pali/07</value>
                </Data>
                <Data name="storage_capacity">
                    <value>887.0</value>
                </Data>
                <Data name="wb_surface_id">
                    <value>3990</value>
                </Data>
                <Data name="created_at">
                    <value>2022-07-04 09:38:53.451256</value>
                </Data>
                <Data name="updated_at">
                    <value>2023-07-22 14:03:14.307690</value>
                </Data>
                <Data name="book_id">
                    <value>2</value>
                </Data>
                <Data name="owners">
                    <value>Govt. of Goa</value>
                </Data>
                <Data name="label_x">
                    <value>964317.0</value>
                </Data>
                <Data name="label_y">
                    <value>1038381.66665445</value>
                </Data>
            </ExtendedData>
            <Point id="26543">
                <coordinates>73.730440855,15.714317283,0.0</coordinates>
            </Point>
        </Placemark>
        <Placemark id="26577">
            <ExtendedData>
                <Data name="direction">
                    <value>https://maps.google.com?q=15.71864,73.73142&amp;t=h</value>
                </Data>
                <Data name="id">
                    <value>5963</value>
                </Data>
                <Data name="name">
                    <value>भंडारवाडा</value>
                </Data>
                <Data name="taluka">
                    <value>Pernem</value>
                </Data>
                <Data name="syno">
                    <value>29</value>
                </Data>
                <Data name="subdiv">
                    <value>1</value>
                </Data>
                <Data name="village">
                    <value>Paliem</value>
                </Data>
                <Data name="latitude">
                    <value>15.71864</value>
                </Data>
                <Data name="longitude">
                    <value>73.73142</value>
                </Data>
                <Data name="photo_1">
                    <value>DCIM/20230307075321438.jpg</value>
                </Data>
                <Data name="photo_2">
                    <value>DCIM/20230307075336448.jpg</value>
                </Data>
                <Data name="constituency">
                    <value>01 - Mandrem</value>
                </Data>
                <Data name="status">
                    <value>Completed</value>
                </Data>
                <Data name="panchayat">
                    <value>Paliem</value>
                </Data>
                <Data name="wb_type">
                    <value>Pond</value>
                </Data>
                <Data name="owner_type">
                    <value>Private</value>
                </Data>
                <Data name="purpose">
                    <value>Irrigation</value>
                </Data>
                <Data name="construction">
                    <value>Natural/Man Made</value>
                </Data>
                <Data name="condition">
                    <value>Good</value>
                </Data>
                <Data name="print_order">
                    <value>008</value>
                </Data>
                <Data name="wb_id">
                    <value>Pe/Pali/29</value>
                </Data>
                <Data name="storage_capacity">
                    <value>47.0</value>
                </Data>
                <Data name="wb_surface_id">
                    <value>5518</value>
                </Data>
                <Data name="created_at">
                    <value>2023-03-07 00:00:00</value>
                </Data>
                <Data name="updated_at">
                    <value>2023-07-22 14:03:14.307690</value>
                </Data>
                <Data name="book_id">
                    <value>2</value>
                </Data>
                <Data name="owners">
                    <value>रघूराज  वासूदेव  देशप्रभू</value>
                </Data>
                <Data name="label_x">
                    <value>964317.0</value>
                </Data>
                <Data name="label_y">
                    <value>1040781.66665445</value>
                </Data>
            </ExtendedData>
            <Point id="26576">
                <coordinates>73.731418333,15.71864,0.0</coordinates>
            </Point>
        </Placemark>
        <Placemark id="26609">
            <ExtendedData>
                <Data name="direction">
                    <value>https://maps.google.com?q=15.71875,73.73155&amp;t=h</value>
                </Data>
                <Data name="id">
                    <value>5962</value>
                </Data>
                <Data name="name">
                    <value>भंडारवाडा</value>
                </Data>
                <Data name="taluka">
                    <value>Pernem</value>
                </Data>
                <Data name="syno">
                    <value>29</value>
                </Data>
                <Data name="subdiv">
                    <value>1</value>
                </Data>
                <Data name="village">
                    <value>Paliem</value>
                </Data>
                <Data name="latitude">
                    <value>15.71875</value>
                </Data>
                <Data name="longitude">
                    <value>73.73155</value>
                </Data>
                <Data name="photo_1">
                    <value>DCIM/20230307075204171.jpg</value>
                </Data>
                <Data name="photo_2">
                    <value>DCIM/20230307075218697.jpg</value>
                </Data>
                <Data name="constituency">
                    <value>01 - Mandrem</value>
                </Data>
                <Data name="status">
                    <value>Completed</value>
                </Data>
                <Data name="panchayat">
                    <value>Paliem</value>
                </Data>
                <Data name="wb_type">
                    <value>Pond</value>
                </Data>
                <Data name="owner_type">
                    <value>Private</value>
                </Data>
                <Data name="purpose">
                    <value>Irrigation</value>
                </Data>
                <Data name="construction">
                    <value>Natural</value>
                </Data>
                <Data name="condition">
                    <value>Needs Maintenance</value>
                </Data>
                <Data name="print_order">
                    <value>007</value>
                </Data>
                <Data name="wb_id">
                    <value>Pe/Pali/25</value>
                </Data>
                <Data name="storage_capacity">
                    <value>116.0</value>
                </Data>
                <Data name="wb_surface_id">
                    <value>5519</value>
                </Data>
                <Data name="created_at">
                    <value>2023-03-07 00:00:00</value>
                </Data>
                <Data name="updated_at">
                    <value>2023-07-22 14:03:14.307690</value>
                </Data>
                <Data name="book_id">
                    <value>2</value>
                </Data>
                <Data name="owners">
                    <value>रघूराज  वासूदेव  देशप्रभू</value>
                </Data>
                <Data name="label_x">
                    <value>964317.0</value>
                </Data>
                <Data name="label_y">
                    <value>1041081.66665445</value>
                </Data>
            </ExtendedData>
            <Point id="26608">
                <coordinates>73.731551843,15.718754652,0.0</coordinates>
            </Point>
        </Placemark>
        <Placemark id="26641">
            <ExtendedData>
                <Data name="direction">
                    <value>https://maps.google.com?q=15.71208,73.71986&amp;t=h</value>
                </Data>
                <Data name="id">
                    <value>5970</value>
                </Data>
                <Data name="name">
                    <value>Government Tank; मिरजल</value>
                </Data>
                <Data name="taluka">
                    <value>Pernem</value>
                </Data>
                <Data name="syno">
                    <value>242</value>
                </Data>
                <Data name="subdiv">
                    <value>0</value>
                </Data>
                <Data name="village">
                    <value>Paliem</value>
                </Data>
                <Data name="latitude">
                    <value>15.71208</value>
                </Data>
                <Data name="longitude">
                    <value>73.71986</value>
                </Data>
                <Data name="photo_1">
                    <value>DCIM/20230307114933135.jpg</value>
                </Data>
                <Data name="photo_2">
                    <value>DCIM/20230307115001126.jpg</value>
                </Data>
                <Data name="constituency">
                    <value>01 - Mandrem</value>
                </Data>
                <Data name="status">
                    <value>Completed</value>
                </Data>
                <Data name="panchayat">
                    <value>Paliem</value>
                </Data>
                <Data name="wb_type">
                    <value>Tank</value>
                </Data>
                <Data name="owner_type">
                    <value>Private</value>
                </Data>
                <Data name="purpose">
                    <value>Irrigation</value>
                </Data>
                <Data name="construction">
                    <value>Man Made</value>
                </Data>
                <Data name="condition">
                    <value>Good</value>
                </Data>
                <Data name="print_order">
                    <value>081</value>
                </Data>
                <Data name="wb_id">
                    <value>Pe/Pali/24</value>
                </Data>
                <Data name="storage_capacity">
                    <value>117.0</value>
                </Data>
                <Data name="wb_surface_id">
                    <value>5421</value>
                </Data>
                <Data name="created_at">
                    <value>2023-03-07 00:00:00</value>
                </Data>
                <Data name="updated_at">
                    <value>2023-07-22 14:03:14.307690</value>
                </Data>
                <Data name="book_id">
                    <value>2</value>
                </Data>
                <Data name="owners">
                    <value>उत्तम  जिवबा  परब  340  चौ.  मिटर  (पुरती)
केशव  शिवा  परब  0.09
गोपाळ  लक्ष्मण  परब  0.04
जयराम  गणेश  परब  0.03
जानकी  राघोबा  परब  0.10
जिवबा  गणेश  परब  0.03
तुकाराम  बाबली  परब  0.01
दत्ता  रावजी  परब  0.04
नामदेव  शंकर  परब  0.08  आत्मा  बाबली  परब
पुरुषोत्तम  कृष्णा  परब  0.06
महादेव  गणेश  परब  0.04
यशवंत  कृष्णा  परब  0.06
रघुराज  वासुदेव  देशप्रभू  0.25
रामा  देवू  परब  0.05
लवू  धर्मा  परब  0.02
वासू  बाबली  परब  0.05
शांताराम  बाबली  परब  0.01
सदाशिव  कानोबा  परब  0.02  अंकुश  धर्मा  परब
हनुमंत  पुंडलिक  परब  0.02</value>
                </Data>
                <Data name="label_x">
                    <value>964317.0</value>
                </Data>
                <Data name="label_y">
                    <value>1036581.66665445</value>
                </Data>
            </ExtendedData>
            <Point id="26640">
                <coordinates>73.71986199,15.712082978,0.0</coordinates>
            </Point>
        </Placemark>
        <Placemark id="26673">
            <ExtendedData>
                <Data name="direction">
                    <value>https://maps.google.com?q=15.71341,73.72986&amp;t=h</value>
                </Data>
                <Data name="id">
                    <value>5097</value>
                </Data>
                <Data name="name">
                    <value>शिरपुढ्याचे आरव भंडारवाडा जवळ</value>
                </Data>
                <Data name="taluka">
                    <value>Pernem</value>
                </Data>
                <Data name="syno">
                    <value>34</value>
                </Data>
                <Data name="subdiv">
                    <value>72</value>
                </Data>
                <Data name="village">
                    <value>Paliem</value>
                </Data>
                <Data name="latitude">
                    <value>15.71341</value>
                </Data>
                <Data name="longitude">
                    <value>73.72986</value>
                </Data>
                <Data name="photo_1">
                    <value>DCIM/20230307082944779.jpg</value>
                </Data>
                <Data name="photo_2">
                    <value>DCIM/20230307083105815.jpg</value>
                </Data>
                <Data name="syno_pt_list">
                    <value>33/1-A; 34/72</value>
                </Data>
                <Data name="constituency">
                    <value>01 - Mandrem</value>
                </Data>
                <Data name="status">
                    <value>Completed</value>
                </Data>
                <Data name="panchayat">
                    <value>Paliem</value>
                </Data>
                <Data name="wb_type">
                    <value>Tank</value>
                </Data>
                <Data name="owner_type">
                    <value>Private</value>
                </Data>
                <Data name="purpose">
                    <value>Irrigation</value>
                </Data>
                <Data name="construction">
                    <value>Man Made</value>
                </Data>
                <Data name="condition">
                    <value>Good</value>
                </Data>
                <Data name="print_order">
                    <value>067</value>
                </Data>
                <Data name="wb_id">
                    <value>Pe/Pali/06</value>
                </Data>
                <Data name="storage_capacity">
                    <value>1038.0</value>
                </Data>
                <Data name="wb_surface_id">
                    <value>3985</value>
                </Data>
                <Data name="created_at">
                    <value>2022-07-04 09:36:36.595981</value>
                </Data>
                <Data name="updated_at">
                    <value>2023-07-22 14:03:14.307690</value>
                </Data>
                <Data name="book_id">
                    <value>2</value>
                </Data>
                <Data name="owners">
                    <value>रघूराज  वासूदेव  देशप्रभू</value>
                </Data>
                <Data name="label_x">
                    <value>964317.0</value>
                </Data>
                <Data name="label_y">
                    <value>1038081.66665445</value>
                </Data>
            </ExtendedData>
            <Point id="26672">
                <coordinates>73.729862537,15.713406634,0.0</coordinates>
            </Point>
        </Placemark>
        <Placemark id="26706">
            <ExtendedData>
                <Data name="direction">
                    <value>https://maps.google.com?q=15.71822,73.73113&amp;t=h</value>
                </Data>
                <Data name="id">
                    <value>5107</value>
                </Data>
                <Data name="name">
                    <value>Madyacho Aakh; भंडारवाडा</value>
                </Data>
                <Data name="taluka">
                    <value>Pernem</value>
                </Data>
                <Data name="syno">
                    <value>29</value>
                </Data>
                <Data name="subdiv">
                    <value>1</value>
                </Data>
                <Data name="village">
                    <value>Paliem</value>
                </Data>
                <Data name="latitude">
                    <value>15.71822</value>
                </Data>
                <Data name="longitude">
                    <value>73.73113</value>
                </Data>
                <Data name="photo_1">
                    <value>DCIM/20230307075429935.jpg</value>
                </Data>
                <Data name="photo_2">
                    <value>DCIM/20230307075504488.jpg</value>
                </Data>
                <Data name="syno_pt_list">
                    <value>29/1</value>
                </Data>
                <Data name="constituency">
                    <value>01 - Mandrem</value>
                </Data>
                <Data name="status">
                    <value>Completed</value>
                </Data>
                <Data name="panchayat">
                    <value>Paliem</value>
                </Data>
                <Data name="wb_type">
                    <value>Tank</value>
                </Data>
                <Data name="owner_type">
                    <value>Private</value>
                </Data>
                <Data name="purpose">
                    <value>Irrigation</value>
                </Data>
                <Data name="construction">
                    <value>Man Made</value>
                </Data>
                <Data name="condition">
                    <value>Good</value>
                </Data>
                <Data name="print_order">
                    <value>073</value>
                </Data>
                <Data name="wb_id">
                    <value>Pe/Pali/13</value>
                </Data>
                <Data name="storage_capacity">
                    <value>418.0</value>
                </Data>
                <Data name="wb_surface_id">
                    <value>3992</value>
                </Data>
                <Data name="created_at">
                    <value>2022-07-04 09:39:43.796276</value>
                </Data>
                <Data name="updated_at">
                    <value>2023-07-22 14:03:14.307690</value>
                </Data>
                <Data name="book_id">
                    <value>2</value>
                </Data>
                <Data name="owners">
                    <value>रघूराज  वासूदेव  देशप्रभू</value>
                </Data>
                <Data name="label_x">
                    <value>964317.0</value>
                </Data>
                <Data name="label_y">
                    <value>1040481.66665445</value>
                </Data>
            </ExtendedData>
            <Point id="26705">
                <coordinates>73.731129527,15.718215898,0.0</coordinates>
            </Point>
        </Placemark>
        <Placemark id="26739">
            <ExtendedData>
                <Data name="direction">
                    <value>https://maps.google.com?q=15.70637,73.72149&amp;t=h</value>
                </Data>
                <Data name="id">
                    <value>2848</value>
                </Data>
                <Data name="name">
                    <value>Wadachi Talli; लिंगाचे</value>
                </Data>
                <Data name="taluka">
                    <value>Pernem</value>
                </Data>
                <Data name="syno">
                    <value>7</value>
                </Data>
                <Data name="subdiv">
                    <value>27</value>
                </Data>
                <Data name="village">
                    <value>Paliem</value>
                </Data>
                <Data name="latitude">
                    <value>15.70637</value>
                </Data>
                <Data name="longitude">
                    <value>73.72149</value>
                </Data>
                <Data name="photo_1">
                    <value>DCIM/20230307103408634.jpg</value>
                </Data>
                <Data name="photo_2">
                    <value>DCIM/20230307103422583.jpg</value>
                </Data>
                <Data name="syno_pt_list">
                    <value>7/12,27-28,33,42</value>
                </Data>
                <Data name="constituency">
                    <value>01 - Mandrem</value>
                </Data>
                <Data name="status">
                    <value>Completed</value>
                </Data>
                <Data name="panchayat">
                    <value>Paliem</value>
                </Data>
                <Data name="wb_type">
                    <value>Tank</value>
                </Data>
                <Data name="owner_type">
                    <value>Public</value>
                </Data>
                <Data name="purpose">
                    <value>Irrigation</value>
                </Data>
                <Data name="construction">
                    <value>Man Made</value>
                </Data>
                <Data name="condition">
                    <value>Good</value>
                </Data>
                <Data name="print_order">
                    <value>069</value>
                </Data>
                <Data name="wb_id">
                    <value>Pe/Pali/09</value>
                </Data>
                <Data name="storage_capacity">
                    <value>660.0</value>
                </Data>
                <Data name="wb_surface_id">
                    <value>3426</value>
                </Data>
                <Data name="created_at">
                    <value>2020-04-24 20:08:35</value>
                </Data>
                <Data name="updated_at">
                    <value>2023-07-22 14:03:14.307690</value>
                </Data>
                <Data name="book_id">
                    <value>2</value>
                </Data>
                <Data name="owners">
                    <value>पाण्याचा  तलाव  (परब)दुबळे</value>
                </Data>
                <Data name="label_x">
                    <value>964317.0</value>
                </Data>
                <Data name="label_y">
                    <value>1032381.66665445</value>
                </Data>
            </ExtendedData>
            <Point id="26738">
                <coordinates>73.72148981,15.706373735,0.0</coordinates>
            </Point>
        </Placemark>
        <Placemark id="26772">
            <ExtendedData>
                <Data name="direction">
                    <value>https://maps.google.com?q=15.71161,73.7287&amp;t=h</value>
                </Data>
                <Data name="id">
                    <value>5103</value>
                </Data>
                <Data name="name">
                    <value>विसभट बागायत</value>
                </Data>
                <Data name="taluka">
                    <value>Pernem</value>
                </Data>
                <Data name="syno">
                    <value>33</value>
                </Data>
                <Data name="subdiv">
                    <value>3</value>
                </Data>
                <Data name="village">
                    <value>Paliem</value>
                </Data>
                <Data name="latitude">
                    <value>15.71161</value>
                </Data>
                <Data name="longitude">
                    <value>73.7287</value>
                </Data>
                <Data name="photo_1">
                    <value>DCIM/20230307093034047.jpg</value>
                </Data>
                <Data name="photo_2">
                    <value>DCIM/20230307093105036.jpg</value>
                </Data>
                <Data name="syno_pt_list">
                    <value>33/3</value>
                </Data>
                <Data name="constituency">
                    <value>01 - Mandrem</value>
                </Data>
                <Data name="status">
                    <value>Completed</value>
                </Data>
                <Data name="panchayat">
                    <value>Paliem</value>
                </Data>
                <Data name="wb_type">
                    <value>Tank</value>
                </Data>
                <Data name="owner_type">
                    <value>Private</value>
                </Data>
                <Data name="purpose">
                    <value>Irrigation</value>
                </Data>
                <Data name="construction">
                    <value>Man Made</value>
                </Data>
                <Data name="condition">
                    <value>Good</value>
                </Data>
                <Data name="print_order">
                    <value>079</value>
                </Data>
                <Data name="wb_id">
                    <value>Pe/Pali/20</value>
                </Data>
                <Data name="storage_capacity">
                    <value>237.0</value>
                </Data>
                <Data name="wb_surface_id">
                    <value>3988</value>
                </Data>
                <Data name="created_at">
                    <value>2022-07-04 09:38:18.492063</value>
                </Data>
                <Data name="updated_at">
                    <value>2023-07-22 14:03:14.307690</value>
                </Data>
                <Data name="book_id">
                    <value>2</value>
                </Data>
                <Data name="owners">
                    <value>Dattaprasad Gopal Bhat
Dhondu Nhanu Arolkar
Disha Dattaprasad  Bhat
Seema Sudin Bhat
Sudin Gopal Bhat
VASUDEO  DATTARAM  PANJIKAR
गोविंद  विश्र्‌वानाथ  भट
धोंडू  न्हानू  आरोलकर15651चौ.मीटर  पुरती</value>
                </Data>
                <Data name="label_x">
                    <value>964317.0</value>
                </Data>
                <Data name="label_y">
                    <value>1034481.66665445</value>
                </Data>
            </ExtendedData>
            <Point id="26771">
                <coordinates>73.72870069,15.711611201,0.0</coordinates>
            </Point>
        </Placemark>
        <Placemark id="26805">
            <ExtendedData>
                <Data name="direction">
                    <value>https://maps.google.com?q=15.70595,73.72176&amp;t=h</value>
                </Data>
                <Data name="id">
                    <value>5968</value>
                </Data>
                <Data name="name">
                    <value>Lingachi Tali; लिंगाचे</value>
                </Data>
                <Data name="taluka">
                    <value>Pernem</value>
                </Data>
                <Data name="syno">
                    <value>7</value>
                </Data>
                <Data name="subdiv">
                    <value>53</value>
                </Data>
                <Data name="village">
                    <value>Paliem</value>
                </Data>
                <Data name="latitude">
                    <value>15.70595</value>
                </Data>
                <Data name="longitude">
                    <value>73.72176</value>
                </Data>
                <Data name="photo_1">
                    <value>DCIM/20230307104715637.jpg</value>
                </Data>
                <Data name="photo_2">
                    <value>DCIM/20230307104729841.jpg</value>
                </Data>
                <Data name="constituency">
                    <value>01 - Mandrem</value>
                </Data>
                <Data name="status">
                    <value>Completed</value>
                </Data>
                <Data name="panchayat">
                    <value>Paliem</value>
                </Data>
                <Data name="wb_type">
                    <value>Temple Tank</value>
                </Data>
                <Data name="owner_type">
                    <value>Private</value>
                </Data>
                <Data name="purpose">
                    <value>Irrigation</value>
                </Data>
                <Data name="construction">
                    <value>Man Made</value>
                </Data>
                <Data name="condition">
                    <value>Good</value>
                </Data>
                <Data name="print_order">
                    <value>049</value>
                </Data>
                <Data name="wb_id">
                    <value>Pe/Pali/33</value>
                </Data>
                <Data name="storage_capacity">
                    <value>34.0</value>
                </Data>
                <Data name="wb_surface_id">
                    <value>5517</value>
                </Data>
                <Data name="created_at">
                    <value>2023-03-07 00:00:00</value>
                </Data>
                <Data name="updated_at">
                    <value>2023-07-22 14:03:14.307690</value>
                </Data>
                <Data name="book_id">
                    <value>2</value>
                </Data>
                <Data name="owners">
                    <value>आलफ्रेड  कारलेलीन</value>
                </Data>
                <Data name="label_x">
                    <value>964317.0</value>
                </Data>
                <Data name="label_y">
                    <value>1031481.66665445</value>
                </Data>
            </ExtendedData>
            <Point id="26804">
                <coordinates>73.721761667,15.705946667,0.0</coordinates>
            </Point>
        </Placemark>
        <Placemark id="26837">
            <ExtendedData>
                <Data name="direction">
                    <value>https://maps.google.com?q=15.71024,73.72516&amp;t=h</value>
                </Data>
                <Data name="id">
                    <value>5966</value>
                </Data>
                <Data name="name">
                    <value>घरभाटले श्रीराम तुका परब</value>
                </Data>
                <Data name="taluka">
                    <value>Pernem</value>
                </Data>
                <Data name="syno">
                    <value>47</value>
                </Data>
                <Data name="subdiv">
                    <value>0</value>
                </Data>
                <Data name="village">
                    <value>Paliem</value>
                </Data>
                <Data name="latitude">
                    <value>15.71024</value>
                </Data>
                <Data name="longitude">
                    <value>73.72516</value>
                </Data>
                <Data name="photo_1">
                    <value>DCIM/20230307100346785.jpg</value>
                </Data>
                <Data name="photo_2">
                    <value>DCIM/20230307100357800.jpg</value>
                </Data>
                <Data name="constituency">
                    <value>01 - Mandrem</value>
                </Data>
                <Data name="status">
                    <value>Completed</value>
                </Data>
                <Data name="panchayat">
                    <value>Paliem</value>
                </Data>
                <Data name="wb_type">
                    <value>Tank</value>
                </Data>
                <Data name="owner_type">
                    <value>Private</value>
                </Data>
                <Data name="purpose">
                    <value>Storage</value>
                </Data>
                <Data name="construction">
                    <value>Man Made</value>
                </Data>
                <Data name="condition">
                    <value>Good</value>
                </Data>
                <Data name="print_order">
                    <value>083</value>
                </Data>
                <Data name="wb_id">
                    <value>Pe/Pali/31</value>
                </Data>
                <Data name="storage_capacity">
                    <value>38.0</value>
                </Data>
                <Data name="wb_surface_id">
                    <value>5420</value>
                </Data>
                <Data name="created_at">
                    <value>2023-03-07 00:00:00</value>
                </Data>
                <Data name="updated_at">
                    <value>2023-07-22 14:03:14.307690</value>
                </Data>
                <Data name="book_id">
                    <value>2</value>
                </Data>
                <Data name="owners">
                    <value>मंगेश  वामन  आंबये  रा.कु.मे</value>
                </Data>
                <Data name="label_x">
                    <value>964317.0</value>
                </Data>
                <Data name="label_y">
                    <value>1035081.66665445</value>
                </Data>
            </ExtendedData>
            <Point id="26836">
                <coordinates>73.725155,15.710236667,0.0</coordinates>
            </Point>
        </Placemark>
        <Placemark id="26869">
            <ExtendedData>
                <Data name="direction">
                    <value>https://maps.google.com?q=15.71512,73.73032&amp;t=h</value>
                </Data>
                <Data name="id">
                    <value>5695</value>
                </Data>
                <Data name="name">
                    <value>आगराचे शेत भांडारवाडा जवळ</value>
                </Data>
                <Data name="taluka">
                    <value>Pernem</value>
                </Data>
                <Data name="syno">
                    <value>35</value>
                </Data>
                <Data name="subdiv">
                    <value>6</value>
                </Data>
                <Data name="village">
                    <value>Paliem</value>
                </Data>
                <Data name="latitude">
                    <value>15.71512</value>
                </Data>
                <Data name="longitude">
                    <value>73.73032</value>
                </Data>
                <Data name="photo_1">
                    <value>DCIM/20230307082111996.jpg</value>
                </Data>
                <Data name="photo_2">
                    <value>DCIM/20230307082227414.jpg</value>
                </Data>
                <Data name="syno_pt_list">
                    <value>29/64; 35/6-8</value>
                </Data>
                <Data name="constituency">
                    <value>01 - Mandrem</value>
                </Data>
                <Data name="status">
                    <value>Completed</value>
                </Data>
                <Data name="panchayat">
                    <value>Paliem</value>
                </Data>
                <Data name="wb_type">
                    <value>Tank</value>
                </Data>
                <Data name="owner_type">
                    <value>Private</value>
                </Data>
                <Data name="purpose">
                    <value>Irrigation</value>
                </Data>
                <Data name="construction">
                    <value>Man Made</value>
                </Data>
                <Data name="condition">
                    <value>Good</value>
                </Data>
                <Data name="print_order">
                    <value>075</value>
                </Data>
                <Data name="wb_id">
                    <value>Pe/Pali/15</value>
                </Data>
                <Data name="storage_capacity">
                    <value>360.0</value>
                </Data>
                <Data name="wb_surface_id">
                    <value>5020</value>
                </Data>
                <Data name="created_at">
                    <value>2022-09-09 14:18:01.877923</value>
                </Data>
                <Data name="updated_at">
                    <value>2023-07-22 14:03:14.307690</value>
                </Data>
                <Data name="book_id">
                    <value>2</value>
                </Data>
                <Data name="owners">
                    <value>रघुराज  वासुदेव  देशप्रभू</value>
                </Data>
                <Data name="label_x">
                    <value>964317.0</value>
                </Data>
                <Data name="label_y">
                    <value>1039581.66665445</value>
                </Data>
            </ExtendedData>
            <Point id="26868">
                <coordinates>73.730321567,15.715122053,0.0</coordinates>
            </Point>
        </Placemark>
        <Placemark id="26902">
            <ExtendedData>
                <Data name="direction">
                    <value>https://maps.google.com?q=15.7159,73.7301&amp;t=h</value>
                </Data>
                <Data name="id">
                    <value>5964</value>
                </Data>
                <Data name="name">
                    <value>Jamblicho Aakh Tali</value>
                </Data>
                <Data name="taluka">
                    <value>Pernem</value>
                </Data>
                <Data name="syno">
                    <value>29</value>
                </Data>
                <Data name="subdiv">
                    <value>64</value>
                </Data>
                <Data name="village">
                    <value>Paliem</value>
                </Data>
                <Data name="latitude">
                    <value>15.7159</value>
                </Data>
                <Data name="longitude">
                    <value>73.7301</value>
                </Data>
                <Data name="photo_1">
                    <value>DCIM/20230307080625517.jpg</value>
                </Data>
                <Data name="photo_2">
                    <value>DCIM/20230307080648286.jpg</value>
                </Data>
                <Data name="constituency">
                    <value>01 - Mandrem</value>
                </Data>
                <Data name="status">
                    <value>Completed</value>
                </Data>
                <Data name="panchayat">
                    <value>Paliem</value>
                </Data>
                <Data name="wb_type">
                    <value>Tank</value>
                </Data>
                <Data name="owner_type">
                    <value>Public</value>
                </Data>
                <Data name="purpose">
                    <value>Irrigation</value>
                </Data>
                <Data name="construction">
                    <value>Man Made</value>
                </Data>
                <Data name="condition">
                    <value>Good</value>
                </Data>
                <Data name="print_order">
                    <value>065</value>
                </Data>
                <Data name="wb_id">
                    <value>Pe/Pali/04</value>
                </Data>
                <Data name="storage_capacity">
                    <value>1193.0</value>
                </Data>
                <Data name="wb_surface_id">
                    <value>5418</value>
                </Data>
                <Data name="created_at">
                    <value>2023-03-07 00:00:00</value>
                </Data>
                <Data name="updated_at">
                    <value>2023-07-22 14:03:14.307690</value>
                </Data>
                <Data name="book_id">
                    <value>2</value>
                </Data>
                <Data name="owners">
                    <value>Govt. of Goa</value>
                </Data>
                <Data name="label_x">
                    <value>964317.0</value>
                </Data>
                <Data name="label_y">
                    <value>1039881.66665445</value>
                </Data>
            </ExtendedData>
            <Point id="26901">
                <coordinates>73.730099324,15.715903548,0.0</coordinates>
            </Point>
        </Placemark>
        <Placemark id="26934">
            <ExtendedData>
                <Data name="direction">
                    <value>https://maps.google.com?q=15.71282,73.72916&amp;t=h</value>
                </Data>
                <Data name="id">
                    <value>5098</value>
                </Data>
                <Data name="name">
                    <value>शिरपुढ्याचे आरव भंडारवाडा जवळ</value>
                </Data>
                <Data name="taluka">
                    <value>Pernem</value>
                </Data>
                <Data name="syno">
                    <value>34</value>
                </Data>
                <Data name="subdiv">
                    <value>71</value>
                </Data>
                <Data name="village">
                    <value>Paliem</value>
                </Data>
                <Data name="latitude">
                    <value>15.71282</value>
                </Data>
                <Data name="longitude">
                    <value>73.72916</value>
                </Data>
                <Data name="photo_1">
                    <value>DCIM/20230307083233799.jpg</value>
                </Data>
                <Data name="photo_2">
                    <value>DCIM/20230307083344124.jpg</value>
                </Data>
                <Data name="syno_pt_list">
                    <value>33/2-A; 34/71</value>
                </Data>
                <Data name="constituency">
                    <value>01 - Mandrem</value>
                </Data>
                <Data name="status">
                    <value>Completed</value>
                </Data>
                <Data name="panchayat">
                    <value>Paliem</value>
                </Data>
                <Data name="wb_type">
                    <value>Tank</value>
                </Data>
                <Data name="owner_type">
                    <value>Private</value>
                </Data>
                <Data name="purpose">
                    <value>Irrigation</value>
                </Data>
                <Data name="construction">
                    <value>Man Made</value>
                </Data>
                <Data name="condition">
                    <value>Good</value>
                </Data>
                <Data name="print_order">
                    <value>077</value>
                </Data>
                <Data name="wb_id">
                    <value>Pe/Pali/17</value>
                </Data>
                <Data name="storage_capacity">
                    <value>298.0</value>
                </Data>
                <Data name="wb_surface_id">
                    <value>3983</value>
                </Data>
                <Data name="created_at">
                    <value>2022-07-04 09:36:36.595981</value>
                </Data>
                <Data name="updated_at">
                    <value>2023-07-22 14:03:14.307690</value>
                </Data>
                <Data name="book_id">
                    <value>2</value>
                </Data>
                <Data name="owners">
                    <value>रघूराज  वासूदेव  देशप्रभू</value>
                </Data>
                <Data name="label_x">
                    <value>964317.0</value>
                </Data>
                <Data name="label_y">
                    <value>1037481.66665445</value>
                </Data>
            </ExtendedData>
            <Point id="26933">
                <coordinates>73.729162846,15.712822145,0.0</coordinates>
            </Point>
        </Placemark>
        <Placemark id="26967">
            <ExtendedData>
                <Data name="direction">
                    <value>https://maps.google.com?q=15.7091,73.72225&amp;t=h</value>
                </Data>
                <Data name="id">
                    <value>5108</value>
                </Data>
                <Data name="name">
                    <value>Chalachi Tali; आंतोड</value>
                </Data>
                <Data name="taluka">
                    <value>Pernem</value>
                </Data>
                <Data name="syno">
                    <value>12</value>
                </Data>
                <Data name="subdiv">
                    <value>66</value>
                </Data>
                <Data name="village">
                    <value>Paliem</value>
                </Data>
                <Data name="latitude">
                    <value>15.7091</value>
                </Data>
                <Data name="longitude">
                    <value>73.72225</value>
                </Data>
                <Data name="photo_1">
                    <value>DCIM/20230307100744023.jpg</value>
                </Data>
                <Data name="photo_2">
                    <value>DCIM/20230307100752967.jpg</value>
                </Data>
                <Data name="syno_pt_list">
                    <value>12/56-57,61-64,66</value>
                </Data>
                <Data name="constituency">
                    <value>01 - Mandrem</value>
                </Data>
                <Data name="status">
                    <value>Completed</value>
                </Data>
                <Data name="panchayat">
                    <value>Paliem</value>
                </Data>
                <Data name="wb_type">
                    <value>Tank</value>
                </Data>
                <Data name="owner_type">
                    <value>Private</value>
                </Data>
                <Data name="purpose">
                    <value>Irrigation</value>
                </Data>
                <Data name="construction">
                    <value>Man Made</value>
                </Data>
                <Data name="condition">
                    <value>Good</value>
                </Data>
                <Data name="print_order">
                    <value>070</value>
                </Data>
                <Data name="wb_id">
                    <value>Pe/Pali/10</value>
                </Data>
                <Data name="storage_capacity">
                    <value>520.0</value>
                </Data>
                <Data name="wb_surface_id">
                    <value>3993</value>
                </Data>
                <Data name="created_at">
                    <value>2022-07-04 09:42:04.492660</value>
                </Data>
                <Data name="updated_at">
                    <value>2023-07-22 14:03:14.307690</value>
                </Data>
                <Data name="book_id">
                    <value>2</value>
                </Data>
                <Data name="owners">
                    <value>आत्माराम  सोनू  परब
जगन्नाथ  केशव  परब
रघुराज  वासुदेव  देशप्रभू
राजेंद्र  वासुदेव  देशप्रभू
विष्णू  गणेश  देशप्रभू
सखाराम  भिवा  परब</value>
                </Data>
                <Data name="label_x">
                    <value>964317.0</value>
                </Data>
                <Data name="label_y">
                    <value>1034781.66665445</value>
                </Data>
            </ExtendedData>
            <Point id="26966">
                <coordinates>73.72224675,15.709100052,0.0</coordinates>
            </Point>
        </Placemark>
        <Placemark id="27000">
            <ExtendedData>
                <Data name="direction">
                    <value>https://maps.google.com?q=15.71222,73.73016&amp;t=h</value>
                </Data>
                <Data name="id">
                    <value>5101</value>
                </Data>
                <Data name="name">
                    <value>विसभट बागायत</value>
                </Data>
                <Data name="taluka">
                    <value>Pernem</value>
                </Data>
                <Data name="syno">
                    <value>33</value>
                </Data>
                <Data name="subdiv">
                    <value>2-A</value>
                </Data>
                <Data name="village">
                    <value>Paliem</value>
                </Data>
                <Data name="latitude">
                    <value>15.71222</value>
                </Data>
                <Data name="longitude">
                    <value>73.73016</value>
                </Data>
                <Data name="photo_1">
                    <value>DCIM/20230307085359926.jpg</value>
                </Data>
                <Data name="photo_2">
                    <value>DCIM/20230307085418084.jpg</value>
                </Data>
                <Data name="syno_pt_list">
                    <value>33/2-A</value>
                </Data>
                <Data name="constituency">
                    <value>01 - Mandrem</value>
                </Data>
                <Data name="status">
                    <value>Completed</value>
                </Data>
                <Data name="panchayat">
                    <value>Paliem</value>
                </Data>
                <Data name="wb_type">
                    <value>Pond</value>
                </Data>
                <Data name="owner_type">
                    <value>Private</value>
                </Data>
                <Data name="purpose">
                    <value>Irrigation</value>
                </Data>
                <Data name="construction">
                    <value>Natural/Man Made</value>
                </Data>
                <Data name="condition">
                    <value>Needs Maintenance</value>
                </Data>
                <Data name="print_order">
                    <value>010</value>
                </Data>
                <Data name="wb_id">
                    <value>Pe/Pali/34</value>
                </Data>
                <Data name="storage_capacity">
                    <value>20.0</value>
                </Data>
                <Data name="wb_surface_id">
                    <value>3986</value>
                </Data>
                <Data name="created_at">
                    <value>2022-07-04 09:37:44.820013</value>
                </Data>
                <Data name="updated_at">
                    <value>2023-07-22 14:03:14.307690</value>
                </Data>
                <Data name="book_id">
                    <value>2</value>
                </Data>
                <Data name="owners">
                    <value>Dhanashree Dnyaneshwar  Subhaji
JANARDHAN  MAHADEV  BHAT
SULOCHANA SURESH BARDE
Srinee Sujay Gokarnkar</value>
                </Data>
                <Data name="label_x">
                    <value>964317.0</value>
                </Data>
                <Data name="label_y">
                    <value>1035681.66665445</value>
                </Data>
            </ExtendedData>
            <Point id="26999">
                <coordinates>73.730158938,15.712222173,0.0</coordinates>
            </Point>
        </Placemark>
        <Placemark id="27033">
            <ExtendedData>
                <Data name="direction">
                    <value>https://maps.google.com?q=15.71678,73.7303&amp;t=h</value>
                </Data>
                <Data name="id">
                    <value>5106</value>
                </Data>
                <Data name="name">
                    <value>जांभळाचे भंडारवाडा नजिक</value>
                </Data>
                <Data name="taluka">
                    <value>Pernem</value>
                </Data>
                <Data name="syno">
                    <value>28</value>
                </Data>
                <Data name="subdiv">
                    <value>53</value>
                </Data>
                <Data name="village">
                    <value>Paliem</value>
                </Data>
                <Data name="latitude">
                    <value>15.71678</value>
                </Data>
                <Data name="longitude">
                    <value>73.7303</value>
                </Data>
                <Data name="photo_1">
                    <value>DCIM/20230307081105321.jpg</value>
                </Data>
                <Data name="photo_2">
                    <value>DCIM/20230307081229674.jpg</value>
                </Data>
                <Data name="syno_pt_list">
                    <value>28/53</value>
                </Data>
                <Data name="constituency">
                    <value>01 - Mandrem</value>
                </Data>
                <Data name="status">
                    <value>Completed</value>
                </Data>
                <Data name="panchayat">
                    <value>Paliem</value>
                </Data>
                <Data name="wb_type">
                    <value>Pond</value>
                </Data>
                <Data name="owner_type">
                    <value>Private</value>
                </Data>
                <Data name="purpose">
                    <value>Irrigation</value>
                </Data>
                <Data name="construction">
                    <value>Natural/Man Made</value>
                </Data>
                <Data name="condition">
                    <value>Needs Maintenance</value>
                </Data>
                <Data name="print_order">
                    <value>005</value>
                </Data>
                <Data name="wb_id">
                    <value>Pe/Pali/22</value>
                </Data>
                <Data name="storage_capacity">
                    <value>168.0</value>
                </Data>
                <Data name="wb_surface_id">
                    <value>3991</value>
                </Data>
                <Data name="created_at">
                    <value>2022-07-04 09:39:14.356267</value>
                </Data>
                <Data name="updated_at">
                    <value>2023-07-22 14:03:14.307690</value>
                </Data>
                <Data name="book_id">
                    <value>2</value>
                </Data>
                <Data name="owners">
                    <value>जया  उर्फ  सितादेवी  रघुराज  देशप्रभू  1\2
जितेंद्र  रघुराज  देशप्रभू  1\2  पार्ट
देवेंद्र  रघुराज  देशप्रभू</value>
                </Data>
                <Data name="label_x">
                    <value>964317.0</value>
                </Data>
                <Data name="label_y">
                    <value>1040181.66665445</value>
                </Data>
            </ExtendedData>
            <Point id="27032">
                <coordinates>73.730296634,15.716776658,0.0</coordinates>
            </Point>
        </Placemark>
        <Placemark id="27066">
            <ExtendedData>
                <Data name="direction">
                    <value>https://maps.google.com?q=15.71286,73.71702&amp;t=h</value>
                </Data>
                <Data name="id">
                    <value>5972</value>
                </Data>
                <Data name="name">
                    <value>मिरजल</value>
                </Data>
                <Data name="taluka">
                    <value>Pernem</value>
                </Data>
                <Data name="syno">
                    <value>237</value>
                </Data>
                <Data name="subdiv">
                    <value>1</value>
                </Data>
                <Data name="village">
                    <value>Paliem</value>
                </Data>
                <Data name="latitude">
                    <value>15.71286</value>
                </Data>
                <Data name="longitude">
                    <value>73.71702</value>
                </Data>
                <Data name="photo_1">
                    <value>DCIM/20230307120323279.jpg</value>
                </Data>
                <Data name="photo_2">
                    <value>DCIM/20230307120357242.jpg</value>
                </Data>
                <Data name="constituency">
                    <value>01 - Mandrem</value>
                </Data>
                <Data name="status">
                    <value>Completed</value>
                </Data>
                <Data name="panchayat">
                    <value>Paliem</value>
                </Data>
                <Data name="wb_type">
                    <value>Tank</value>
                </Data>
                <Data name="owner_type">
                    <value>Private</value>
                </Data>
                <Data name="purpose">
                    <value>Irrigation</value>
                </Data>
                <Data name="construction">
                    <value>Man Made</value>
                </Data>
                <Data name="condition">
                    <value>Good</value>
                </Data>
                <Data name="print_order">
                    <value>080</value>
                </Data>
                <Data name="wb_id">
                    <value>Pe/Pali/21</value>
                </Data>
                <Data name="storage_capacity">
                    <value>237.0</value>
                </Data>
                <Data name="wb_surface_id">
                    <value>5423</value>
                </Data>
                <Data name="created_at">
                    <value>2023-03-07 00:00:00</value>
                </Data>
                <Data name="updated_at">
                    <value>2023-07-22 14:03:14.307690</value>
                </Data>
                <Data name="book_id">
                    <value>2</value>
                </Data>
                <Data name="owners">
                    <value>केशव  शिवा  परब-0.09
गोपाळ  लक्ष्मण  परब-0.04
जयराम  गणेश  परब-0.03
जानकी  राघोबा  परब-0.010
जिवबा  गणेश  परब-0.03
तुकाराम  बाबली  परब-0.01
धर्मा  रावजी  परब-0.04
नामदेव  शंकर  परब-0.08
पूरुषोत्तम  कृष्णा  परब-0.06
महादेव  गणेश  परब-0.04
यशवंत  कृष्णा  परब-0.06
रघुराज  वासुदेव  देशप्रभू-0.25
रामा  देवू  परब-0.05
वासू  बाबली  परब-0.05
शांताराम  बाबली  परब-0.01
सदाशिव  कानोबा  परब-0.02
हनमंत  पुंडलिक  परब-0.02</value>
                </Data>
                <Data name="label_x">
                    <value>964317.0</value>
                </Data>
                <Data name="label_y">
                    <value>1037181.66665445</value>
                </Data>
            </ExtendedData>
            <Point id="27065">
                <coordinates>73.717015272,15.712859533,0.0</coordinates>
            </Point>
        </Placemark>
        <Placemark id="27098">
            <ExtendedData>
                <Data name="direction">
                    <value>https://maps.google.com?q=15.71241,73.72046&amp;t=h</value>
                </Data>
                <Data name="id">
                    <value>5971</value>
                </Data>
                <Data name="name">
                    <value>Ortachi Tali; मिरजल</value>
                </Data>
                <Data name="taluka">
                    <value>Pernem</value>
                </Data>
                <Data name="syno">
                    <value>241</value>
                </Data>
                <Data name="subdiv">
                    <value>0</value>
                </Data>
                <Data name="village">
                    <value>Paliem</value>
                </Data>
                <Data name="latitude">
                    <value>15.71241</value>
                </Data>
                <Data name="longitude">
                    <value>73.72046</value>
                </Data>
                <Data name="photo_1">
                    <value>DCIM/20230307115537864.jpg</value>
                </Data>
                <Data name="photo_2">
                    <value>DCIM/20230307115604422.jpg</value>
                </Data>
                <Data name="constituency">
                    <value>01 - Mandrem</value>
                </Data>
                <Data name="status">
                    <value>Completed</value>
                </Data>
                <Data name="panchayat">
                    <value>Paliem</value>
                </Data>
                <Data name="wb_type">
                    <value>Tank</value>
                </Data>
                <Data name="owner_type">
                    <value>Private</value>
                </Data>
                <Data name="purpose">
                    <value>Irrigation</value>
                </Data>
                <Data name="construction">
                    <value>Man Made</value>
                </Data>
                <Data name="condition">
                    <value>Good</value>
                </Data>
                <Data name="print_order">
                    <value>074</value>
                </Data>
                <Data name="wb_id">
                    <value>Pe/Pali/14</value>
                </Data>
                <Data name="storage_capacity">
                    <value>413.0</value>
                </Data>
                <Data name="wb_surface_id">
                    <value>5422</value>
                </Data>
                <Data name="created_at">
                    <value>2023-03-07 00:00:00</value>
                </Data>
                <Data name="updated_at">
                    <value>2023-07-22 14:03:14.307690</value>
                </Data>
                <Data name="book_id">
                    <value>2</value>
                </Data>
                <Data name="owners">
                    <value>अंकुश  धर्मा  परब
आत्मा  बाबली  परब
केशव  शिवा  परब  0.09
गोपाळ  लक्ष्मण  परब  0.04
जयराम  गणेश  परब  0.03
जानकी  राघोबा  परब  0.10
जिवबा  गणेश  परब  0.03
तुकाराम  बाबली  परब  0.01
दत्ताराम  रावजी  परब  0.04
नामदेव  शंकर  परब  0.08
पुरुषोत्तम  कृष्णा  परब  0.06
महादेव  गणेश  परब  0.04
यशवंत  कृष्णा  परब  0.06
रघुराज  वासुदेव  देशप्रभू  0.25
रामा  देवू  परब  0.05
लहू  धर्मा  परब  0.02
वासू  बाबली  परब  0.05
शांताराम  बाबली  परब  0.01
सदाशिव  कानोबा  परब  0.02
हनुमंत  पुंडलिक  परब  0.02</value>
                </Data>
                <Data name="label_x">
                    <value>964317.0</value>
                </Data>
                <Data name="label_y">
                    <value>1036881.66665445</value>
                </Data>
            </ExtendedData>
            <Point id="27097">
                <coordinates>73.720458333,15.71241,0.0</coordinates>
            </Point>
        </Placemark>
        <Placemark id="27130">
            <ExtendedData>
                <Data name="direction">
                    <value>https://maps.google.com?q=15.69859,73.7338&amp;t=h</value>
                </Data>
                <Data name="id">
                    <value>5936</value>
                </Data>
                <Data name="name">
                    <value>; ब्राम्हणव्हाळ</value>
                </Data>
                <Data name="taluka">
                    <value>Pernem</value>
                </Data>
                <Data name="syno">
                    <value>87</value>
                </Data>
                <Data name="subdiv">
                    <value>0</value>
                </Data>
                <Data name="village">
                    <value>Paliem</value>
                </Data>
                <Data name="latitude">
                    <value>15.69859</value>
                </Data>
                <Data name="longitude">
                    <value>73.7338</value>
                </Data>
                <Data name="photo_1">
                    <value>DCIM/20230304104639614.jpg</value>
                </Data>
                <Data name="photo_2">
                    <value>DCIM/20230304104606213.jpg</value>
                </Data>
                <Data name="constituency">
                    <value>01 - Mandrem</value>
                </Data>
                <Data name="status">
                    <value>Completed</value>
                </Data>
                <Data name="panchayat">
                    <value>Paliem</value>
                </Data>
                <Data name="wb_type">
                    <value>Tank</value>
                </Data>
                <Data name="owner_type">
                    <value>Private</value>
                </Data>
                <Data name="purpose">
                    <value>Storage</value>
                </Data>
                <Data name="construction">
                    <value>Man Made</value>
                </Data>
                <Data name="condition">
                    <value>Good</value>
                </Data>
                <Data name="print_order">
                    <value>082</value>
                </Data>
                <Data name="wb_id">
                    <value>Pe/Pali/27</value>
                </Data>
                <Data name="storage_capacity">
                    <value>92.0</value>
                </Data>
                <Data name="wb_surface_id">
                    <value>5414</value>
                </Data>
                <Data name="created_at">
                    <value>2023-03-04 00:00:00</value>
                </Data>
                <Data name="updated_at">
                    <value>2023-07-22 14:03:14.307690</value>
                </Data>
                <Data name="book_id">
                    <value>2</value>
                </Data>
                <Data name="owners">
                    <value>जया  उर्फसितादेवी  रघूराज  देशप्रभू  1/2  पार्ट
जितेंद्र  रघूराज  देशप्रभू  1/2
देवेंद्र  रघूराज  देशप्रभू}</value>
                </Data>
                <Data name="label_x">
                    <value>964317.0</value>
                </Data>
                <Data name="label_y">
                    <value>1029981.66665445</value>
                </Data>
            </ExtendedData>
            <Point id="27129">
                <coordinates>73.733798081,15.698588761,0.0</coordinates>
            </Point>
        </Placemark>
        <Placemark id="27162">
            <ExtendedData>
                <Data name="direction">
                    <value>https://maps.google.com?q=15.71288,73.73024&amp;t=h</value>
                </Data>
                <Data name="id">
                    <value>5096</value>
                </Data>
                <Data name="name">
                    <value>Kajrobachi Tank; विसभट बागायत</value>
                </Data>
                <Data name="taluka">
                    <value>Pernem</value>
                </Data>
                <Data name="syno">
                    <value>33</value>
                </Data>
                <Data name="subdiv">
                    <value>1-A</value>
                </Data>
                <Data name="village">
                    <value>Paliem</value>
                </Data>
                <Data name="latitude">
                    <value>15.71288</value>
                </Data>
                <Data name="longitude">
                    <value>73.73024</value>
                </Data>
                <Data name="photo_1">
                    <value>DCIM/20230307084322182.jpg</value>
                </Data>
                <Data name="photo_2">
                    <value>DCIM/20230307084409993.jpg</value>
                </Data>
                <Data name="syno_pt_list">
                    <value>33/1-A</value>
                </Data>
                <Data name="constituency">
                    <value>01 - Mandrem</value>
                </Data>
                <Data name="status">
                    <value>Completed</value>
                </Data>
                <Data name="panchayat">
                    <value>Paliem</value>
                </Data>
                <Data name="wb_type">
                    <value>Tank</value>
                </Data>
                <Data name="owner_type">
                    <value>Private</value>
                </Data>
                <Data name="purpose">
                    <value>Irrigation</value>
                </Data>
                <Data name="construction">
                    <value>Man Made</value>
                </Data>
                <Data name="condition">
                    <value>Good</value>
                </Data>
                <Data name="print_order">
                    <value>076</value>
                </Data>
                <Data name="wb_id">
                    <value>Pe/Pali/16</value>
                </Data>
                <Data name="storage_capacity">
                    <value>337.0</value>
                </Data>
                <Data name="wb_surface_id">
                    <value>3984</value>
                </Data>
                <Data name="created_at">
                    <value>2022-07-04 09:36:36.595981</value>
                </Data>
                <Data name="updated_at">
                    <value>2023-07-22 14:03:14.307690</value>
                </Data>
                <Data name="book_id">
                    <value>2</value>
                </Data>
                <Data name="owners">
                    <value>Sampada  Santosh  Tari</value>
                </Data>
                <Data name="label_x">
                    <value>964317.0</value>
                </Data>
                <Data name="label_y">
                    <value>1037781.66665445</value>
                </Data>
            </ExtendedData>
            <Point id="27161">
                <coordinates>73.730237206,15.712880974,0.0</coordinates>
            </Point>
        </Placemark>
        <Placemark id="27195">
            <ExtendedData>
                <Data name="direction">
                    <value>https://maps.google.com?q=15.70594,73.72169&amp;t=h</value>
                </Data>
                <Data name="id">
                    <value>5967</value>
                </Data>
                <Data name="name">
                    <value>Lingachi Tali; लिंगाचे शेत</value>
                </Data>
                <Data name="taluka">
                    <value>Pernem</value>
                </Data>
                <Data name="syno">
                    <value>7</value>
                </Data>
                <Data name="subdiv">
                    <value>42</value>
                </Data>
                <Data name="village">
                    <value>Paliem</value>
                </Data>
                <Data name="latitude">
                    <value>15.70594</value>
                </Data>
                <Data name="longitude">
                    <value>73.72169</value>
                </Data>
                <Data name="photo_1">
                    <value>DCIM/20230307104600827.jpg</value>
                </Data>
                <Data name="photo_2">
                    <value>DCIM/20230307104625327.jpg</value>
                </Data>
                <Data name="constituency">
                    <value>01 - Mandrem</value>
                </Data>
                <Data name="status">
                    <value>Completed</value>
                </Data>
                <Data name="panchayat">
                    <value>Paliem</value>
                </Data>
                <Data name="wb_type">
                    <value>Temple Tank</value>
                </Data>
                <Data name="owner_type">
                    <value>Private</value>
                </Data>
                <Data name="purpose">
                    <value>Storage</value>
                </Data>
                <Data name="construction">
                    <value>Man Made</value>
                </Data>
                <Data name="condition">
                    <value>Needs Maintenance</value>
                </Data>
                <Data name="print_order">
                    <value>048</value>
                </Data>
                <Data name="wb_id">
                    <value>Pe/Pali/32</value>
                </Data>
                <Data name="storage_capacity">
                    <value>34.0</value>
                </Data>
                <Data name="wb_surface_id">
                    <value>5516</value>
                </Data>
                <Data name="created_at">
                    <value>2023-03-07 00:00:00</value>
                </Data>
                <Data name="updated_at">
                    <value>2023-07-22 14:03:14.307690</value>
                </Data>
                <Data name="book_id">
                    <value>2</value>
                </Data>
                <Data name="owners">
                    <value>Bhagirathi Krishna Parab
Harishchandra alias Harichandra Krishna Parab
Madhusudhan Krishna Parab
Pandurang Dattaram Shetgaonkar
Rukmini Pandurang Shetgaonkar
Sandhya Krishna Parab
तुकाराम  कृष्णा  परब  1\2
पुंडलिक  कृष्णा  परब
शिवा  वाटू  परब  1\4</value>
                </Data>
                <Data name="label_x">
                    <value>964317.0</value>
                </Data>
                <Data name="label_y">
                    <value>1031781.66665445</value>
                </Data>
            </ExtendedData>
            <Point id="27194">
                <coordinates>73.72169,15.705941667,0.0</coordinates>
            </Point>
        </Placemark>
        <Placemark id="27227">
            <ExtendedData>
                <Data name="direction">
                    <value>https://maps.google.com?q=15.69803,73.6983&amp;t=h</value>
                </Data>
                <Data name="id">
                    <value>2538</value>
                </Data>
                <Data name="name">
                    <value>Sweet lake, Arambol; वागाचो कोलम</value>
                </Data>
                <Data name="taluka">
                    <value>Pernem</value>
                </Data>
                <Data name="syno">
                    <value>154</value>
                </Data>
                <Data name="subdiv">
                    <value>0</value>
                </Data>
                <Data name="village">
                    <value>Paliem</value>
                </Data>
                <Data name="latitude">
                    <value>15.69803</value>
                </Data>
                <Data name="longitude">
                    <value>73.6983</value>
                </Data>
                <Data name="photo_1">
                    <value>DCIM/20230413070222861.jpg</value>
                </Data>
                <Data name="photo_2">
                    <value>DCIM/20230413070232048.jpg</value>
                </Data>
                <Data name="syno_pt_list">
                    <value>154/0</value>
                </Data>
                <Data name="constituency">
                    <value>01 - Mandrem</value>
                </Data>
                <Data name="status">
                    <value>Completed</value>
                </Data>
                <Data name="panchayat">
                    <value>Paliem</value>
                </Data>
                <Data name="wb_type">
                    <value>Lake</value>
                </Data>
                <Data name="owner_type">
                    <value>Private</value>
                </Data>
                <Data name="purpose">
                    <value>Storage</value>
                </Data>
                <Data name="construction">
                    <value>Natural</value>
                </Data>
                <Data name="condition">
                    <value>Needs Maintenance</value>
                </Data>
                <Data name="print_order">
                    <value>002</value>
                </Data>
                <Data name="wb_id">
                    <value>Pe/Pali/01</value>
                </Data>
                <Data name="storage_capacity">
                    <value>12612.0</value>
                </Data>
                <Data name="wb_surface_id">
                    <value>3403</value>
                </Data>
                <Data name="created_at">
                    <value>2020-03-26 07:23:30</value>
                </Data>
                <Data name="updated_at">
                    <value>2023-07-22 14:03:14.307690</value>
                </Data>
                <Data name="book_id">
                    <value>2</value>
                </Data>
                <Data name="owners">
                    <value>जया  उर्फ  सितादेवी  रघुराज  देशप्रभू  1\2  पार्ट
जितेंद्र  रघुराज  देशप्रभू  1\2
देवेंद्र  रघुराज  देशप्रभू</value>
                </Data>
                <Data name="label_x">
                    <value>964317.0</value>
                </Data>
                <Data name="label_y">
                    <value>1034181.66665445</value>
                </Data>
            </ExtendedData>
            <Point id="27226">
                <coordinates>73.698299191,15.698029052,0.0</coordinates>
            </Point>
        </Placemark>
    </Document>
</kml>
