<?xml version="1.0" encoding="UTF-8"?>
<kml xmlns="http://www.opengis.net/kml/2.2" xmlns:gx="http://www.google.com/kml/ext/2.2">
    <Document id="35328">
        <Placemark id="35330">
            <ExtendedData>
                <Data name="direction">
                    <value>https://maps.google.com?q=15.50622,73.97281&amp;t=h</value>
                </Data>
                <Data name="id">
                    <value>306</value>
                </Data>
                <Data name="name">
                    <value>Shantadurga Ravalnath Temple Tank; Shir Motya Kadil</value>
                </Data>
                <Data name="taluka">
                    <value>Ponda</value>
                </Data>
                <Data name="syno">
                    <value>1</value>
                </Data>
                <Data name="subdiv">
                    <value>5</value>
                </Data>
                <Data name="village">
                    <value>Orgao</value>
                </Data>
                <Data name="latitude">
                    <value>15.50622</value>
                </Data>
                <Data name="longitude">
                    <value>73.97281</value>
                </Data>
                <Data name="photo_1">
                    <value>DCIM/20220315144300583.jpg</value>
                </Data>
                <Data name="photo_2">
                    <value>DCIM/20220315144341705.jpg</value>
                </Data>
                <Data name="constituency">
                    <value>20 - Priol</value>
                </Data>
                <Data name="status">
                    <value>Completed</value>
                </Data>
                <Data name="panchayat">
                    <value>Tivrem-Orgao</value>
                </Data>
                <Data name="wb_type">
                    <value>Temple Tank</value>
                </Data>
                <Data name="owner_type">
                    <value>Private</value>
                </Data>
                <Data name="purpose">
                    <value>Storage</value>
                </Data>
                <Data name="construction">
                    <value>Man Made</value>
                </Data>
                <Data name="condition">
                    <value>Good</value>
                </Data>
                <Data name="print_order">
                    <value>114</value>
                </Data>
                <Data name="wb_id">
                    <value>Po/Orga/07</value>
                </Data>
                <Data name="storage_capacity">
                    <value>296.0</value>
                </Data>
                <Data name="wb_surface_id">
                    <value>2814</value>
                </Data>
                <Data name="created_at">
                    <value>2020-02-28 15:24:34</value>
                </Data>
                <Data name="updated_at">
                    <value>2023-07-22 14:03:14.307690</value>
                </Data>
                <Data name="book_id">
                    <value>3</value>
                </Data>
                <Data name="owners">
                    <value>Krishna Bhiko Gaonkar</value>
                </Data>
                <Data name="label_x">
                    <value>1003619.0</value>
                </Data>
                <Data name="label_y">
                    <value>1017587.18184869</value>
                </Data>
            </ExtendedData>
            <Point id="35329">
                <coordinates>73.972805575,15.506222432,0.0</coordinates>
            </Point>
        </Placemark>
        <Placemark id="35362">
            <ExtendedData>
                <Data name="direction">
                    <value>https://maps.google.com?q=15.51311,73.95551&amp;t=h</value>
                </Data>
                <Data name="id">
                    <value>308</value>
                </Data>
                <Data name="name">
                    <value>Marshel Khajan</value>
                </Data>
                <Data name="taluka">
                    <value>Ponda</value>
                </Data>
                <Data name="syno">
                    <value>15</value>
                </Data>
                <Data name="subdiv">
                    <value>18</value>
                </Data>
                <Data name="village">
                    <value>Orgao</value>
                </Data>
                <Data name="latitude">
                    <value>15.51311</value>
                </Data>
                <Data name="longitude">
                    <value>73.95551</value>
                </Data>
                <Data name="photo_1">
                    <value>DCIM/20220405170018504.jpg</value>
                </Data>
                <Data name="photo_2">
                    <value>DCIM/20220405170027082.jpg</value>
                </Data>
                <Data name="constituency">
                    <value>20 - Priol</value>
                </Data>
                <Data name="status">
                    <value>Completed</value>
                </Data>
                <Data name="panchayat">
                    <value>Tivrem-Orgao</value>
                </Data>
                <Data name="wb_type">
                    <value>Pond</value>
                </Data>
                <Data name="owner_type">
                    <value>Private</value>
                </Data>
                <Data name="purpose">
                    <value>Irrigation</value>
                </Data>
                <Data name="construction">
                    <value>Man Made</value>
                </Data>
                <Data name="condition">
                    <value>Needs Maintenance</value>
                </Data>
                <Data name="print_order">
                    <value>011</value>
                </Data>
                <Data name="wb_id">
                    <value>Po/Orga/03</value>
                </Data>
                <Data name="storage_capacity">
                    <value>696.0</value>
                </Data>
                <Data name="wb_surface_id">
                    <value>2816</value>
                </Data>
                <Data name="created_at">
                    <value>2020-02-28 15:24:34</value>
                </Data>
                <Data name="updated_at">
                    <value>2023-07-22 14:03:14.307690</value>
                </Data>
                <Data name="book_id">
                    <value>3</value>
                </Data>
                <Data name="owners">
                    <value>Krishnabai Datta Naik</value>
                </Data>
                <Data name="label_x">
                    <value>990548.0</value>
                </Data>
                <Data name="label_y">
                    <value>1011443.099836464</value>
                </Data>
            </ExtendedData>
            <Point id="35361">
                <coordinates>73.955510414,15.513109396,0.0</coordinates>
            </Point>
        </Placemark>
        <Placemark id="35394">
            <ExtendedData>
                <Data name="direction">
                    <value>https://maps.google.com?q=15.52376,73.94915&amp;t=h</value>
                </Data>
                <Data name="id">
                    <value>4291</value>
                </Data>
                <Data name="name">
                    <value>Vada Ank</value>
                </Data>
                <Data name="taluka">
                    <value>Ponda</value>
                </Data>
                <Data name="syno">
                    <value>40</value>
                </Data>
                <Data name="subdiv">
                    <value>3</value>
                </Data>
                <Data name="village">
                    <value>Orgao</value>
                </Data>
                <Data name="latitude">
                    <value>15.52376</value>
                </Data>
                <Data name="longitude">
                    <value>73.94915</value>
                </Data>
                <Data name="photo_1">
                    <value>DCIM/20220405194918823.jpg</value>
                </Data>
                <Data name="photo_2">
                    <value>DCIM/20220405194936015.jpg</value>
                </Data>
                <Data name="constituency">
                    <value>20 - Priol</value>
                </Data>
                <Data name="status">
                    <value>Completed</value>
                </Data>
                <Data name="panchayat">
                    <value>Tivrem-Orgao</value>
                </Data>
                <Data name="wb_type">
                    <value>Pond</value>
                </Data>
                <Data name="owner_type">
                    <value>Communidade</value>
                </Data>
                <Data name="purpose">
                    <value>Irrigation</value>
                </Data>
                <Data name="construction">
                    <value>Natural</value>
                </Data>
                <Data name="condition">
                    <value>Good</value>
                </Data>
                <Data name="print_order">
                    <value>034</value>
                </Data>
                <Data name="wb_id">
                    <value>Po/Orga/36</value>
                </Data>
                <Data name="storage_capacity">
                    <value>23.0</value>
                </Data>
                <Data name="wb_surface_id">
                    <value>3248</value>
                </Data>
                <Data name="created_at">
                    <value>2021-12-31 08:47:56</value>
                </Data>
                <Data name="updated_at">
                    <value>2023-07-22 14:03:14.307690</value>
                </Data>
                <Data name="book_id">
                    <value>3</value>
                </Data>
                <Data name="owners">
                    <value>Communidade</value>
                </Data>
                <Data name="label_x">
                    <value>990548.0</value>
                </Data>
                <Data name="label_y">
                    <value>1016693.099836464</value>
                </Data>
            </ExtendedData>
            <Point id="35393">
                <coordinates>73.949153183,15.5237569,0.0</coordinates>
            </Point>
        </Placemark>
        <Placemark id="35426">
            <ExtendedData>
                <Data name="direction">
                    <value>https://maps.google.com?q=15.52257,73.94854&amp;t=h</value>
                </Data>
                <Data name="id">
                    <value>4299</value>
                </Data>
                <Data name="name">
                    <value>Bhavani Ank</value>
                </Data>
                <Data name="taluka">
                    <value>Ponda</value>
                </Data>
                <Data name="syno">
                    <value>34</value>
                </Data>
                <Data name="subdiv">
                    <value>13</value>
                </Data>
                <Data name="village">
                    <value>Orgao</value>
                </Data>
                <Data name="latitude">
                    <value>15.52257</value>
                </Data>
                <Data name="longitude">
                    <value>73.94854</value>
                </Data>
                <Data name="photo_1">
                    <value>DCIM/20220405193912257.jpg</value>
                </Data>
                <Data name="photo_2">
                    <value>DCIM/20220405193926211.jpg</value>
                </Data>
                <Data name="constituency">
                    <value>20 - Priol</value>
                </Data>
                <Data name="status">
                    <value>Completed</value>
                </Data>
                <Data name="panchayat">
                    <value>Tivrem-Orgao</value>
                </Data>
                <Data name="wb_type">
                    <value>Pond</value>
                </Data>
                <Data name="owner_type">
                    <value>Communidade</value>
                </Data>
                <Data name="purpose">
                    <value>Storage</value>
                </Data>
                <Data name="construction">
                    <value>Natural</value>
                </Data>
                <Data name="condition">
                    <value>Good</value>
                </Data>
                <Data name="print_order">
                    <value>032</value>
                </Data>
                <Data name="wb_id">
                    <value>Po/Orga/33</value>
                </Data>
                <Data name="storage_capacity">
                    <value>26.0</value>
                </Data>
                <Data name="wb_surface_id">
                    <value>3244</value>
                </Data>
                <Data name="created_at">
                    <value>2021-12-31 08:47:56</value>
                </Data>
                <Data name="updated_at">
                    <value>2023-07-22 14:03:14.307690</value>
                </Data>
                <Data name="book_id">
                    <value>3</value>
                </Data>
                <Data name="owners">
                    <value>Communidade</value>
                </Data>
                <Data name="label_x">
                    <value>990548.0</value>
                </Data>
                <Data name="label_y">
                    <value>1015693.099836464</value>
                </Data>
            </ExtendedData>
            <Point id="35425">
                <coordinates>73.948539569,15.522567955,0.0</coordinates>
            </Point>
        </Placemark>
        <Placemark id="35458">
            <ExtendedData>
                <Data name="direction">
                    <value>https://maps.google.com?q=15.52499,73.95025&amp;t=h</value>
                </Data>
                <Data name="id">
                    <value>4296</value>
                </Data>
                <Data name="name">
                    <value>Mohyekathale</value>
                </Data>
                <Data name="taluka">
                    <value>Ponda</value>
                </Data>
                <Data name="syno">
                    <value>39</value>
                </Data>
                <Data name="subdiv">
                    <value>3</value>
                </Data>
                <Data name="village">
                    <value>Orgao</value>
                </Data>
                <Data name="latitude">
                    <value>15.52499</value>
                </Data>
                <Data name="longitude">
                    <value>73.95025</value>
                </Data>
                <Data name="photo_1">
                    <value>DCIM/20220405200226285.jpg</value>
                </Data>
                <Data name="photo_2">
                    <value>DCIM/20220405200238683.jpg</value>
                </Data>
                <Data name="constituency">
                    <value>20 - Priol</value>
                </Data>
                <Data name="status">
                    <value>Completed</value>
                </Data>
                <Data name="panchayat">
                    <value>Tivrem-Orgao</value>
                </Data>
                <Data name="wb_type">
                    <value>Pond</value>
                </Data>
                <Data name="owner_type">
                    <value>Communidade</value>
                </Data>
                <Data name="purpose">
                    <value>Storage</value>
                </Data>
                <Data name="construction">
                    <value>Natural</value>
                </Data>
                <Data name="condition">
                    <value>Good</value>
                </Data>
                <Data name="print_order">
                    <value>028</value>
                </Data>
                <Data name="wb_id">
                    <value>Po/Orga/29</value>
                </Data>
                <Data name="storage_capacity">
                    <value>33.0</value>
                </Data>
                <Data name="wb_surface_id">
                    <value>3253</value>
                </Data>
                <Data name="created_at">
                    <value>2021-12-31 08:47:56</value>
                </Data>
                <Data name="updated_at">
                    <value>2023-07-22 14:03:14.307690</value>
                </Data>
                <Data name="book_id">
                    <value>3</value>
                </Data>
                <Data name="owners">
                    <value>Communidade</value>
                </Data>
                <Data name="label_x">
                    <value>990548.0</value>
                </Data>
                <Data name="label_y">
                    <value>1018193.099836464</value>
                </Data>
            </ExtendedData>
            <Point id="35457">
                <coordinates>73.95025392,15.524991216,0.0</coordinates>
            </Point>
        </Placemark>
        <Placemark id="35490">
            <ExtendedData>
                <Data name="direction">
                    <value>https://maps.google.com?q=15.52322,73.94874&amp;t=h</value>
                </Data>
                <Data name="id">
                    <value>4289</value>
                </Data>
                <Data name="name">
                    <value>Bayacho Ank</value>
                </Data>
                <Data name="taluka">
                    <value>Ponda</value>
                </Data>
                <Data name="syno">
                    <value>40</value>
                </Data>
                <Data name="subdiv">
                    <value>2</value>
                </Data>
                <Data name="village">
                    <value>Orgao</value>
                </Data>
                <Data name="latitude">
                    <value>15.52322</value>
                </Data>
                <Data name="longitude">
                    <value>73.94874</value>
                </Data>
                <Data name="photo_1">
                    <value>DCIM/20220405194217787.jpg</value>
                </Data>
                <Data name="photo_2">
                    <value>DCIM/20220405194234591.jpg</value>
                </Data>
                <Data name="constituency">
                    <value>20 - Priol</value>
                </Data>
                <Data name="status">
                    <value>Completed</value>
                </Data>
                <Data name="panchayat">
                    <value>Tivrem-Orgao</value>
                </Data>
                <Data name="wb_type">
                    <value>Pond</value>
                </Data>
                <Data name="owner_type">
                    <value>Communidade</value>
                </Data>
                <Data name="purpose">
                    <value>Storage</value>
                </Data>
                <Data name="construction">
                    <value>Natural</value>
                </Data>
                <Data name="condition">
                    <value>Good</value>
                </Data>
                <Data name="print_order">
                    <value>029</value>
                </Data>
                <Data name="wb_id">
                    <value>Po/Orga/30</value>
                </Data>
                <Data name="storage_capacity">
                    <value>32.0</value>
                </Data>
                <Data name="wb_surface_id">
                    <value>3246</value>
                </Data>
                <Data name="created_at">
                    <value>2021-12-31 08:47:56</value>
                </Data>
                <Data name="updated_at">
                    <value>2023-07-22 14:03:14.307690</value>
                </Data>
                <Data name="book_id">
                    <value>3</value>
                </Data>
                <Data name="owners">
                    <value>Communidade</value>
                </Data>
                <Data name="label_x">
                    <value>990548.0</value>
                </Data>
                <Data name="label_y">
                    <value>1016193.099836464</value>
                </Data>
            </ExtendedData>
            <Point id="35489">
                <coordinates>73.948736033,15.523220125,0.0</coordinates>
            </Point>
        </Placemark>
        <Placemark id="35522">
            <ExtendedData>
                <Data name="direction">
                    <value>https://maps.google.com?q=15.52424,73.94945&amp;t=h</value>
                </Data>
                <Data name="id">
                    <value>4293</value>
                </Data>
                <Data name="name">
                    <value>Sard Ankh</value>
                </Data>
                <Data name="taluka">
                    <value>Ponda</value>
                </Data>
                <Data name="syno">
                    <value>40</value>
                </Data>
                <Data name="subdiv">
                    <value>7</value>
                </Data>
                <Data name="village">
                    <value>Orgao</value>
                </Data>
                <Data name="latitude">
                    <value>15.52424</value>
                </Data>
                <Data name="longitude">
                    <value>73.94945</value>
                </Data>
                <Data name="photo_1">
                    <value>DCIM/20220405201349529.jpg</value>
                </Data>
                <Data name="photo_2">
                    <value>DCIM/20220405201400265.jpg</value>
                </Data>
                <Data name="constituency">
                    <value>20 - Priol</value>
                </Data>
                <Data name="status">
                    <value>Completed</value>
                </Data>
                <Data name="panchayat">
                    <value>Tivrem-Orgao</value>
                </Data>
                <Data name="wb_type">
                    <value>Tank</value>
                </Data>
                <Data name="owner_type">
                    <value>Communidade</value>
                </Data>
                <Data name="purpose">
                    <value>Irrigation</value>
                </Data>
                <Data name="construction">
                    <value>Natural</value>
                </Data>
                <Data name="condition">
                    <value>Good</value>
                </Data>
                <Data name="print_order">
                    <value>128</value>
                </Data>
                <Data name="wb_id">
                    <value>Po/Orga/22</value>
                </Data>
                <Data name="storage_capacity">
                    <value>61.0</value>
                </Data>
                <Data name="wb_surface_id">
                    <value>3250</value>
                </Data>
                <Data name="created_at">
                    <value>2021-12-31 08:47:56</value>
                </Data>
                <Data name="updated_at">
                    <value>2023-07-22 14:03:14.307690</value>
                </Data>
                <Data name="book_id">
                    <value>3</value>
                </Data>
                <Data name="owners">
                    <value>Communidade</value>
                </Data>
                <Data name="label_x">
                    <value>990548.0</value>
                </Data>
                <Data name="label_y">
                    <value>1017443.099836464</value>
                </Data>
            </ExtendedData>
            <Point id="35521">
                <coordinates>73.949451916,15.524241811,0.0</coordinates>
            </Point>
        </Placemark>
        <Placemark id="35554">
            <ExtendedData>
                <Data name="direction">
                    <value>https://maps.google.com?q=15.5248,73.94989&amp;t=h</value>
                </Data>
                <Data name="id">
                    <value>4295</value>
                </Data>
                <Data name="name">
                    <value>Manashe Ankh</value>
                </Data>
                <Data name="taluka">
                    <value>Ponda</value>
                </Data>
                <Data name="syno">
                    <value>40</value>
                </Data>
                <Data name="subdiv">
                    <value>10</value>
                </Data>
                <Data name="village">
                    <value>Orgao</value>
                </Data>
                <Data name="latitude">
                    <value>15.5248</value>
                </Data>
                <Data name="longitude">
                    <value>73.94989</value>
                </Data>
                <Data name="photo_1">
                    <value>DCIM/20220405201257336.jpg</value>
                </Data>
                <Data name="photo_2">
                    <value>DCIM/20220405201306137.jpg</value>
                </Data>
                <Data name="constituency">
                    <value>20 - Priol</value>
                </Data>
                <Data name="status">
                    <value>Completed</value>
                </Data>
                <Data name="panchayat">
                    <value>Tivrem-Orgao</value>
                </Data>
                <Data name="wb_type">
                    <value>Pond</value>
                </Data>
                <Data name="owner_type">
                    <value>Communidade</value>
                </Data>
                <Data name="purpose">
                    <value>Storage</value>
                </Data>
                <Data name="construction">
                    <value>Natural</value>
                </Data>
                <Data name="condition">
                    <value>Good</value>
                </Data>
                <Data name="print_order">
                    <value>030</value>
                </Data>
                <Data name="wb_id">
                    <value>Po/Orga/31</value>
                </Data>
                <Data name="storage_capacity">
                    <value>31.0</value>
                </Data>
                <Data name="wb_surface_id">
                    <value>3252</value>
                </Data>
                <Data name="created_at">
                    <value>2021-12-31 08:47:56</value>
                </Data>
                <Data name="updated_at">
                    <value>2023-07-22 14:03:14.307690</value>
                </Data>
                <Data name="book_id">
                    <value>3</value>
                </Data>
                <Data name="owners">
                    <value>Communidade</value>
                </Data>
                <Data name="label_x">
                    <value>990548.0</value>
                </Data>
                <Data name="label_y">
                    <value>1017943.099836464</value>
                </Data>
            </ExtendedData>
            <Point id="35553">
                <coordinates>73.949885213,15.524799327,0.0</coordinates>
            </Point>
        </Placemark>
        <Placemark id="35586">
            <ExtendedData>
                <Data name="direction">
                    <value>https://maps.google.com?q=15.51382,73.95367&amp;t=h</value>
                </Data>
                <Data name="id">
                    <value>310</value>
                </Data>
                <Data name="name">
                    <value>Marshel Khajan</value>
                </Data>
                <Data name="taluka">
                    <value>Ponda</value>
                </Data>
                <Data name="syno">
                    <value>17</value>
                </Data>
                <Data name="subdiv">
                    <value>32</value>
                </Data>
                <Data name="village">
                    <value>Orgao</value>
                </Data>
                <Data name="latitude">
                    <value>15.51382</value>
                </Data>
                <Data name="longitude">
                    <value>73.95367</value>
                </Data>
                <Data name="photo_1">
                    <value>DCIM/20220405190033181.jpg</value>
                </Data>
                <Data name="photo_2">
                    <value>DCIM/20220405190045858.jpg</value>
                </Data>
                <Data name="constituency">
                    <value>20 - Priol</value>
                </Data>
                <Data name="status">
                    <value>Completed</value>
                </Data>
                <Data name="panchayat">
                    <value>Tivrem-Orgao</value>
                </Data>
                <Data name="wb_type">
                    <value>Pond</value>
                </Data>
                <Data name="owner_type">
                    <value>Private</value>
                </Data>
                <Data name="purpose">
                    <value>Storage</value>
                </Data>
                <Data name="construction">
                    <value>Natural</value>
                </Data>
                <Data name="condition">
                    <value>Good</value>
                </Data>
                <Data name="print_order">
                    <value>013</value>
                </Data>
                <Data name="wb_id">
                    <value>Po/Orga/08</value>
                </Data>
                <Data name="storage_capacity">
                    <value>180.0</value>
                </Data>
                <Data name="wb_surface_id">
                    <value>3085</value>
                </Data>
                <Data name="created_at">
                    <value>2020-02-28 15:24:34</value>
                </Data>
                <Data name="updated_at">
                    <value>2023-07-22 14:03:14.307690</value>
                </Data>
                <Data name="book_id">
                    <value>3</value>
                </Data>
                <Data name="owners">
                    <value>Krishnabai Datta Naik
[Datta Rahu Naik]</value>
                </Data>
                <Data name="label_x">
                    <value>990548.0</value>
                </Data>
                <Data name="label_y">
                    <value>1012193.099836464</value>
                </Data>
            </ExtendedData>
            <Point id="35585">
                <coordinates>73.953667469,15.513820135,0.0</coordinates>
            </Point>
        </Placemark>
        <Placemark id="35618">
            <ExtendedData>
                <Data name="direction">
                    <value>https://maps.google.com?q=15.50536,73.9714&amp;t=h</value>
                </Data>
                <Data name="id">
                    <value>304</value>
                </Data>
                <Data name="name">
                    <value>--</value>
                </Data>
                <Data name="taluka">
                    <value>Ponda</value>
                </Data>
                <Data name="syno">
                    <value>1</value>
                </Data>
                <Data name="subdiv">
                    <value>31</value>
                </Data>
                <Data name="village">
                    <value>Orgao</value>
                </Data>
                <Data name="latitude">
                    <value>15.50536</value>
                </Data>
                <Data name="longitude">
                    <value>73.9714</value>
                </Data>
                <Data name="photo_1">
                    <value>DCIM/20220315145030364.jpg</value>
                </Data>
                <Data name="photo_2">
                    <value>DCIM/20220315145045358.jpg</value>
                </Data>
                <Data name="constituency">
                    <value>20 - Priol</value>
                </Data>
                <Data name="status">
                    <value>Completed</value>
                </Data>
                <Data name="panchayat">
                    <value>Tivrem-Orgao</value>
                </Data>
                <Data name="wb_type">
                    <value>Pond</value>
                </Data>
                <Data name="owner_type">
                    <value>Public</value>
                </Data>
                <Data name="purpose">
                    <value>Storage</value>
                </Data>
                <Data name="construction">
                    <value>Natural</value>
                </Data>
                <Data name="condition">
                    <value>Needs Maintenance</value>
                </Data>
                <Data name="print_order">
                    <value>012</value>
                </Data>
                <Data name="wb_id">
                    <value>Po/Orga/06</value>
                </Data>
                <Data name="storage_capacity">
                    <value>305.0</value>
                </Data>
                <Data name="wb_surface_id">
                    <value>2813</value>
                </Data>
                <Data name="created_at">
                    <value>2020-02-28 15:24:34</value>
                </Data>
                <Data name="updated_at">
                    <value>2023-07-22 14:03:14.307690</value>
                </Data>
                <Data name="book_id">
                    <value>3</value>
                </Data>
                <Data name="owners">
                    <value>Govt. of Goa</value>
                </Data>
                <Data name="label_x">
                    <value>1003619.0</value>
                </Data>
                <Data name="label_y">
                    <value>1017337.18184869</value>
                </Data>
            </ExtendedData>
            <Point id="35617">
                <coordinates>73.971398136,15.505364526,0.0</coordinates>
            </Point>
        </Placemark>
        <Placemark id="35650">
            <ExtendedData>
                <Data name="direction">
                    <value>https://maps.google.com?q=15.52274,73.94867&amp;t=h</value>
                </Data>
                <Data name="id">
                    <value>4298</value>
                </Data>
                <Data name="name">
                    <value>Sajulo Ankh</value>
                </Data>
                <Data name="taluka">
                    <value>Ponda</value>
                </Data>
                <Data name="syno">
                    <value>34</value>
                </Data>
                <Data name="subdiv">
                    <value>15</value>
                </Data>
                <Data name="village">
                    <value>Orgao</value>
                </Data>
                <Data name="latitude">
                    <value>15.52274</value>
                </Data>
                <Data name="longitude">
                    <value>73.94867</value>
                </Data>
                <Data name="photo_1">
                    <value>DCIM/20220405194047311.jpg</value>
                </Data>
                <Data name="photo_2">
                    <value>DCIM/20220405194102590.jpg</value>
                </Data>
                <Data name="constituency">
                    <value>20 - Priol</value>
                </Data>
                <Data name="status">
                    <value>Completed</value>
                </Data>
                <Data name="panchayat">
                    <value>Tivrem-Orgao</value>
                </Data>
                <Data name="wb_type">
                    <value>Pond</value>
                </Data>
                <Data name="owner_type">
                    <value>Communidade</value>
                </Data>
                <Data name="purpose">
                    <value>Storage</value>
                </Data>
                <Data name="construction">
                    <value>Natural</value>
                </Data>
                <Data name="condition">
                    <value>Good</value>
                </Data>
                <Data name="print_order">
                    <value>027</value>
                </Data>
                <Data name="wb_id">
                    <value>Po/Orga/27</value>
                </Data>
                <Data name="storage_capacity">
                    <value>43.0</value>
                </Data>
                <Data name="wb_surface_id">
                    <value>3245</value>
                </Data>
                <Data name="created_at">
                    <value>2021-12-31 08:47:56</value>
                </Data>
                <Data name="updated_at">
                    <value>2023-07-22 14:03:14.307690</value>
                </Data>
                <Data name="book_id">
                    <value>3</value>
                </Data>
                <Data name="owners">
                    <value>Communidade</value>
                </Data>
                <Data name="label_x">
                    <value>990548.0</value>
                </Data>
                <Data name="label_y">
                    <value>1015943.099836464</value>
                </Data>
            </ExtendedData>
            <Point id="35649">
                <coordinates>73.948670096,15.522744288,0.0</coordinates>
            </Point>
        </Placemark>
        <Placemark id="35682">
            <ExtendedData>
                <Data name="direction">
                    <value>https://maps.google.com?q=15.51192,73.95707&amp;t=h</value>
                </Data>
                <Data name="id">
                    <value>4286</value>
                </Data>
                <Data name="name">
                    <value>Marshel Khajan</value>
                </Data>
                <Data name="taluka">
                    <value>Ponda</value>
                </Data>
                <Data name="syno">
                    <value>12</value>
                </Data>
                <Data name="subdiv">
                    <value>2</value>
                </Data>
                <Data name="village">
                    <value>Orgao</value>
                </Data>
                <Data name="latitude">
                    <value>15.51192</value>
                </Data>
                <Data name="longitude">
                    <value>73.95707</value>
                </Data>
                <Data name="photo_1">
                    <value>DCIM/20220405165321686.jpg</value>
                </Data>
                <Data name="photo_2">
                    <value>DCIM/20220405165341775.jpg</value>
                </Data>
                <Data name="constituency">
                    <value>20 - Priol</value>
                </Data>
                <Data name="status">
                    <value>Completed</value>
                </Data>
                <Data name="panchayat">
                    <value>Tivrem-Orgao</value>
                </Data>
                <Data name="wb_type">
                    <value>Pond</value>
                </Data>
                <Data name="owner_type">
                    <value>Private</value>
                </Data>
                <Data name="purpose">
                    <value>Irrigation</value>
                </Data>
                <Data name="construction">
                    <value>Natural</value>
                </Data>
                <Data name="condition">
                    <value>Needs Maintenance</value>
                </Data>
                <Data name="print_order">
                    <value>026</value>
                </Data>
                <Data name="wb_id">
                    <value>Po/Orga/26</value>
                </Data>
                <Data name="storage_capacity">
                    <value>50.0</value>
                </Data>
                <Data name="wb_surface_id">
                    <value>3237</value>
                </Data>
                <Data name="created_at">
                    <value>2021-12-31 08:42:51</value>
                </Data>
                <Data name="updated_at">
                    <value>2023-07-22 14:03:14.307690</value>
                </Data>
                <Data name="book_id">
                    <value>3</value>
                </Data>
                <Data name="owners">
                    <value>Krishnabai Datta Naik
[Datta Shenu Naik]</value>
                </Data>
                <Data name="label_x">
                    <value>990548.0</value>
                </Data>
                <Data name="label_y">
                    <value>1010443.099836464</value>
                </Data>
            </ExtendedData>
            <Point id="35681">
                <coordinates>73.957072302,15.511916419,0.0</coordinates>
            </Point>
        </Placemark>
        <Placemark id="35714">
            <ExtendedData>
                <Data name="direction">
                    <value>https://maps.google.com?q=15.51376,73.95441&amp;t=h</value>
                </Data>
                <Data name="id">
                    <value>312</value>
                </Data>
                <Data name="name">
                    <value>Marshal Khajan</value>
                </Data>
                <Data name="taluka">
                    <value>Ponda</value>
                </Data>
                <Data name="syno">
                    <value>15</value>
                </Data>
                <Data name="subdiv">
                    <value>24</value>
                </Data>
                <Data name="village">
                    <value>Orgao</value>
                </Data>
                <Data name="latitude">
                    <value>15.51376</value>
                </Data>
                <Data name="longitude">
                    <value>73.95441</value>
                </Data>
                <Data name="photo_1">
                    <value>DCIM/20220405165657762.jpg</value>
                </Data>
                <Data name="photo_2">
                    <value>DCIM/20220405165709317.jpg</value>
                </Data>
                <Data name="constituency">
                    <value>20 - Priol</value>
                </Data>
                <Data name="status">
                    <value>Completed</value>
                </Data>
                <Data name="panchayat">
                    <value>Tivrem-Orgao</value>
                </Data>
                <Data name="wb_type">
                    <value>Pond</value>
                </Data>
                <Data name="owner_type">
                    <value>Private</value>
                </Data>
                <Data name="purpose">
                    <value>Irrigation</value>
                </Data>
                <Data name="construction">
                    <value>Natural</value>
                </Data>
                <Data name="condition">
                    <value>Needs Maintenance</value>
                </Data>
                <Data name="print_order">
                    <value>014</value>
                </Data>
                <Data name="wb_id">
                    <value>Po/Orga/09</value>
                </Data>
                <Data name="storage_capacity">
                    <value>171.0</value>
                </Data>
                <Data name="wb_surface_id">
                    <value>3088</value>
                </Data>
                <Data name="created_at">
                    <value>2020-02-28 15:24:34</value>
                </Data>
                <Data name="updated_at">
                    <value>2023-07-22 14:03:14.307690</value>
                </Data>
                <Data name="book_id">
                    <value>3</value>
                </Data>
                <Data name="owners">
                    <value>Krishnabai Datta Naik</value>
                </Data>
                <Data name="label_x">
                    <value>990548.0</value>
                </Data>
                <Data name="label_y">
                    <value>1011943.099836464</value>
                </Data>
            </ExtendedData>
            <Point id="35713">
                <coordinates>73.954406075,15.513755131,0.0</coordinates>
            </Point>
        </Placemark>
        <Placemark id="35746">
            <ExtendedData>
                <Data name="direction">
                    <value>https://maps.google.com?q=15.50444,73.97205&amp;t=h</value>
                </Data>
                <Data name="id">
                    <value>305</value>
                </Data>
                <Data name="name">
                    <value>Talyevaril Shir</value>
                </Data>
                <Data name="taluka">
                    <value>Ponda</value>
                </Data>
                <Data name="syno">
                    <value>84</value>
                </Data>
                <Data name="subdiv">
                    <value>6</value>
                </Data>
                <Data name="village">
                    <value>Orgao</value>
                </Data>
                <Data name="latitude">
                    <value>15.50444</value>
                </Data>
                <Data name="longitude">
                    <value>73.97205</value>
                </Data>
                <Data name="photo_1">
                    <value>DCIM/20220315145653553.jpg</value>
                </Data>
                <Data name="photo_2">
                    <value>DCIM/20220315145721499.jpg</value>
                </Data>
                <Data name="constituency">
                    <value>20 - Priol</value>
                </Data>
                <Data name="status">
                    <value>Completed</value>
                </Data>
                <Data name="panchayat">
                    <value>Tivrem-Orgao</value>
                </Data>
                <Data name="wb_type">
                    <value>Tank</value>
                </Data>
                <Data name="owner_type">
                    <value>Public</value>
                </Data>
                <Data name="purpose">
                    <value>Irrigation</value>
                </Data>
                <Data name="construction">
                    <value>Man Made</value>
                </Data>
                <Data name="condition">
                    <value>Good</value>
                </Data>
                <Data name="print_order">
                    <value>123</value>
                </Data>
                <Data name="wb_id">
                    <value>Po/Orga/02</value>
                </Data>
                <Data name="storage_capacity">
                    <value>742.0</value>
                </Data>
                <Data name="wb_surface_id">
                    <value>3105</value>
                </Data>
                <Data name="created_at">
                    <value>2020-02-28 15:24:34</value>
                </Data>
                <Data name="updated_at">
                    <value>2023-07-22 14:03:14.307690</value>
                </Data>
                <Data name="book_id">
                    <value>3</value>
                </Data>
                <Data name="owners">
                    <value>Government [Tale]</value>
                </Data>
                <Data name="label_x">
                    <value>1003619.0</value>
                </Data>
                <Data name="label_y">
                    <value>1017087.18184869</value>
                </Data>
            </ExtendedData>
            <Point id="35745">
                <coordinates>73.972054414,15.504436776,0.0</coordinates>
            </Point>
        </Placemark>
        <Placemark id="35778">
            <ExtendedData>
                <Data name="direction">
                    <value>https://maps.google.com?q=15.52521,73.95051&amp;t=h</value>
                </Data>
                <Data name="id">
                    <value>4297</value>
                </Data>
                <Data name="name">
                    <value>Mohrava Tal</value>
                </Data>
                <Data name="taluka">
                    <value>Ponda</value>
                </Data>
                <Data name="syno">
                    <value>39</value>
                </Data>
                <Data name="subdiv">
                    <value>4</value>
                </Data>
                <Data name="village">
                    <value>Orgao</value>
                </Data>
                <Data name="latitude">
                    <value>15.52521</value>
                </Data>
                <Data name="longitude">
                    <value>73.95051</value>
                </Data>
                <Data name="photo_1">
                    <value>DCIM/20220405200030786.jpg</value>
                </Data>
                <Data name="photo_2">
                    <value>DCIM/20220405200044504.jpg</value>
                </Data>
                <Data name="constituency">
                    <value>20 - Priol</value>
                </Data>
                <Data name="status">
                    <value>Completed</value>
                </Data>
                <Data name="panchayat">
                    <value>Tivrem-Orgao</value>
                </Data>
                <Data name="wb_type">
                    <value>Tank</value>
                </Data>
                <Data name="owner_type">
                    <value>Communidade</value>
                </Data>
                <Data name="purpose">
                    <value>Irrigation</value>
                </Data>
                <Data name="construction">
                    <value>Natural</value>
                </Data>
                <Data name="condition">
                    <value>Good</value>
                </Data>
                <Data name="print_order">
                    <value>127</value>
                </Data>
                <Data name="wb_id">
                    <value>Po/Orga/21</value>
                </Data>
                <Data name="storage_capacity">
                    <value>64.0</value>
                </Data>
                <Data name="wb_surface_id">
                    <value>3254</value>
                </Data>
                <Data name="created_at">
                    <value>2021-12-31 08:47:56</value>
                </Data>
                <Data name="updated_at">
                    <value>2023-07-22 14:03:14.307690</value>
                </Data>
                <Data name="book_id">
                    <value>3</value>
                </Data>
                <Data name="owners">
                    <value>Communidade</value>
                </Data>
                <Data name="label_x">
                    <value>990548.0</value>
                </Data>
                <Data name="label_y">
                    <value>1018443.099836464</value>
                </Data>
            </ExtendedData>
            <Point id="35777">
                <coordinates>73.950509593,15.525209036,0.0</coordinates>
            </Point>
        </Placemark>
        <Placemark id="35810">
            <ExtendedData>
                <Data name="direction">
                    <value>https://maps.google.com?q=15.51259,73.95615&amp;t=h</value>
                </Data>
                <Data name="id">
                    <value>4288</value>
                </Data>
                <Data name="name">
                    <value>Marshel Khajan</value>
                </Data>
                <Data name="taluka">
                    <value>Ponda</value>
                </Data>
                <Data name="syno">
                    <value>13</value>
                </Data>
                <Data name="subdiv">
                    <value>6,7</value>
                </Data>
                <Data name="village">
                    <value>Orgao</value>
                </Data>
                <Data name="latitude">
                    <value>15.51259</value>
                </Data>
                <Data name="longitude">
                    <value>73.95615</value>
                </Data>
                <Data name="photo_1">
                    <value>DCIM/20220405171134908.jpg</value>
                </Data>
                <Data name="photo_2">
                    <value>DCIM/20220405171152826.jpg</value>
                </Data>
                <Data name="constituency">
                    <value>20 - Priol</value>
                </Data>
                <Data name="status">
                    <value>Completed</value>
                </Data>
                <Data name="panchayat">
                    <value>Tivrem-Orgao</value>
                </Data>
                <Data name="wb_type">
                    <value>Pond</value>
                </Data>
                <Data name="owner_type">
                    <value>Private</value>
                </Data>
                <Data name="purpose">
                    <value>Irrigation</value>
                </Data>
                <Data name="construction">
                    <value>Natural</value>
                </Data>
                <Data name="condition">
                    <value>Needs Maintenance</value>
                </Data>
                <Data name="print_order">
                    <value>021</value>
                </Data>
                <Data name="wb_id">
                    <value>Po/Orga/17</value>
                </Data>
                <Data name="storage_capacity">
                    <value>80.0</value>
                </Data>
                <Data name="wb_surface_id">
                    <value>3235</value>
                </Data>
                <Data name="created_at">
                    <value>2021-12-31 08:42:51</value>
                </Data>
                <Data name="updated_at">
                    <value>2023-07-22 14:03:14.307690</value>
                </Data>
                <Data name="book_id">
                    <value>3</value>
                </Data>
                <Data name="owners">
                    <value>Krishnabai Datta Naik</value>
                </Data>
                <Data name="label_x">
                    <value>990548.0</value>
                </Data>
                <Data name="label_y">
                    <value>1011193.099836464</value>
                </Data>
            </ExtendedData>
            <Point id="35809">
                <coordinates>73.956150535,15.512591962,0.0</coordinates>
            </Point>
        </Placemark>
        <Placemark id="35842">
            <ExtendedData>
                <Data name="direction">
                    <value>https://maps.google.com?q=15.52088,73.95059&amp;t=h</value>
                </Data>
                <Data name="id">
                    <value>322</value>
                </Data>
                <Data name="name">
                    <value>Madapoai</value>
                </Data>
                <Data name="taluka">
                    <value>Ponda</value>
                </Data>
                <Data name="syno">
                    <value>24</value>
                </Data>
                <Data name="subdiv">
                    <value>1</value>
                </Data>
                <Data name="village">
                    <value>Orgao</value>
                </Data>
                <Data name="latitude">
                    <value>15.52088</value>
                </Data>
                <Data name="longitude">
                    <value>73.95059</value>
                </Data>
                <Data name="photo_1">
                    <value>DCIM/20220405190258807.jpg</value>
                </Data>
                <Data name="photo_2">
                    <value>DCIM/20220405190308805.jpg</value>
                </Data>
                <Data name="constituency">
                    <value>20 - Priol</value>
                </Data>
                <Data name="status">
                    <value>Completed</value>
                </Data>
                <Data name="panchayat">
                    <value>Tivrem-Orgao</value>
                </Data>
                <Data name="wb_type">
                    <value>Pond</value>
                </Data>
                <Data name="owner_type">
                    <value>Private / Public</value>
                </Data>
                <Data name="purpose">
                    <value>Irrigation</value>
                </Data>
                <Data name="construction">
                    <value>Natural</value>
                </Data>
                <Data name="condition">
                    <value>Good</value>
                </Data>
                <Data name="print_order">
                    <value>023</value>
                </Data>
                <Data name="wb_id">
                    <value>Po/Orga/19</value>
                </Data>
                <Data name="storage_capacity">
                    <value>78.0</value>
                </Data>
                <Data name="wb_surface_id">
                    <value>3070</value>
                </Data>
                <Data name="created_at">
                    <value>2020-02-28 15:24:34</value>
                </Data>
                <Data name="updated_at">
                    <value>2023-07-22 14:03:14.307690</value>
                </Data>
                <Data name="book_id">
                    <value>3</value>
                </Data>
                <Data name="owners">
                    <value>Ashok Pandurang Ghadi
Ashok Parab
Atchut Yesso Gaude
Babai V Bhonsle
Babu Gaude
Babuso Harichandra Parab
Carmita Maria D`costa
Deepak Guno Kunkalkar
Deu Mukund Gaude &amp; Vijaya Deu Gaude - Area 58466 sq. mts.
Dipak Ranmale
Executive Engineer,W.D. XVIII (RC),P.W.D Ponda
Ganga Kunkalkar
Gouresh Kunkalkar
Govt. of Goa Directorate of Education Govt. Primary School
Gurudas Surya Parab
Hullo Kuttikar
Jerome Clement
Johnson Gilfred Clement
Kalpana Kalidas Naik
Keshav Hattiram Rawal
Khushali Gaude
Krishna Deu Gaude
Laxman Mahadev Jalmi.
Laxman Shridhar Tari
Mahadev Navelkar
Manohar Anant Gaude
Margarete Clement
Mayur Ramesh Vernekar
Minakxi Krishna Karde alias Minakxi D. Gaude
Mohandas Guno Kunkalkar
Mr. Kamleshwar N. Prassad
Narayan Vishnu Padelkar
Naresh Vinayak Shirvoikar
Nazareo Bernad Kulaso
Pornima Ravikant Gaonkar
Pratisha Suraj Kundaikar
Premanand Pandurang Gaude
Premanand Surya Parab
Purushottam Hiru Gaude
Ramabai Marcis Kulaso 1/2
Ramnath Datta Bhosle
Sanjay Bhosle
Shantaram Parab
Shanti Parab
Shiva Dharma Bhosle
Silveira Virgilio Flaviano Milagrino
Sitaram Bhikaro Gaude
Sukanti Chandrakant Murgaonkar
Sukdo Namdev Bhosle
Sumati Mashelkar
Suraj Ratnakar Kundaikar
Vandana Vasant Bhomkar
Vasudev Surya Parab
Vijay Bhosle
Vinod Bhosle</value>
                </Data>
                <Data name="label_x">
                    <value>990548.0</value>
                </Data>
                <Data name="label_y">
                    <value>1013943.099836464</value>
                </Data>
            </ExtendedData>
            <Point id="35841">
                <coordinates>73.950585428,15.520880884,0.0</coordinates>
            </Point>
        </Placemark>
        <Placemark id="35874">
            <ExtendedData>
                <Data name="direction">
                    <value>https://maps.google.com?q=15.52155,73.94948&amp;t=h</value>
                </Data>
                <Data name="id">
                    <value>323</value>
                </Data>
                <Data name="name">
                    <value>Sankalo</value>
                </Data>
                <Data name="taluka">
                    <value>Ponda</value>
                </Data>
                <Data name="syno">
                    <value>32</value>
                </Data>
                <Data name="subdiv">
                    <value>3</value>
                </Data>
                <Data name="village">
                    <value>Orgao</value>
                </Data>
                <Data name="latitude">
                    <value>15.52155</value>
                </Data>
                <Data name="longitude">
                    <value>73.94948</value>
                </Data>
                <Data name="photo_1">
                    <value>DCIM/20220405191022243.jpg</value>
                </Data>
                <Data name="photo_2">
                    <value>DCIM/20220405191032759.jpg</value>
                </Data>
                <Data name="constituency">
                    <value>20 - Priol</value>
                </Data>
                <Data name="status">
                    <value>Completed</value>
                </Data>
                <Data name="panchayat">
                    <value>Tivrem-Orgao</value>
                </Data>
                <Data name="wb_type">
                    <value>Pond</value>
                </Data>
                <Data name="owner_type">
                    <value>Communidade</value>
                </Data>
                <Data name="purpose">
                    <value>Storage</value>
                </Data>
                <Data name="construction">
                    <value>Man Made</value>
                </Data>
                <Data name="condition">
                    <value>Good</value>
                </Data>
                <Data name="print_order">
                    <value>024</value>
                </Data>
                <Data name="wb_id">
                    <value>Po/Orga/20</value>
                </Data>
                <Data name="storage_capacity">
                    <value>75.0</value>
                </Data>
                <Data name="wb_surface_id">
                    <value>3069</value>
                </Data>
                <Data name="created_at">
                    <value>2020-02-28 15:24:34</value>
                </Data>
                <Data name="updated_at">
                    <value>2023-07-22 14:03:14.307690</value>
                </Data>
                <Data name="book_id">
                    <value>3</value>
                </Data>
                <Data name="owners">
                    <value>Communidade</value>
                </Data>
                <Data name="label_x">
                    <value>990548.0</value>
                </Data>
                <Data name="label_y">
                    <value>1014443.099836464</value>
                </Data>
            </ExtendedData>
            <Point id="35873">
                <coordinates>73.949477765,15.521553635,0.0</coordinates>
            </Point>
        </Placemark>
        <Placemark id="35906">
            <ExtendedData>
                <Data name="direction">
                    <value>https://maps.google.com?q=15.51351,73.95444&amp;t=h</value>
                </Data>
                <Data name="id">
                    <value>315</value>
                </Data>
                <Data name="name">
                    <value>Marshel Khajan</value>
                </Data>
                <Data name="taluka">
                    <value>Ponda</value>
                </Data>
                <Data name="syno">
                    <value>15</value>
                </Data>
                <Data name="subdiv">
                    <value>26</value>
                </Data>
                <Data name="village">
                    <value>Orgao</value>
                </Data>
                <Data name="latitude">
                    <value>15.51351</value>
                </Data>
                <Data name="longitude">
                    <value>73.95444</value>
                </Data>
                <Data name="photo_1">
                    <value>DCIM/20220405165907395.jpg</value>
                </Data>
                <Data name="photo_2">
                    <value>DCIM/20220405165919613.jpg</value>
                </Data>
                <Data name="constituency">
                    <value>20 - Priol</value>
                </Data>
                <Data name="status">
                    <value>Completed</value>
                </Data>
                <Data name="panchayat">
                    <value>Tivrem-Orgao</value>
                </Data>
                <Data name="wb_type">
                    <value>Pond</value>
                </Data>
                <Data name="owner_type">
                    <value>Private</value>
                </Data>
                <Data name="purpose">
                    <value>Irrigation</value>
                </Data>
                <Data name="construction">
                    <value>Natural</value>
                </Data>
                <Data name="condition">
                    <value>Needs Maintenance</value>
                </Data>
                <Data name="print_order">
                    <value>015</value>
                </Data>
                <Data name="wb_id">
                    <value>Po/Orga/10</value>
                </Data>
                <Data name="storage_capacity">
                    <value>171.0</value>
                </Data>
                <Data name="wb_surface_id">
                    <value>3089</value>
                </Data>
                <Data name="created_at">
                    <value>2020-02-28 15:24:34</value>
                </Data>
                <Data name="updated_at">
                    <value>2023-07-22 14:03:14.307690</value>
                </Data>
                <Data name="book_id">
                    <value>3</value>
                </Data>
                <Data name="owners">
                    <value>Krishnabai Datta Naik</value>
                </Data>
                <Data name="label_x">
                    <value>990548.0</value>
                </Data>
                <Data name="label_y">
                    <value>1011693.099836464</value>
                </Data>
            </ExtendedData>
            <Point id="35905">
                <coordinates>73.954435067,15.513510015,0.0</coordinates>
            </Point>
        </Placemark>
        <Placemark id="35938">
            <ExtendedData>
                <Data name="direction">
                    <value>https://maps.google.com?q=15.50925,73.96032&amp;t=h</value>
                </Data>
                <Data name="id">
                    <value>364</value>
                </Data>
                <Data name="name">
                    <value>--</value>
                </Data>
                <Data name="taluka">
                    <value>Ponda</value>
                </Data>
                <Data name="syno">
                    <value>6</value>
                </Data>
                <Data name="subdiv">
                    <value>1</value>
                </Data>
                <Data name="village">
                    <value>Orgao</value>
                </Data>
                <Data name="latitude">
                    <value>15.50925</value>
                </Data>
                <Data name="longitude">
                    <value>73.96032</value>
                </Data>
                <Data name="photo_1">
                    <value>DCIM/20220228180714237.jpg</value>
                </Data>
                <Data name="photo_2">
                    <value>DCIM/20220228180722749.jpg</value>
                </Data>
                <Data name="constituency">
                    <value>20 - Priol</value>
                </Data>
                <Data name="status">
                    <value>Completed</value>
                </Data>
                <Data name="panchayat">
                    <value>Tivrem-Orgao</value>
                </Data>
                <Data name="wb_type">
                    <value>Pond</value>
                </Data>
                <Data name="owner_type">
                    <value>Private</value>
                </Data>
                <Data name="purpose">
                    <value>Storage</value>
                </Data>
                <Data name="construction">
                    <value>Natural</value>
                </Data>
                <Data name="condition">
                    <value>Needs Maintenance</value>
                </Data>
                <Data name="print_order">
                    <value>010</value>
                </Data>
                <Data name="wb_id">
                    <value>Po/Orga/01</value>
                </Data>
                <Data name="storage_capacity">
                    <value>752.0</value>
                </Data>
                <Data name="wb_surface_id">
                    <value>2815</value>
                </Data>
                <Data name="created_at">
                    <value>2020-02-28 15:24:34</value>
                </Data>
                <Data name="updated_at">
                    <value>2023-07-22 14:03:14.307690</value>
                </Data>
                <Data name="book_id">
                    <value>3</value>
                </Data>
                <Data name="owners">
                    <value>Emco Private Ltd.</value>
                </Data>
                <Data name="label_x">
                    <value>990548.0</value>
                </Data>
                <Data name="label_y">
                    <value>1009943.099836464</value>
                </Data>
            </ExtendedData>
            <Point id="35937">
                <coordinates>73.960317847,15.509250798,0.0</coordinates>
            </Point>
        </Placemark>
        <Placemark id="35970">
            <ExtendedData>
                <Data name="direction">
                    <value>https://maps.google.com?q=15.52189,73.94918&amp;t=h</value>
                </Data>
                <Data name="id">
                    <value>4698</value>
                </Data>
                <Data name="name">
                    <value>Sankol</value>
                </Data>
                <Data name="taluka">
                    <value>Ponda</value>
                </Data>
                <Data name="syno">
                    <value>32</value>
                </Data>
                <Data name="subdiv">
                    <value>2</value>
                </Data>
                <Data name="village">
                    <value>Orgao</value>
                </Data>
                <Data name="latitude">
                    <value>15.52189</value>
                </Data>
                <Data name="longitude">
                    <value>73.94918</value>
                </Data>
                <Data name="photo_1">
                    <value>DCIM/20220405191344484.jpg</value>
                </Data>
                <Data name="photo_2">
                    <value>DCIM/20220405184513946.jpg</value>
                </Data>
                <Data name="constituency">
                    <value>20 - Priol</value>
                </Data>
                <Data name="status">
                    <value>Completed</value>
                </Data>
                <Data name="panchayat">
                    <value>Tivrem-Orgao</value>
                </Data>
                <Data name="wb_type">
                    <value>Pond</value>
                </Data>
                <Data name="owner_type">
                    <value>Communidade</value>
                </Data>
                <Data name="purpose">
                    <value>Storage</value>
                </Data>
                <Data name="construction">
                    <value>Man Made</value>
                </Data>
                <Data name="condition">
                    <value>Good</value>
                </Data>
                <Data name="print_order">
                    <value>035</value>
                </Data>
                <Data name="wb_id">
                    <value>Po/Orga/37</value>
                </Data>
                <Data name="storage_capacity">
                    <value>18.0</value>
                </Data>
                <Data name="wb_surface_id">
                    <value>3786</value>
                </Data>
                <Data name="created_at">
                    <value>2022-04-05 00:00:00</value>
                </Data>
                <Data name="updated_at">
                    <value>2023-07-22 14:03:14.307690</value>
                </Data>
                <Data name="book_id">
                    <value>3</value>
                </Data>
                <Data name="owners">
                    <value>Communidade</value>
                </Data>
                <Data name="label_x">
                    <value>990548.0</value>
                </Data>
                <Data name="label_y">
                    <value>1014943.099836464</value>
                </Data>
            </ExtendedData>
            <Point id="35969">
                <coordinates>73.949175467,15.521889642,0.0</coordinates>
            </Point>
        </Placemark>
        <Placemark id="36002">
            <ExtendedData>
                <Data name="direction">
                    <value>https://maps.google.com?q=15.52337,73.9489&amp;t=h</value>
                </Data>
                <Data name="id">
                    <value>4290</value>
                </Data>
                <Data name="name">
                    <value>Bayacho Ank</value>
                </Data>
                <Data name="taluka">
                    <value>Ponda</value>
                </Data>
                <Data name="syno">
                    <value>40</value>
                </Data>
                <Data name="subdiv">
                    <value>2</value>
                </Data>
                <Data name="village">
                    <value>Orgao</value>
                </Data>
                <Data name="latitude">
                    <value>15.52337</value>
                </Data>
                <Data name="longitude">
                    <value>73.9489</value>
                </Data>
                <Data name="photo_1">
                    <value>DCIM/20220405194354227.jpg</value>
                </Data>
                <Data name="photo_2">
                    <value>DCIM/20220405194426276.jpg</value>
                </Data>
                <Data name="constituency">
                    <value>20 - Priol</value>
                </Data>
                <Data name="status">
                    <value>Completed</value>
                </Data>
                <Data name="panchayat">
                    <value>Tivrem-Orgao</value>
                </Data>
                <Data name="wb_type">
                    <value>Pond</value>
                </Data>
                <Data name="owner_type">
                    <value>Communidade</value>
                </Data>
                <Data name="purpose">
                    <value>Storage</value>
                </Data>
                <Data name="construction">
                    <value>Natural</value>
                </Data>
                <Data name="condition">
                    <value>Good</value>
                </Data>
                <Data name="print_order">
                    <value>033</value>
                </Data>
                <Data name="wb_id">
                    <value>Po/Orga/35</value>
                </Data>
                <Data name="storage_capacity">
                    <value>24.0</value>
                </Data>
                <Data name="wb_surface_id">
                    <value>3247</value>
                </Data>
                <Data name="created_at">
                    <value>2021-12-31 08:47:56</value>
                </Data>
                <Data name="updated_at">
                    <value>2023-07-22 14:03:14.307690</value>
                </Data>
                <Data name="book_id">
                    <value>3</value>
                </Data>
                <Data name="owners">
                    <value>Communidade</value>
                </Data>
                <Data name="label_x">
                    <value>990548.0</value>
                </Data>
                <Data name="label_y">
                    <value>1016443.099836464</value>
                </Data>
            </ExtendedData>
            <Point id="36001">
                <coordinates>73.948900202,15.523370526,0.0</coordinates>
            </Point>
        </Placemark>
        <Placemark id="36034">
            <ExtendedData>
                <Data name="direction">
                    <value>https://maps.google.com?q=15.52395,73.94923&amp;t=h</value>
                </Data>
                <Data name="id">
                    <value>4292</value>
                </Data>
                <Data name="name">
                    <value>Sard Ankh</value>
                </Data>
                <Data name="taluka">
                    <value>Ponda</value>
                </Data>
                <Data name="syno">
                    <value>40</value>
                </Data>
                <Data name="subdiv">
                    <value>4</value>
                </Data>
                <Data name="village">
                    <value>Orgao</value>
                </Data>
                <Data name="latitude">
                    <value>15.52395</value>
                </Data>
                <Data name="longitude">
                    <value>73.94923</value>
                </Data>
                <Data name="photo_1">
                    <value>DCIM/20220405195045740.jpg</value>
                </Data>
                <Data name="photo_2">
                    <value>DCIM/20220405195056460.jpg</value>
                </Data>
                <Data name="constituency">
                    <value>20 - Priol</value>
                </Data>
                <Data name="status">
                    <value>Completed</value>
                </Data>
                <Data name="panchayat">
                    <value>Tivrem-Orgao</value>
                </Data>
                <Data name="wb_type">
                    <value>Tank</value>
                </Data>
                <Data name="owner_type">
                    <value>Communidade</value>
                </Data>
                <Data name="purpose">
                    <value>Storage</value>
                </Data>
                <Data name="construction">
                    <value>Natural</value>
                </Data>
                <Data name="condition">
                    <value>Good</value>
                </Data>
                <Data name="print_order">
                    <value>131</value>
                </Data>
                <Data name="wb_id">
                    <value>Po/Orga/28</value>
                </Data>
                <Data name="storage_capacity">
                    <value>41.0</value>
                </Data>
                <Data name="wb_surface_id">
                    <value>3249</value>
                </Data>
                <Data name="created_at">
                    <value>2021-12-31 08:47:56</value>
                </Data>
                <Data name="updated_at">
                    <value>2023-07-22 14:03:14.307690</value>
                </Data>
                <Data name="book_id">
                    <value>3</value>
                </Data>
                <Data name="owners">
                    <value>Communidade</value>
                </Data>
                <Data name="label_x">
                    <value>990548.0</value>
                </Data>
                <Data name="label_y">
                    <value>1016943.099836464</value>
                </Data>
            </ExtendedData>
            <Point id="36033">
                <coordinates>73.949228539,15.523951383,0.0</coordinates>
            </Point>
        </Placemark>
        <Placemark id="36066">
            <ExtendedData>
                <Data name="direction">
                    <value>https://maps.google.com?q=15.51211,73.95716&amp;t=h</value>
                </Data>
                <Data name="id">
                    <value>4282</value>
                </Data>
                <Data name="name">
                    <value>Marshel Khajan</value>
                </Data>
                <Data name="taluka">
                    <value>Ponda</value>
                </Data>
                <Data name="syno">
                    <value>12</value>
                </Data>
                <Data name="subdiv">
                    <value>1</value>
                </Data>
                <Data name="village">
                    <value>Orgao</value>
                </Data>
                <Data name="latitude">
                    <value>15.51211</value>
                </Data>
                <Data name="longitude">
                    <value>73.95716</value>
                </Data>
                <Data name="photo_1">
                    <value>DCIM/20220405170820115.jpg</value>
                </Data>
                <Data name="photo_2">
                    <value>DCIM/20220405170347410.jpg</value>
                </Data>
                <Data name="constituency">
                    <value>20 - Priol</value>
                </Data>
                <Data name="status">
                    <value>Completed</value>
                </Data>
                <Data name="panchayat">
                    <value>Tivrem-Orgao</value>
                </Data>
                <Data name="wb_type">
                    <value>Pond</value>
                </Data>
                <Data name="owner_type">
                    <value>Private</value>
                </Data>
                <Data name="purpose">
                    <value>Irrigation</value>
                </Data>
                <Data name="construction">
                    <value>Natural</value>
                </Data>
                <Data name="condition">
                    <value>Needs Maintenance</value>
                </Data>
                <Data name="print_order">
                    <value>020</value>
                </Data>
                <Data name="wb_id">
                    <value>Po/Orga/16</value>
                </Data>
                <Data name="storage_capacity">
                    <value>84.0</value>
                </Data>
                <Data name="wb_surface_id">
                    <value>3240</value>
                </Data>
                <Data name="created_at">
                    <value>2021-12-31 08:42:51</value>
                </Data>
                <Data name="updated_at">
                    <value>2023-07-22 14:03:14.307690</value>
                </Data>
                <Data name="book_id">
                    <value>3</value>
                </Data>
                <Data name="owners">
                    <value>Krishnabai Datta Naik</value>
                </Data>
                <Data name="label_x">
                    <value>990548.0</value>
                </Data>
                <Data name="label_y">
                    <value>1010693.099836464</value>
                </Data>
            </ExtendedData>
            <Point id="36065">
                <coordinates>73.95716246,15.51211221,0.0</coordinates>
            </Point>
        </Placemark>
        <Placemark id="36098">
            <ExtendedData>
                <Data name="direction">
                    <value>https://maps.google.com?q=15.52151,73.95005&amp;t=h</value>
                </Data>
                <Data name="id">
                    <value>4696</value>
                </Data>
                <Data name="name">
                    <value>Bhayale Bhat or Bandachi Ped</value>
                </Data>
                <Data name="taluka">
                    <value>Ponda</value>
                </Data>
                <Data name="syno">
                    <value>37</value>
                </Data>
                <Data name="subdiv">
                    <value>1</value>
                </Data>
                <Data name="village">
                    <value>Orgao</value>
                </Data>
                <Data name="latitude">
                    <value>15.52151</value>
                </Data>
                <Data name="longitude">
                    <value>73.95005</value>
                </Data>
                <Data name="photo_1">
                    <value>DCIM/20220405183822953.jpg</value>
                </Data>
                <Data name="photo_2">
                    <value>DCIM/20220405183835097.jpg</value>
                </Data>
                <Data name="constituency">
                    <value>20 - Priol</value>
                </Data>
                <Data name="status">
                    <value>Completed</value>
                </Data>
                <Data name="panchayat">
                    <value>Tivrem-Orgao</value>
                </Data>
                <Data name="wb_type">
                    <value>Tank</value>
                </Data>
                <Data name="owner_type">
                    <value>Private</value>
                </Data>
                <Data name="purpose">
                    <value>Storage</value>
                </Data>
                <Data name="construction">
                    <value>Man Made</value>
                </Data>
                <Data name="condition">
                    <value>Good</value>
                </Data>
                <Data name="print_order">
                    <value>126</value>
                </Data>
                <Data name="wb_id">
                    <value>Po/Orga/12</value>
                </Data>
                <Data name="storage_capacity">
                    <value>125.0</value>
                </Data>
                <Data name="wb_surface_id">
                    <value>3784</value>
                </Data>
                <Data name="created_at">
                    <value>2022-04-05 00:00:00</value>
                </Data>
                <Data name="updated_at">
                    <value>2023-07-22 14:03:14.307690</value>
                </Data>
                <Data name="book_id">
                    <value>3</value>
                </Data>
                <Data name="owners">
                    <value>Elias Bomparto Sertorio D'Souza
[Adelfina Pinto]</value>
                </Data>
                <Data name="label_x">
                    <value>990548.0</value>
                </Data>
                <Data name="label_y">
                    <value>1014193.099836464</value>
                </Data>
            </ExtendedData>
            <Point id="36097">
                <coordinates>73.950054308,15.521505647,0.0</coordinates>
            </Point>
        </Placemark>
        <Placemark id="36130">
            <ExtendedData>
                <Data name="direction">
                    <value>https://maps.google.com?q=15.5123,73.95659&amp;t=h</value>
                </Data>
                <Data name="id">
                    <value>4287</value>
                </Data>
                <Data name="name">
                    <value>Marshel Khajan</value>
                </Data>
                <Data name="taluka">
                    <value>Ponda</value>
                </Data>
                <Data name="syno">
                    <value>13</value>
                </Data>
                <Data name="subdiv">
                    <value>12</value>
                </Data>
                <Data name="village">
                    <value>Orgao</value>
                </Data>
                <Data name="latitude">
                    <value>15.5123</value>
                </Data>
                <Data name="longitude">
                    <value>73.95659</value>
                </Data>
                <Data name="photo_1">
                    <value>DCIM/20220405170927552.jpg</value>
                </Data>
                <Data name="photo_2">
                    <value>DCIM/20220405170240485.jpg</value>
                </Data>
                <Data name="constituency">
                    <value>20 - Priol</value>
                </Data>
                <Data name="status">
                    <value>Completed</value>
                </Data>
                <Data name="panchayat">
                    <value>Tivrem-Orgao</value>
                </Data>
                <Data name="wb_type">
                    <value>Pond</value>
                </Data>
                <Data name="owner_type">
                    <value>Private</value>
                </Data>
                <Data name="purpose">
                    <value>Irrigation</value>
                </Data>
                <Data name="construction">
                    <value>Natural</value>
                </Data>
                <Data name="condition">
                    <value>Needs Maintenance</value>
                </Data>
                <Data name="print_order">
                    <value>019</value>
                </Data>
                <Data name="wb_id">
                    <value>Po/Orga/15</value>
                </Data>
                <Data name="storage_capacity">
                    <value>92.0</value>
                </Data>
                <Data name="wb_surface_id">
                    <value>3236</value>
                </Data>
                <Data name="created_at">
                    <value>2021-12-31 08:42:51</value>
                </Data>
                <Data name="updated_at">
                    <value>2023-07-22 14:03:14.307690</value>
                </Data>
                <Data name="book_id">
                    <value>3</value>
                </Data>
                <Data name="owners">
                    <value>Krishnabai Datta Naik</value>
                </Data>
                <Data name="label_x">
                    <value>990548.0</value>
                </Data>
                <Data name="label_y">
                    <value>1010943.099836464</value>
                </Data>
            </ExtendedData>
            <Point id="36129">
                <coordinates>73.956591907,15.512297628,0.0</coordinates>
            </Point>
        </Placemark>
        <Placemark id="36162">
            <ExtendedData>
                <Data name="direction">
                    <value>https://maps.google.com?q=15.5143,73.95374&amp;t=h</value>
                </Data>
                <Data name="id">
                    <value>309</value>
                </Data>
                <Data name="name">
                    <value>Marshel Khajan</value>
                </Data>
                <Data name="taluka">
                    <value>Ponda</value>
                </Data>
                <Data name="syno">
                    <value>17</value>
                </Data>
                <Data name="subdiv">
                    <value>27</value>
                </Data>
                <Data name="village">
                    <value>Orgao</value>
                </Data>
                <Data name="latitude">
                    <value>15.5143</value>
                </Data>
                <Data name="longitude">
                    <value>73.95374</value>
                </Data>
                <Data name="photo_1">
                    <value>DCIM/20220405185557042.jpg</value>
                </Data>
                <Data name="photo_2">
                    <value>DCIM/20220405185647566.jpg</value>
                </Data>
                <Data name="constituency">
                    <value>20 - Priol</value>
                </Data>
                <Data name="status">
                    <value>Completed</value>
                </Data>
                <Data name="panchayat">
                    <value>Tivrem-Orgao</value>
                </Data>
                <Data name="wb_type">
                    <value>Tank</value>
                </Data>
                <Data name="owner_type">
                    <value>Private</value>
                </Data>
                <Data name="purpose">
                    <value>Storage</value>
                </Data>
                <Data name="construction">
                    <value>Man Made</value>
                </Data>
                <Data name="condition">
                    <value>Good</value>
                </Data>
                <Data name="print_order">
                    <value>125</value>
                </Data>
                <Data name="wb_id">
                    <value>Po/Orga/05</value>
                </Data>
                <Data name="storage_capacity">
                    <value>454.0</value>
                </Data>
                <Data name="wb_surface_id">
                    <value>3087</value>
                </Data>
                <Data name="created_at">
                    <value>2020-02-28 15:24:34</value>
                </Data>
                <Data name="updated_at">
                    <value>2023-07-22 14:03:14.307690</value>
                </Data>
                <Data name="book_id">
                    <value>3</value>
                </Data>
                <Data name="owners">
                    <value>Krishnabai Datta Naik
[Datta Rahu Naik]</value>
                </Data>
                <Data name="label_x">
                    <value>990548.0</value>
                </Data>
                <Data name="label_y">
                    <value>1012693.099836464</value>
                </Data>
            </ExtendedData>
            <Point id="36161">
                <coordinates>73.953736619,15.514298075,0.0</coordinates>
            </Point>
        </Placemark>
        <Placemark id="36194">
            <ExtendedData>
                <Data name="direction">
                    <value>https://maps.google.com?q=15.51501,73.95187&amp;t=h</value>
                </Data>
                <Data name="id">
                    <value>319</value>
                </Data>
                <Data name="name">
                    <value>Marshel Khajan</value>
                </Data>
                <Data name="taluka">
                    <value>Ponda</value>
                </Data>
                <Data name="syno">
                    <value>18</value>
                </Data>
                <Data name="subdiv">
                    <value>20,21</value>
                </Data>
                <Data name="village">
                    <value>Orgao</value>
                </Data>
                <Data name="latitude">
                    <value>15.51501</value>
                </Data>
                <Data name="longitude">
                    <value>73.95187</value>
                </Data>
                <Data name="photo_1">
                    <value>DCIM/20220405183354218.jpg</value>
                </Data>
                <Data name="photo_2">
                    <value>DCIM/20220405183433965.jpg</value>
                </Data>
                <Data name="constituency">
                    <value>20 - Priol</value>
                </Data>
                <Data name="status">
                    <value>Completed</value>
                </Data>
                <Data name="panchayat">
                    <value>Tivrem-Orgao</value>
                </Data>
                <Data name="wb_type">
                    <value>Pond</value>
                </Data>
                <Data name="owner_type">
                    <value>Private</value>
                </Data>
                <Data name="purpose">
                    <value>Irrigation</value>
                </Data>
                <Data name="construction">
                    <value>Natural</value>
                </Data>
                <Data name="condition">
                    <value>Needs Maintenance</value>
                </Data>
                <Data name="print_order">
                    <value>022</value>
                </Data>
                <Data name="wb_id">
                    <value>Po/Orga/18</value>
                </Data>
                <Data name="storage_capacity">
                    <value>79.0</value>
                </Data>
                <Data name="wb_surface_id">
                    <value>3197</value>
                </Data>
                <Data name="created_at">
                    <value>2020-02-28 15:24:34</value>
                </Data>
                <Data name="updated_at">
                    <value>2023-07-22 14:03:14.307690</value>
                </Data>
                <Data name="book_id">
                    <value>3</value>
                </Data>
                <Data name="owners">
                    <value>Krishnabai Datta Naik</value>
                </Data>
                <Data name="label_x">
                    <value>990548.0</value>
                </Data>
                <Data name="label_y">
                    <value>1013443.099836464</value>
                </Data>
            </ExtendedData>
            <Point id="36193">
                <coordinates>73.951872448,15.515011368,0.0</coordinates>
            </Point>
        </Placemark>
        <Placemark id="36226">
            <ExtendedData>
                <Data name="direction">
                    <value>https://maps.google.com?q=15.51314,73.95899&amp;t=h</value>
                </Data>
                <Data name="id">
                    <value>307</value>
                </Data>
                <Data name="name">
                    <value>Bhajar Tukada</value>
                </Data>
                <Data name="taluka">
                    <value>Ponda</value>
                </Data>
                <Data name="syno">
                    <value>10</value>
                </Data>
                <Data name="subdiv">
                    <value>6</value>
                </Data>
                <Data name="village">
                    <value>Orgao</value>
                </Data>
                <Data name="latitude">
                    <value>15.51314</value>
                </Data>
                <Data name="longitude">
                    <value>73.95899</value>
                </Data>
                <Data name="photo_1">
                    <value>DCIM/20220228180219148.jpg</value>
                </Data>
                <Data name="photo_2">
                    <value>DCIM/20220228180230584.jpg</value>
                </Data>
                <Data name="constituency">
                    <value>20 - Priol</value>
                </Data>
                <Data name="status">
                    <value>Completed</value>
                </Data>
                <Data name="panchayat">
                    <value>Tivrem-Orgao</value>
                </Data>
                <Data name="wb_type">
                    <value>Tank</value>
                </Data>
                <Data name="owner_type">
                    <value>Private</value>
                </Data>
                <Data name="purpose">
                    <value>Storage</value>
                </Data>
                <Data name="construction">
                    <value>Man Made</value>
                </Data>
                <Data name="condition">
                    <value>Dry</value>
                </Data>
                <Data name="print_order">
                    <value>124</value>
                </Data>
                <Data name="wb_id">
                    <value>Po/Orga/04</value>
                </Data>
                <Data name="storage_capacity">
                    <value>640.0</value>
                </Data>
                <Data name="wb_surface_id">
                    <value>3084</value>
                </Data>
                <Data name="created_at">
                    <value>2020-02-28 15:24:34</value>
                </Data>
                <Data name="updated_at">
                    <value>2023-07-22 14:03:14.307690</value>
                </Data>
                <Data name="book_id">
                    <value>3</value>
                </Data>
                <Data name="owners">
                    <value>Vinayak Venktesh Narvekar</value>
                </Data>
                <Data name="label_x">
                    <value>990548.0</value>
                </Data>
                <Data name="label_y">
                    <value>1010193.099836464</value>
                </Data>
            </ExtendedData>
            <Point id="36225">
                <coordinates>73.958990795,15.513139706,0.0</coordinates>
            </Point>
        </Placemark>
        <Placemark id="36258">
            <ExtendedData>
                <Data name="direction">
                    <value>https://maps.google.com?q=15.52414,73.94952&amp;t=h</value>
                </Data>
                <Data name="id">
                    <value>4700</value>
                </Data>
                <Data name="name">
                    <value>Sard Ankh</value>
                </Data>
                <Data name="taluka">
                    <value>Ponda</value>
                </Data>
                <Data name="syno">
                    <value>40</value>
                </Data>
                <Data name="subdiv">
                    <value>6</value>
                </Data>
                <Data name="village">
                    <value>Orgao</value>
                </Data>
                <Data name="latitude">
                    <value>15.52414</value>
                </Data>
                <Data name="longitude">
                    <value>73.94952</value>
                </Data>
                <Data name="photo_1">
                    <value>DCIM/20220405195903016.jpg</value>
                </Data>
                <Data name="photo_2">
                    <value>DCIM/20220405195911671.jpg</value>
                </Data>
                <Data name="constituency">
                    <value>20 - Priol</value>
                </Data>
                <Data name="status">
                    <value>Completed</value>
                </Data>
                <Data name="panchayat">
                    <value>Tivrem-Orgao</value>
                </Data>
                <Data name="wb_type">
                    <value>Tank</value>
                </Data>
                <Data name="owner_type">
                    <value>Communidade</value>
                </Data>
                <Data name="purpose">
                    <value>Irrigation</value>
                </Data>
                <Data name="construction">
                    <value>Natural</value>
                </Data>
                <Data name="condition">
                    <value>Good</value>
                </Data>
                <Data name="print_order">
                    <value>132</value>
                </Data>
                <Data name="wb_id">
                    <value>Po/Orga/34</value>
                </Data>
                <Data name="storage_capacity">
                    <value>26.0</value>
                </Data>
                <Data name="wb_surface_id">
                    <value>3788</value>
                </Data>
                <Data name="created_at">
                    <value>2022-04-05 00:00:00</value>
                </Data>
                <Data name="updated_at">
                    <value>2023-07-22 14:03:14.307690</value>
                </Data>
                <Data name="book_id">
                    <value>3</value>
                </Data>
                <Data name="owners">
                    <value>Communidade</value>
                </Data>
                <Data name="label_x">
                    <value>990548.0</value>
                </Data>
                <Data name="label_y">
                    <value>1017193.099836464</value>
                </Data>
            </ExtendedData>
            <Point id="36257">
                <coordinates>73.949516887,15.524140586,0.0</coordinates>
            </Point>
        </Placemark>
        <Placemark id="36290">
            <ExtendedData>
                <Data name="direction">
                    <value>https://maps.google.com?q=15.52214,73.94843&amp;t=h</value>
                </Data>
                <Data name="id">
                    <value>4300</value>
                </Data>
                <Data name="name">
                    <value>Supullo Ankh</value>
                </Data>
                <Data name="taluka">
                    <value>Ponda</value>
                </Data>
                <Data name="syno">
                    <value>34</value>
                </Data>
                <Data name="subdiv">
                    <value>10</value>
                </Data>
                <Data name="village">
                    <value>Orgao</value>
                </Data>
                <Data name="latitude">
                    <value>15.52214</value>
                </Data>
                <Data name="longitude">
                    <value>73.94843</value>
                </Data>
                <Data name="photo_1">
                    <value>DCIM/20220405191945022.jpg</value>
                </Data>
                <Data name="photo_2">
                    <value>DCIM/20220405192012843.jpg</value>
                </Data>
                <Data name="constituency">
                    <value>20 - Priol</value>
                </Data>
                <Data name="status">
                    <value>Completed</value>
                </Data>
                <Data name="panchayat">
                    <value>Tivrem-Orgao</value>
                </Data>
                <Data name="wb_type">
                    <value>Tank</value>
                </Data>
                <Data name="owner_type">
                    <value>Communidade</value>
                </Data>
                <Data name="purpose">
                    <value>Irrigation</value>
                </Data>
                <Data name="construction">
                    <value>Man Made</value>
                </Data>
                <Data name="condition">
                    <value>Good</value>
                </Data>
                <Data name="print_order">
                    <value>129</value>
                </Data>
                <Data name="wb_id">
                    <value>Po/Orga/23</value>
                </Data>
                <Data name="storage_capacity">
                    <value>54.0</value>
                </Data>
                <Data name="wb_surface_id">
                    <value>3243</value>
                </Data>
                <Data name="created_at">
                    <value>2021-12-31 08:47:56</value>
                </Data>
                <Data name="updated_at">
                    <value>2023-07-22 14:03:14.307690</value>
                </Data>
                <Data name="book_id">
                    <value>3</value>
                </Data>
                <Data name="owners">
                    <value>Communidade</value>
                </Data>
                <Data name="label_x">
                    <value>990548.0</value>
                </Data>
                <Data name="label_y">
                    <value>1015443.099836464</value>
                </Data>
            </ExtendedData>
            <Point id="36289">
                <coordinates>73.94842788,15.522138793,0.0</coordinates>
            </Point>
        </Placemark>
        <Placemark id="36322">
            <ExtendedData>
                <Data name="direction">
                    <value>https://maps.google.com?q=15.52201,73.94897&amp;t=h</value>
                </Data>
                <Data name="id">
                    <value>4699</value>
                </Data>
                <Data name="name">
                    <value>Sakola</value>
                </Data>
                <Data name="taluka">
                    <value>Ponda</value>
                </Data>
                <Data name="syno">
                    <value>32</value>
                </Data>
                <Data name="subdiv">
                    <value>1</value>
                </Data>
                <Data name="village">
                    <value>Orgao</value>
                </Data>
                <Data name="latitude">
                    <value>15.52201</value>
                </Data>
                <Data name="longitude">
                    <value>73.94897</value>
                </Data>
                <Data name="photo_1">
                    <value>DCIM/20220405191641546.jpg</value>
                </Data>
                <Data name="photo_2">
                    <value>DCIM/20220405191707649.jpg</value>
                </Data>
                <Data name="constituency">
                    <value>20 - Priol</value>
                </Data>
                <Data name="status">
                    <value>Completed</value>
                </Data>
                <Data name="panchayat">
                    <value>Tivrem-Orgao</value>
                </Data>
                <Data name="wb_type">
                    <value>Pond</value>
                </Data>
                <Data name="owner_type">
                    <value>Communidade</value>
                </Data>
                <Data name="purpose">
                    <value>Storage</value>
                </Data>
                <Data name="construction">
                    <value>Man Made</value>
                </Data>
                <Data name="condition">
                    <value>Good</value>
                </Data>
                <Data name="print_order">
                    <value>031</value>
                </Data>
                <Data name="wb_id">
                    <value>Po/Orga/32</value>
                </Data>
                <Data name="storage_capacity">
                    <value>29.0</value>
                </Data>
                <Data name="wb_surface_id">
                    <value>3787</value>
                </Data>
                <Data name="created_at">
                    <value>2022-04-05 00:00:00</value>
                </Data>
                <Data name="updated_at">
                    <value>2023-07-22 14:03:14.307690</value>
                </Data>
                <Data name="book_id">
                    <value>3</value>
                </Data>
                <Data name="owners">
                    <value>Cummnidade</value>
                </Data>
                <Data name="label_x">
                    <value>990548.0</value>
                </Data>
                <Data name="label_y">
                    <value>1015193.099836464</value>
                </Data>
            </ExtendedData>
            <Point id="36321">
                <coordinates>73.948972273,15.522005304,0.0</coordinates>
            </Point>
        </Placemark>
        <Placemark id="36354">
            <ExtendedData>
                <Data name="direction">
                    <value>https://maps.google.com?q=15.51467,73.95372&amp;t=h</value>
                </Data>
                <Data name="id">
                    <value>316</value>
                </Data>
                <Data name="name">
                    <value>Marshel Khajan</value>
                </Data>
                <Data name="taluka">
                    <value>Ponda</value>
                </Data>
                <Data name="syno">
                    <value>17</value>
                </Data>
                <Data name="subdiv">
                    <value>8</value>
                </Data>
                <Data name="village">
                    <value>Orgao</value>
                </Data>
                <Data name="latitude">
                    <value>15.51467</value>
                </Data>
                <Data name="longitude">
                    <value>73.95372</value>
                </Data>
                <Data name="photo_1">
                    <value>DCIM/20220405185110085.jpg</value>
                </Data>
                <Data name="photo_2">
                    <value>DCIM/20220405185123797.jpg</value>
                </Data>
                <Data name="constituency">
                    <value>20 - Priol</value>
                </Data>
                <Data name="status">
                    <value>Completed</value>
                </Data>
                <Data name="panchayat">
                    <value>Tivrem-Orgao</value>
                </Data>
                <Data name="wb_type">
                    <value>Pond</value>
                </Data>
                <Data name="owner_type">
                    <value>Private</value>
                </Data>
                <Data name="purpose">
                    <value>Storage</value>
                </Data>
                <Data name="construction">
                    <value>Natural</value>
                </Data>
                <Data name="condition">
                    <value>Needs Maintenance</value>
                </Data>
                <Data name="print_order">
                    <value>025</value>
                </Data>
                <Data name="wb_id">
                    <value>Po/Orga/25</value>
                </Data>
                <Data name="storage_capacity">
                    <value>50.0</value>
                </Data>
                <Data name="wb_surface_id">
                    <value>3090</value>
                </Data>
                <Data name="created_at">
                    <value>2020-02-28 15:24:34</value>
                </Data>
                <Data name="updated_at">
                    <value>2023-07-22 14:03:14.307690</value>
                </Data>
                <Data name="book_id">
                    <value>3</value>
                </Data>
                <Data name="owners">
                    <value>Krishnabai Datta Naik</value>
                </Data>
                <Data name="label_x">
                    <value>990548.0</value>
                </Data>
                <Data name="label_y">
                    <value>1012943.099836464</value>
                </Data>
            </ExtendedData>
            <Point id="36353">
                <coordinates>73.953719487,15.514671021,0.0</coordinates>
            </Point>
        </Placemark>
        <Placemark id="36386">
            <ExtendedData>
                <Data name="direction">
                    <value>https://maps.google.com?q=15.51401,73.95389&amp;t=h</value>
                </Data>
                <Data name="id">
                    <value>311</value>
                </Data>
                <Data name="name">
                    <value>Marshel Khajan</value>
                </Data>
                <Data name="taluka">
                    <value>Ponda</value>
                </Data>
                <Data name="syno">
                    <value>17</value>
                </Data>
                <Data name="subdiv">
                    <value>30</value>
                </Data>
                <Data name="village">
                    <value>Orgao</value>
                </Data>
                <Data name="latitude">
                    <value>15.51401</value>
                </Data>
                <Data name="longitude">
                    <value>73.95389</value>
                </Data>
                <Data name="photo_1">
                    <value>DCIM/20220405185859573.jpg</value>
                </Data>
                <Data name="photo_2">
                    <value>DCIM/20220405185921816.jpg</value>
                </Data>
                <Data name="constituency">
                    <value>20 - Priol</value>
                </Data>
                <Data name="status">
                    <value>Completed</value>
                </Data>
                <Data name="panchayat">
                    <value>Tivrem-Orgao</value>
                </Data>
                <Data name="wb_type">
                    <value>Pond</value>
                </Data>
                <Data name="owner_type">
                    <value>Private</value>
                </Data>
                <Data name="purpose">
                    <value>Storage</value>
                </Data>
                <Data name="construction">
                    <value>Natural</value>
                </Data>
                <Data name="condition">
                    <value>Needs Maintenance</value>
                </Data>
                <Data name="print_order">
                    <value>016</value>
                </Data>
                <Data name="wb_id">
                    <value>Po/Orga/11</value>
                </Data>
                <Data name="storage_capacity">
                    <value>154.0</value>
                </Data>
                <Data name="wb_surface_id">
                    <value>3086</value>
                </Data>
                <Data name="created_at">
                    <value>2020-02-28 15:24:34</value>
                </Data>
                <Data name="updated_at">
                    <value>2023-07-22 14:03:14.307690</value>
                </Data>
                <Data name="book_id">
                    <value>3</value>
                </Data>
                <Data name="owners">
                    <value>Krishnabai Datta Naik
[Datta Rahu Naik]</value>
                </Data>
                <Data name="label_x">
                    <value>990548.0</value>
                </Data>
                <Data name="label_y">
                    <value>1012443.099836464</value>
                </Data>
            </ExtendedData>
            <Point id="36385">
                <coordinates>73.953894758,15.514010789,0.0</coordinates>
            </Point>
        </Placemark>
        <Placemark id="36418">
            <ExtendedData>
                <Data name="direction">
                    <value>https://maps.google.com?q=15.52456,73.94979&amp;t=h</value>
                </Data>
                <Data name="id">
                    <value>4294</value>
                </Data>
                <Data name="name">
                    <value>Manashe Ankh</value>
                </Data>
                <Data name="taluka">
                    <value>Ponda</value>
                </Data>
                <Data name="syno">
                    <value>40</value>
                </Data>
                <Data name="subdiv">
                    <value>10</value>
                </Data>
                <Data name="village">
                    <value>Orgao</value>
                </Data>
                <Data name="latitude">
                    <value>15.52456</value>
                </Data>
                <Data name="longitude">
                    <value>73.94979</value>
                </Data>
                <Data name="photo_1">
                    <value>DCIM/20220405195614862.jpg</value>
                </Data>
                <Data name="photo_2">
                    <value>DCIM/20220405195626762.jpg</value>
                </Data>
                <Data name="constituency">
                    <value>20 - Priol</value>
                </Data>
                <Data name="status">
                    <value>Completed</value>
                </Data>
                <Data name="panchayat">
                    <value>Tivrem-Orgao</value>
                </Data>
                <Data name="wb_type">
                    <value>Tank</value>
                </Data>
                <Data name="owner_type">
                    <value>Communidade</value>
                </Data>
                <Data name="purpose">
                    <value>Irrigation</value>
                </Data>
                <Data name="construction">
                    <value>Natural</value>
                </Data>
                <Data name="condition">
                    <value>Good</value>
                </Data>
                <Data name="print_order">
                    <value>130</value>
                </Data>
                <Data name="wb_id">
                    <value>Po/Orga/24</value>
                </Data>
                <Data name="storage_capacity">
                    <value>51.0</value>
                </Data>
                <Data name="wb_surface_id">
                    <value>3251</value>
                </Data>
                <Data name="created_at">
                    <value>2021-12-31 08:47:56</value>
                </Data>
                <Data name="updated_at">
                    <value>2023-07-22 14:03:14.307690</value>
                </Data>
                <Data name="book_id">
                    <value>3</value>
                </Data>
                <Data name="owners">
                    <value>Communidade</value>
                </Data>
                <Data name="label_x">
                    <value>990548.0</value>
                </Data>
                <Data name="label_y">
                    <value>1017693.099836464</value>
                </Data>
            </ExtendedData>
            <Point id="36417">
                <coordinates>73.949785636,15.524563355,0.0</coordinates>
            </Point>
        </Placemark>
        <Placemark id="36450">
            <ExtendedData>
                <Data name="direction">
                    <value>https://maps.google.com?q=15.51451,73.95308&amp;t=h</value>
                </Data>
                <Data name="id">
                    <value>313</value>
                </Data>
                <Data name="name">
                    <value>Marshel Khajan</value>
                </Data>
                <Data name="taluka">
                    <value>Ponda</value>
                </Data>
                <Data name="syno">
                    <value>17</value>
                </Data>
                <Data name="subdiv">
                    <value>4</value>
                </Data>
                <Data name="village">
                    <value>Orgao</value>
                </Data>
                <Data name="latitude">
                    <value>15.51451</value>
                </Data>
                <Data name="longitude">
                    <value>73.95308</value>
                </Data>
                <Data name="photo_1">
                    <value>DCIM/20220405183636714.jpg</value>
                </Data>
                <Data name="photo_2">
                    <value>DCIM/20220405183649703.jpg</value>
                </Data>
                <Data name="constituency">
                    <value>20 - Priol</value>
                </Data>
                <Data name="status">
                    <value>Completed</value>
                </Data>
                <Data name="panchayat">
                    <value>Tivrem-Orgao</value>
                </Data>
                <Data name="wb_type">
                    <value>Pond</value>
                </Data>
                <Data name="owner_type">
                    <value>Private</value>
                </Data>
                <Data name="purpose">
                    <value>Irrigation</value>
                </Data>
                <Data name="construction">
                    <value>Man Made</value>
                </Data>
                <Data name="condition">
                    <value>Good</value>
                </Data>
                <Data name="print_order">
                    <value>018</value>
                </Data>
                <Data name="wb_id">
                    <value>Po/Orga/14</value>
                </Data>
                <Data name="storage_capacity">
                    <value>96.0</value>
                </Data>
                <Data name="wb_surface_id">
                    <value>3195</value>
                </Data>
                <Data name="created_at">
                    <value>2020-02-28 15:24:34</value>
                </Data>
                <Data name="updated_at">
                    <value>2023-07-22 14:03:14.307690</value>
                </Data>
                <Data name="book_id">
                    <value>3</value>
                </Data>
                <Data name="owners">
                    <value>Krishnabai Datta Naik</value>
                </Data>
                <Data name="label_x">
                    <value>990548.0</value>
                </Data>
                <Data name="label_y">
                    <value>1013193.099836464</value>
                </Data>
            </ExtendedData>
            <Point id="36449">
                <coordinates>73.953079248,15.514505973,0.0</coordinates>
            </Point>
        </Placemark>
        <Placemark id="36482">
            <ExtendedData>
                <Data name="direction">
                    <value>https://maps.google.com?q=15.52184,73.94934&amp;t=h</value>
                </Data>
                <Data name="id">
                    <value>4697</value>
                </Data>
                <Data name="name">
                    <value>Sankol</value>
                </Data>
                <Data name="taluka">
                    <value>Ponda</value>
                </Data>
                <Data name="syno">
                    <value>32</value>
                </Data>
                <Data name="subdiv">
                    <value>2</value>
                </Data>
                <Data name="village">
                    <value>Orgao</value>
                </Data>
                <Data name="latitude">
                    <value>15.52184</value>
                </Data>
                <Data name="longitude">
                    <value>73.94934</value>
                </Data>
                <Data name="photo_1">
                    <value>DCIM/20220405191150426.jpg</value>
                </Data>
                <Data name="photo_2">
                    <value>DCIM/20220405184331695.jpg</value>
                </Data>
                <Data name="constituency">
                    <value>20 - Priol</value>
                </Data>
                <Data name="status">
                    <value>Completed</value>
                </Data>
                <Data name="panchayat">
                    <value>Tivrem-Orgao</value>
                </Data>
                <Data name="wb_type">
                    <value>Pond</value>
                </Data>
                <Data name="owner_type">
                    <value>Communidade</value>
                </Data>
                <Data name="purpose">
                    <value>Storage</value>
                </Data>
                <Data name="construction">
                    <value>Man Made</value>
                </Data>
                <Data name="condition">
                    <value>Good</value>
                </Data>
                <Data name="print_order">
                    <value>036</value>
                </Data>
                <Data name="wb_id">
                    <value>Po/Orga/38</value>
                </Data>
                <Data name="storage_capacity">
                    <value>13.0</value>
                </Data>
                <Data name="wb_surface_id">
                    <value>3785</value>
                </Data>
                <Data name="created_at">
                    <value>2022-04-05 00:00:00</value>
                </Data>
                <Data name="updated_at">
                    <value>2023-07-22 14:03:14.307690</value>
                </Data>
                <Data name="book_id">
                    <value>3</value>
                </Data>
                <Data name="owners">
                    <value>Communidade</value>
                </Data>
                <Data name="label_x">
                    <value>990548.0</value>
                </Data>
                <Data name="label_y">
                    <value>1014693.099836464</value>
                </Data>
            </ExtendedData>
            <Point id="36481">
                <coordinates>73.949337443,15.521844222,0.0</coordinates>
            </Point>
        </Placemark>
        <Placemark id="36514">
            <ExtendedData>
                <Data name="direction">
                    <value>https://maps.google.com?q=15.5185,73.95129&amp;t=h</value>
                </Data>
                <Data name="id">
                    <value>321</value>
                </Data>
                <Data name="name">
                    <value>Vaigan Arao</value>
                </Data>
                <Data name="taluka">
                    <value>Ponda</value>
                </Data>
                <Data name="syno">
                    <value>25</value>
                </Data>
                <Data name="subdiv">
                    <value>13</value>
                </Data>
                <Data name="village">
                    <value>Orgao</value>
                </Data>
                <Data name="latitude">
                    <value>15.5185</value>
                </Data>
                <Data name="longitude">
                    <value>73.95129</value>
                </Data>
                <Data name="photo_1">
                    <value>DCIM/20220405190502845.jpg</value>
                </Data>
                <Data name="photo_2">
                    <value>DCIM/20220405190618175.jpg</value>
                </Data>
                <Data name="constituency">
                    <value>20 - Priol</value>
                </Data>
                <Data name="status">
                    <value>Completed</value>
                </Data>
                <Data name="panchayat">
                    <value>Tivrem-Orgao</value>
                </Data>
                <Data name="wb_type">
                    <value>Pond</value>
                </Data>
                <Data name="owner_type">
                    <value>Private</value>
                </Data>
                <Data name="purpose">
                    <value>Storage</value>
                </Data>
                <Data name="construction">
                    <value>Natural</value>
                </Data>
                <Data name="condition">
                    <value>Needs Maintenance</value>
                </Data>
                <Data name="print_order">
                    <value>017</value>
                </Data>
                <Data name="wb_id">
                    <value>Po/Orga/13</value>
                </Data>
                <Data name="storage_capacity">
                    <value>115.0</value>
                </Data>
                <Data name="wb_surface_id">
                    <value>3071</value>
                </Data>
                <Data name="created_at">
                    <value>2020-02-28 15:24:34</value>
                </Data>
                <Data name="updated_at">
                    <value>2023-07-22 14:03:14.307690</value>
                </Data>
                <Data name="book_id">
                    <value>3</value>
                </Data>
                <Data name="owners">
                    <value>Shri devi Shanta Durga Wargao</value>
                </Data>
                <Data name="label_x">
                    <value>990548.0</value>
                </Data>
                <Data name="label_y">
                    <value>1013693.099836464</value>
                </Data>
            </ExtendedData>
            <Point id="36513">
                <coordinates>73.951285513,15.51850449,0.0</coordinates>
            </Point>
        </Placemark>
    </Document>
</kml>
