<?xml version="1.0" encoding="UTF-8"?>
<kml xmlns="http://www.opengis.net/kml/2.2" xmlns:gx="http://www.google.com/kml/ext/2.2">
    <Document id="16599">
        <Placemark id="16601">
            <ExtendedData>
                <Data name="direction">
                    <value>https://maps.google.com?q=14.95755,74.05591&amp;t=h</value>
                </Data>
                <Data name="id">
                    <value>3061</value>
                </Data>
                <Data name="name">
                    <value>Babre Tank; Agor</value>
                </Data>
                <Data name="taluka">
                    <value>Canacona</value>
                </Data>
                <Data name="syno">
                    <value>75</value>
                </Data>
                <Data name="subdiv">
                    <value>6</value>
                </Data>
                <Data name="village">
                    <value>Loliem</value>
                </Data>
                <Data name="latitude">
                    <value>14.95755</value>
                </Data>
                <Data name="longitude">
                    <value>74.05591</value>
                </Data>
                <Data name="photo_1">
                    <value>DCIM/20220524075615197.jpg</value>
                </Data>
                <Data name="photo_2">
                    <value>DCIM/20220524075623929.jpg</value>
                </Data>
                <Data name="constituency">
                    <value>40 - Canacona</value>
                </Data>
                <Data name="status">
                    <value>Completed</value>
                </Data>
                <Data name="panchayat">
                    <value>Loliem-Polem</value>
                </Data>
                <Data name="wb_type">
                    <value>Tank</value>
                </Data>
                <Data name="owner_type">
                    <value>Private</value>
                </Data>
                <Data name="purpose">
                    <value>Storage</value>
                </Data>
                <Data name="construction">
                    <value>Natural/Man Made</value>
                </Data>
                <Data name="condition">
                    <value>Needs Maintenance</value>
                </Data>
                <Data name="print_order">
                    <value>114</value>
                </Data>
                <Data name="wb_id">
                    <value>Ca/Loli/06</value>
                </Data>
                <Data name="storage_capacity">
                    <value>1400.0</value>
                </Data>
                <Data name="wb_surface_id">
                    <value>2099</value>
                </Data>
                <Data name="created_at">
                    <value>2020-06-05 11:06:39</value>
                </Data>
                <Data name="updated_at">
                    <value>2023-07-22 14:03:14.307690</value>
                </Data>
                <Data name="book_id">
                    <value>1</value>
                </Data>
                <Data name="owners">
                    <value>Govind Anant Lolienkar</value>
                </Data>
                <Data name="label_x">
                    <value>995347.0</value>
                </Data>
                <Data name="label_y">
                    <value>948304.198933077</value>
                </Data>
            </ExtendedData>
            <Point id="16600">
                <coordinates>74.055913751,14.957554555,0.0</coordinates>
            </Point>
        </Placemark>
        <Placemark id="16633">
            <ExtendedData>
                <Data name="direction">
                    <value>https://maps.google.com?q=14.96018,74.06844&amp;t=h</value>
                </Data>
                <Data name="id">
                    <value>3068</value>
                </Data>
                <Data name="name">
                    <value>Bhagwati Temple Tank; Devagal; Agshot</value>
                </Data>
                <Data name="taluka">
                    <value>Canacona</value>
                </Data>
                <Data name="syno">
                    <value>63</value>
                </Data>
                <Data name="subdiv">
                    <value>1</value>
                </Data>
                <Data name="village">
                    <value>Loliem</value>
                </Data>
                <Data name="latitude">
                    <value>14.96018</value>
                </Data>
                <Data name="longitude">
                    <value>74.06844</value>
                </Data>
                <Data name="photo_1">
                    <value>DCIM/3068_1.jpg</value>
                </Data>
                <Data name="photo_2">
                    <value>DCIM/3068_2.jpg</value>
                </Data>
                <Data name="constituency">
                    <value>40 - Canacona</value>
                </Data>
                <Data name="status">
                    <value>Completed</value>
                </Data>
                <Data name="panchayat">
                    <value>Loliem-Polem</value>
                </Data>
                <Data name="wb_type">
                    <value>Tank</value>
                </Data>
                <Data name="owner_type">
                    <value>Communidade</value>
                </Data>
                <Data name="purpose">
                    <value>Storage</value>
                </Data>
                <Data name="construction">
                    <value>Man Made</value>
                </Data>
                <Data name="condition">
                    <value>Needs Maintenance</value>
                </Data>
                <Data name="print_order">
                    <value>121</value>
                </Data>
                <Data name="wb_id">
                    <value>Ca/Loli/24</value>
                </Data>
                <Data name="storage_capacity">
                    <value>326.0</value>
                </Data>
                <Data name="wb_surface_id">
                    <value>2101</value>
                </Data>
                <Data name="created_at">
                    <value>2020-06-05 11:43:59</value>
                </Data>
                <Data name="updated_at">
                    <value>2023-07-22 14:03:14.307690</value>
                </Data>
                <Data name="book_id">
                    <value>1</value>
                </Data>
                <Data name="owners">
                    <value>Communidade of Loliem</value>
                </Data>
                <Data name="label_x">
                    <value>995347.0</value>
                </Data>
                <Data name="label_y">
                    <value>946304.198933077</value>
                </Data>
            </ExtendedData>
            <Point id="16632">
                <coordinates>74.068435296,14.960177807,0.0</coordinates>
            </Point>
        </Placemark>
        <Placemark id="16665">
            <ExtendedData>
                <Data name="direction">
                    <value>https://maps.google.com?q=14.93337,74.05277&amp;t=h</value>
                </Data>
                <Data name="id">
                    <value>3058</value>
                </Data>
                <Data name="name">
                    <value>Maina Madi Tali; Mainatole</value>
                </Data>
                <Data name="taluka">
                    <value>Canacona</value>
                </Data>
                <Data name="syno">
                    <value>336</value>
                </Data>
                <Data name="subdiv">
                    <value>1</value>
                </Data>
                <Data name="village">
                    <value>Loliem</value>
                </Data>
                <Data name="latitude">
                    <value>14.93337</value>
                </Data>
                <Data name="longitude">
                    <value>74.05277</value>
                </Data>
                <Data name="photo_1">
                    <value>DCIM/20220524092437560.jpg</value>
                </Data>
                <Data name="photo_2">
                    <value>DCIM/20220524092455076.jpg</value>
                </Data>
                <Data name="constituency">
                    <value>40 - Canacona</value>
                </Data>
                <Data name="status">
                    <value>Completed</value>
                </Data>
                <Data name="panchayat">
                    <value>Loliem-Polem</value>
                </Data>
                <Data name="wb_type">
                    <value>Pond</value>
                </Data>
                <Data name="owner_type">
                    <value>Private</value>
                </Data>
                <Data name="purpose">
                    <value>Irrigation</value>
                </Data>
                <Data name="construction">
                    <value>Natural</value>
                </Data>
                <Data name="condition">
                    <value>Needs Maintenance</value>
                </Data>
                <Data name="print_order">
                    <value>033</value>
                </Data>
                <Data name="wb_id">
                    <value>Ca/Loli/20</value>
                </Data>
                <Data name="storage_capacity">
                    <value>419.0</value>
                </Data>
                <Data name="wb_surface_id">
                    <value>2095</value>
                </Data>
                <Data name="created_at">
                    <value>2020-06-05 11:01:09</value>
                </Data>
                <Data name="updated_at">
                    <value>2023-07-22 14:03:14.307690</value>
                </Data>
                <Data name="book_id">
                    <value>1</value>
                </Data>
                <Data name="owners">
                    <value>Ramanath Trivikram Prabhu
Shabu Trivikram Prabhu
Yeshwanta Trivikram Prabhu</value>
                </Data>
                <Data name="label_x">
                    <value>1001865.0</value>
                </Data>
                <Data name="label_y">
                    <value>948575.356525197</value>
                </Data>
            </ExtendedData>
            <Point id="16664">
                <coordinates>74.052765407,14.933365788,0.0</coordinates>
            </Point>
        </Placemark>
        <Placemark id="16697">
            <ExtendedData>
                <Data name="direction">
                    <value>https://maps.google.com?q=14.95612,74.05986&amp;t=h</value>
                </Data>
                <Data name="id">
                    <value>4967</value>
                </Data>
                <Data name="name">
                    <value>Agas,Cungi</value>
                </Data>
                <Data name="taluka">
                    <value>Canacona</value>
                </Data>
                <Data name="syno">
                    <value>76</value>
                </Data>
                <Data name="subdiv">
                    <value>32,34,36,40,43,45</value>
                </Data>
                <Data name="village">
                    <value>Loliem</value>
                </Data>
                <Data name="latitude">
                    <value>14.95612</value>
                </Data>
                <Data name="longitude">
                    <value>74.05986</value>
                </Data>
                <Data name="photo_1">
                    <value>DCIM/20220514105625755.jpg</value>
                </Data>
                <Data name="photo_2">
                    <value>DCIM/20220514105710756.jpg</value>
                </Data>
                <Data name="constituency">
                    <value>40 - Canacona</value>
                </Data>
                <Data name="status">
                    <value>Completed</value>
                </Data>
                <Data name="panchayat">
                    <value>Loliem-Polem</value>
                </Data>
                <Data name="wb_type">
                    <value>Pond</value>
                </Data>
                <Data name="owner_type">
                    <value>Private</value>
                </Data>
                <Data name="purpose">
                    <value>Irrigation</value>
                </Data>
                <Data name="construction">
                    <value>Natural/Man Made</value>
                </Data>
                <Data name="condition">
                    <value>Good</value>
                </Data>
                <Data name="print_order">
                    <value>024</value>
                </Data>
                <Data name="wb_id">
                    <value>Ca/Loli/04</value>
                </Data>
                <Data name="storage_capacity">
                    <value>1860.0</value>
                </Data>
                <Data name="wb_surface_id">
                    <value>3853</value>
                </Data>
                <Data name="created_at">
                    <value>2022-05-14 00:00:00</value>
                </Data>
                <Data name="updated_at">
                    <value>2023-07-22 14:03:14.307690</value>
                </Data>
                <Data name="book_id">
                    <value>1</value>
                </Data>
                <Data name="owners">
                    <value>Krishna Narayan Prabhu Gaunkar
Krishna Purshottam Prabhu Dessai
Laximidhar Govind Prabhu Gaunkar
Laximidhar Narayan Prabhu Gaunkar
Manohar Damodar Prabhu Dessai
Pandhari Narayan Prabhu Gaunkar
Ramchandra Narayan Prabhu Gaunkar
Ramesh Nanda Loliencar
Shripad Lolienkar</value>
                </Data>
                <Data name="label_x">
                    <value>995347.0</value>
                </Data>
                <Data name="label_y">
                    <value>947304.198933077</value>
                </Data>
            </ExtendedData>
            <Point id="16696">
                <coordinates>74.059855027,14.956120658,0.0</coordinates>
            </Point>
        </Placemark>
        <Placemark id="16729">
            <ExtendedData>
                <Data name="direction">
                    <value>https://maps.google.com?q=14.95848,74.05832&amp;t=h</value>
                </Data>
                <Data name="id">
                    <value>549</value>
                </Data>
                <Data name="name">
                    <value>Agas</value>
                </Data>
                <Data name="taluka">
                    <value>Canacona</value>
                </Data>
                <Data name="syno">
                    <value>75</value>
                </Data>
                <Data name="subdiv">
                    <value>16</value>
                </Data>
                <Data name="village">
                    <value>Loliem</value>
                </Data>
                <Data name="latitude">
                    <value>14.95848</value>
                </Data>
                <Data name="longitude">
                    <value>74.05832</value>
                </Data>
                <Data name="photo_1">
                    <value>DCIM/20220514111151285.jpg</value>
                </Data>
                <Data name="photo_2">
                    <value>DCIM/20220514111210816.jpg</value>
                </Data>
                <Data name="constituency">
                    <value>40 - Canacona</value>
                </Data>
                <Data name="status">
                    <value>Completed</value>
                </Data>
                <Data name="panchayat">
                    <value>Loliem-Polem</value>
                </Data>
                <Data name="wb_type">
                    <value>Tank</value>
                </Data>
                <Data name="owner_type">
                    <value>Private</value>
                </Data>
                <Data name="purpose">
                    <value>Storage</value>
                </Data>
                <Data name="construction">
                    <value>Man Made</value>
                </Data>
                <Data name="condition">
                    <value>Needs Maintenance</value>
                </Data>
                <Data name="print_order">
                    <value>112</value>
                </Data>
                <Data name="wb_id">
                    <value>Ca/Loli/01</value>
                </Data>
                <Data name="storage_capacity">
                    <value>7018.0</value>
                </Data>
                <Data name="wb_surface_id">
                    <value>464</value>
                </Data>
                <Data name="created_at">
                    <value>2020-02-28 15:24:34</value>
                </Data>
                <Data name="updated_at">
                    <value>2023-07-22 14:03:14.307690</value>
                </Data>
                <Data name="book_id">
                    <value>1</value>
                </Data>
                <Data name="owners">
                    <value>Madhukar R. Loliencar
Sarita Vithal Lolayekar</value>
                </Data>
                <Data name="label_x">
                    <value>995347.0</value>
                </Data>
                <Data name="label_y">
                    <value>948054.198933077</value>
                </Data>
            </ExtendedData>
            <Point id="16728">
                <coordinates>74.058319501,14.958477277,0.0</coordinates>
            </Point>
        </Placemark>
        <Placemark id="16761">
            <ExtendedData>
                <Data name="direction">
                    <value>https://maps.google.com?q=14.95941,74.05795&amp;t=h</value>
                </Data>
                <Data name="id">
                    <value>4969</value>
                </Data>
                <Data name="name">
                    <value>Agas</value>
                </Data>
                <Data name="taluka">
                    <value>Canacona</value>
                </Data>
                <Data name="syno">
                    <value>75</value>
                </Data>
                <Data name="subdiv">
                    <value>15</value>
                </Data>
                <Data name="village">
                    <value>Loliem</value>
                </Data>
                <Data name="latitude">
                    <value>14.95941</value>
                </Data>
                <Data name="longitude">
                    <value>74.05795</value>
                </Data>
                <Data name="photo_1">
                    <value>DCIM/20220514111457839.jpg</value>
                </Data>
                <Data name="photo_2">
                    <value>DCIM/20220514111514502.jpg</value>
                </Data>
                <Data name="constituency">
                    <value>40 - Canacona</value>
                </Data>
                <Data name="status">
                    <value>Completed</value>
                </Data>
                <Data name="panchayat">
                    <value>Loliem-Polem</value>
                </Data>
                <Data name="wb_type">
                    <value>Tank</value>
                </Data>
                <Data name="owner_type">
                    <value>Private</value>
                </Data>
                <Data name="purpose">
                    <value>Irrigation</value>
                </Data>
                <Data name="construction">
                    <value>Man Made</value>
                </Data>
                <Data name="condition">
                    <value>Good</value>
                </Data>
                <Data name="print_order">
                    <value>125</value>
                </Data>
                <Data name="wb_id">
                    <value>Ca/Loli/31</value>
                </Data>
                <Data name="storage_capacity">
                    <value>143.0</value>
                </Data>
                <Data name="wb_surface_id">
                    <value>3933</value>
                </Data>
                <Data name="created_at">
                    <value>2022-05-14 00:00:00</value>
                </Data>
                <Data name="updated_at">
                    <value>2023-07-22 14:03:14.307690</value>
                </Data>
                <Data name="book_id">
                    <value>1</value>
                </Data>
                <Data name="owners">
                    <value>Vithal Loliencar</value>
                </Data>
                <Data name="label_x">
                    <value>995347.0</value>
                </Data>
                <Data name="label_y">
                    <value>948804.198933077</value>
                </Data>
            </ExtendedData>
            <Point id="16760">
                <coordinates>74.057947871,14.959410015,0.0</coordinates>
            </Point>
        </Placemark>
        <Placemark id="16793">
            <ExtendedData>
                <Data name="direction">
                    <value>https://maps.google.com?q=14.92396,74.06917&amp;t=h</value>
                </Data>
                <Data name="id">
                    <value>4964</value>
                </Data>
                <Data name="name">
                    <value>Tanshi Pond; Tonasa</value>
                </Data>
                <Data name="taluka">
                    <value>Canacona</value>
                </Data>
                <Data name="syno">
                    <value>328</value>
                </Data>
                <Data name="subdiv">
                    <value>1</value>
                </Data>
                <Data name="village">
                    <value>Loliem</value>
                </Data>
                <Data name="latitude">
                    <value>14.92396</value>
                </Data>
                <Data name="longitude">
                    <value>74.06917</value>
                </Data>
                <Data name="photo_1">
                    <value>DCIM/20220514093420583.jpg</value>
                </Data>
                <Data name="photo_2">
                    <value>DCIM/20220514093433230.jpg</value>
                </Data>
                <Data name="constituency">
                    <value>40 - Canacona</value>
                </Data>
                <Data name="status">
                    <value>Completed</value>
                </Data>
                <Data name="panchayat">
                    <value>Loliem-Polem</value>
                </Data>
                <Data name="wb_type">
                    <value>Pond</value>
                </Data>
                <Data name="owner_type">
                    <value>Private / Public</value>
                </Data>
                <Data name="purpose">
                    <value>Irrigation</value>
                </Data>
                <Data name="construction">
                    <value>Natural</value>
                </Data>
                <Data name="condition">
                    <value>Needs Maintenance</value>
                </Data>
                <Data name="print_order">
                    <value>034</value>
                </Data>
                <Data name="wb_id">
                    <value>Ca/Loli/27</value>
                </Data>
                <Data name="storage_capacity">
                    <value>233.0</value>
                </Data>
                <Data name="wb_surface_id">
                    <value>3929</value>
                </Data>
                <Data name="created_at">
                    <value>2022-05-14 00:00:00</value>
                </Data>
                <Data name="updated_at">
                    <value>2023-07-22 14:03:14.307690</value>
                </Data>
                <Data name="book_id">
                    <value>1</value>
                </Data>
                <Data name="owners">
                    <value>Agostinho Colaco
Communidade of Loliem
Executive Engineer WD XXV (R) P.W.D. Fatorda, Margao
Janardhan Nilkantha Bhat
Janu Gaunkar
Joao Jeronio Collaco
Laximan Rama Gaunkar
M/s. Gold Resorts and Hotel Private Limited
Minguelina D&quot;Souza
Sebastiao Collaco
Yesso Rama Gaunkar</value>
                </Data>
                <Data name="label_x">
                    <value>1001865.0</value>
                </Data>
                <Data name="label_y">
                    <value>945825.356525197</value>
                </Data>
            </ExtendedData>
            <Point id="16792">
                <coordinates>74.069174851,14.92396351,0.0</coordinates>
            </Point>
        </Placemark>
        <Placemark id="16825">
            <ExtendedData>
                <Data name="direction">
                    <value>https://maps.google.com?q=14.96946,74.06182&amp;t=h</value>
                </Data>
                <Data name="id">
                    <value>3067</value>
                </Data>
                <Data name="name">
                    <value>Caroi</value>
                </Data>
                <Data name="taluka">
                    <value>Canacona</value>
                </Data>
                <Data name="syno">
                    <value>10</value>
                </Data>
                <Data name="subdiv">
                    <value>5</value>
                </Data>
                <Data name="village">
                    <value>Loliem</value>
                </Data>
                <Data name="latitude">
                    <value>14.96946</value>
                </Data>
                <Data name="longitude">
                    <value>74.06182</value>
                </Data>
                <Data name="photo_1">
                    <value>DCIM/20220514084752549.jpg</value>
                </Data>
                <Data name="photo_2">
                    <value>DCIM/20220514084807288.jpg</value>
                </Data>
                <Data name="constituency">
                    <value>40 - Canacona</value>
                </Data>
                <Data name="status">
                    <value>Completed</value>
                </Data>
                <Data name="panchayat">
                    <value>Loliem-Polem</value>
                </Data>
                <Data name="wb_type">
                    <value>Pond</value>
                </Data>
                <Data name="owner_type">
                    <value>Private</value>
                </Data>
                <Data name="purpose">
                    <value>Irrigation</value>
                </Data>
                <Data name="construction">
                    <value>Man Made</value>
                </Data>
                <Data name="condition">
                    <value>Needs Maintenance</value>
                </Data>
                <Data name="print_order">
                    <value>031</value>
                </Data>
                <Data name="wb_id">
                    <value>Ca/Loli/16</value>
                </Data>
                <Data name="storage_capacity">
                    <value>543.0</value>
                </Data>
                <Data name="wb_surface_id">
                    <value>2103</value>
                </Data>
                <Data name="created_at">
                    <value>2020-06-05 11:43:59</value>
                </Data>
                <Data name="updated_at">
                    <value>2023-07-22 14:03:14.307690</value>
                </Data>
                <Data name="book_id">
                    <value>1</value>
                </Data>
                <Data name="owners">
                    <value>Hari Ramchandra Bhat</value>
                </Data>
                <Data name="label_x">
                    <value>995347.0</value>
                </Data>
                <Data name="label_y">
                    <value>953304.198933077</value>
                </Data>
            </ExtendedData>
            <Point id="16824">
                <coordinates>74.061818526,14.969460042,0.0</coordinates>
            </Point>
        </Placemark>
        <Placemark id="16857">
            <ExtendedData>
                <Data name="direction">
                    <value>https://maps.google.com?q=14.94348,74.07037&amp;t=h</value>
                </Data>
                <Data name="id">
                    <value>553</value>
                </Data>
                <Data name="name">
                    <value>Madumas; Sakre Aak; Tirta Cumho</value>
                </Data>
                <Data name="taluka">
                    <value>Canacona</value>
                </Data>
                <Data name="syno">
                    <value>93</value>
                </Data>
                <Data name="subdiv">
                    <value>40</value>
                </Data>
                <Data name="village">
                    <value>Loliem</value>
                </Data>
                <Data name="latitude">
                    <value>14.94348</value>
                </Data>
                <Data name="longitude">
                    <value>74.07037</value>
                </Data>
                <Data name="photo_1">
                    <value>DCIM/20220514095251373.jpg</value>
                </Data>
                <Data name="photo_2">
                    <value>DCIM/20220514095333143.jpg</value>
                </Data>
                <Data name="constituency">
                    <value>40 - Canacona</value>
                </Data>
                <Data name="status">
                    <value>Completed</value>
                </Data>
                <Data name="panchayat">
                    <value>Loliem-Polem</value>
                </Data>
                <Data name="wb_type">
                    <value>Pond</value>
                </Data>
                <Data name="owner_type">
                    <value>Private</value>
                </Data>
                <Data name="purpose">
                    <value>Storage</value>
                </Data>
                <Data name="construction">
                    <value>Natural</value>
                </Data>
                <Data name="condition">
                    <value>Good</value>
                </Data>
                <Data name="print_order">
                    <value>027</value>
                </Data>
                <Data name="wb_id">
                    <value>Ca/Loli/12</value>
                </Data>
                <Data name="storage_capacity">
                    <value>719.0</value>
                </Data>
                <Data name="wb_surface_id">
                    <value>1778</value>
                </Data>
                <Data name="created_at">
                    <value>2020-02-28 15:24:34</value>
                </Data>
                <Data name="updated_at">
                    <value>2023-07-22 14:03:14.307690</value>
                </Data>
                <Data name="book_id">
                    <value>1</value>
                </Data>
                <Data name="owners">
                    <value>Shri Keshav Devasthan of Loliem</value>
                </Data>
                <Data name="label_x">
                    <value>1001865.0</value>
                </Data>
                <Data name="label_y">
                    <value>947575.356525197</value>
                </Data>
            </ExtendedData>
            <Point id="16856">
                <coordinates>74.070373235,14.943476861,0.0</coordinates>
            </Point>
        </Placemark>
        <Placemark id="16889">
            <ExtendedData>
                <Data name="direction">
                    <value>https://maps.google.com?q=14.94003,74.05691&amp;t=h</value>
                </Data>
                <Data name="id">
                    <value>5055</value>
                </Data>
                <Data name="name">
                    <value>Santan Gal</value>
                </Data>
                <Data name="taluka">
                    <value>Canacona</value>
                </Data>
                <Data name="syno">
                    <value>340</value>
                </Data>
                <Data name="subdiv">
                    <value>1</value>
                </Data>
                <Data name="village">
                    <value>Loliem</value>
                </Data>
                <Data name="latitude">
                    <value>14.94003</value>
                </Data>
                <Data name="longitude">
                    <value>74.05691</value>
                </Data>
                <Data name="photo_1">
                    <value>DCIM/20220524093348339.jpg</value>
                </Data>
                <Data name="photo_2">
                    <value>DCIM/20220524093413988.jpg</value>
                </Data>
                <Data name="constituency">
                    <value>40 - Canacona</value>
                </Data>
                <Data name="status">
                    <value>Completed</value>
                </Data>
                <Data name="panchayat">
                    <value>Loliem-Polem</value>
                </Data>
                <Data name="wb_type">
                    <value>Pond</value>
                </Data>
                <Data name="owner_type">
                    <value>Private</value>
                </Data>
                <Data name="purpose">
                    <value>Storage</value>
                </Data>
                <Data name="construction">
                    <value>Natural</value>
                </Data>
                <Data name="condition">
                    <value>Needs Maintenance</value>
                </Data>
                <Data name="print_order">
                    <value>030</value>
                </Data>
                <Data name="wb_id">
                    <value>Ca/Loli/15</value>
                </Data>
                <Data name="storage_capacity">
                    <value>660.0</value>
                </Data>
                <Data name="wb_surface_id">
                    <value>3939</value>
                </Data>
                <Data name="created_at">
                    <value>2022-05-24 00:00:00</value>
                </Data>
                <Data name="updated_at">
                    <value>2023-07-22 14:03:14.307690</value>
                </Data>
                <Data name="book_id">
                    <value>1</value>
                </Data>
                <Data name="owners">
                    <value>Babu Laxman Kharat
Cipson Pereira
Francisco Xavier Corte
Janu Laxman Kharat
Laxman Babu Kharat
Mahendrakumar Raju Pujari
Manda Janu Kharat
Navu Vithu Vara
Omdev Tirkappa Ganachari
Paul Colaco
Premanand Ram Gazinkar
Savita Babu Kharat
Suresh Balu Pujari
Vidhya Vithu Kavlekar
Vinayak Laxman Kharat
Vithu Dhulo Kavlekar</value>
                </Data>
                <Data name="label_x">
                    <value>1001865.0</value>
                </Data>
                <Data name="label_y">
                    <value>948825.356525197</value>
                </Data>
            </ExtendedData>
            <Point id="16888">
                <coordinates>74.056914887,14.940033542,0.0</coordinates>
            </Point>
        </Placemark>
        <Placemark id="16921">
            <ExtendedData>
                <Data name="direction">
                    <value>https://maps.google.com?q=14.94288,74.06938&amp;t=h</value>
                </Data>
                <Data name="id">
                    <value>552</value>
                </Data>
                <Data name="name">
                    <value>Keshav Devasthan Temple Tank; Pedem</value>
                </Data>
                <Data name="taluka">
                    <value>Canacona</value>
                </Data>
                <Data name="syno">
                    <value>137</value>
                </Data>
                <Data name="subdiv">
                    <value>1</value>
                </Data>
                <Data name="village">
                    <value>Loliem</value>
                </Data>
                <Data name="latitude">
                    <value>14.94288</value>
                </Data>
                <Data name="longitude">
                    <value>74.06938</value>
                </Data>
                <Data name="photo_1">
                    <value>DCIM/20220524080437305.jpg</value>
                </Data>
                <Data name="photo_2">
                    <value>DCIM/20220524080517198.jpg</value>
                </Data>
                <Data name="constituency">
                    <value>40 - Canacona</value>
                </Data>
                <Data name="status">
                    <value>Completed</value>
                </Data>
                <Data name="panchayat">
                    <value>Loliem-Polem</value>
                </Data>
                <Data name="wb_type">
                    <value>Temple Tank</value>
                </Data>
                <Data name="owner_type">
                    <value>Private</value>
                </Data>
                <Data name="purpose">
                    <value>Storage</value>
                </Data>
                <Data name="construction">
                    <value>Man Made</value>
                </Data>
                <Data name="condition">
                    <value>Good</value>
                </Data>
                <Data name="print_order">
                    <value>083</value>
                </Data>
                <Data name="wb_id">
                    <value>Ca/Loli/09</value>
                </Data>
                <Data name="storage_capacity">
                    <value>1176.0</value>
                </Data>
                <Data name="wb_surface_id">
                    <value>457</value>
                </Data>
                <Data name="created_at">
                    <value>2020-02-28 15:24:34</value>
                </Data>
                <Data name="updated_at">
                    <value>2023-07-22 14:03:14.307690</value>
                </Data>
                <Data name="book_id">
                    <value>1</value>
                </Data>
                <Data name="owners">
                    <value>Keshav Devasthan of Loliem</value>
                </Data>
                <Data name="label_x">
                    <value>1001865.0</value>
                </Data>
                <Data name="label_y">
                    <value>947825.356525197</value>
                </Data>
            </ExtendedData>
            <Point id="16920">
                <coordinates>74.069384038,14.942881734,0.0</coordinates>
            </Point>
        </Placemark>
        <Placemark id="16953">
            <ExtendedData>
                <Data name="direction">
                    <value>https://maps.google.com?q=14.93359,74.07932&amp;t=h</value>
                </Data>
                <Data name="id">
                    <value>3057</value>
                </Data>
                <Data name="name">
                    <value>Peddem Maddank Pond; Garjin Thikan</value>
                </Data>
                <Data name="taluka">
                    <value>Canacona</value>
                </Data>
                <Data name="syno">
                    <value>172</value>
                </Data>
                <Data name="subdiv">
                    <value>4</value>
                </Data>
                <Data name="village">
                    <value>Loliem</value>
                </Data>
                <Data name="latitude">
                    <value>14.93359</value>
                </Data>
                <Data name="longitude">
                    <value>74.07932</value>
                </Data>
                <Data name="photo_1">
                    <value>DCIM/20220514100910671.jpg</value>
                </Data>
                <Data name="photo_2">
                    <value>DCIM/20220514100948618.jpg</value>
                </Data>
                <Data name="constituency">
                    <value>40 - Canacona</value>
                </Data>
                <Data name="status">
                    <value>Completed</value>
                </Data>
                <Data name="panchayat">
                    <value>Loliem-Polem</value>
                </Data>
                <Data name="wb_type">
                    <value>Pond</value>
                </Data>
                <Data name="owner_type">
                    <value>Private</value>
                </Data>
                <Data name="purpose">
                    <value>Irrigation</value>
                </Data>
                <Data name="construction">
                    <value>Natural</value>
                </Data>
                <Data name="condition">
                    <value>Needs Maintenance</value>
                </Data>
                <Data name="print_order">
                    <value>026</value>
                </Data>
                <Data name="wb_id">
                    <value>Ca/Loli/11</value>
                </Data>
                <Data name="storage_capacity">
                    <value>873.0</value>
                </Data>
                <Data name="wb_surface_id">
                    <value>2092</value>
                </Data>
                <Data name="created_at">
                    <value>2020-06-05 11:01:09</value>
                </Data>
                <Data name="updated_at">
                    <value>2023-07-22 14:03:14.307690</value>
                </Data>
                <Data name="book_id">
                    <value>1</value>
                </Data>
                <Data name="owners">
                    <value>Lalchandrabai Kashinath Prabhu Dessai</value>
                </Data>
                <Data name="label_x">
                    <value>1001865.0</value>
                </Data>
                <Data name="label_y">
                    <value>946075.356525197</value>
                </Data>
            </ExtendedData>
            <Point id="16952">
                <coordinates>74.079322018,14.933585029,0.0</coordinates>
            </Point>
        </Placemark>
        <Placemark id="16985">
            <ExtendedData>
                <Data name="direction">
                    <value>https://maps.google.com?q=14.95556,74.06063&amp;t=h</value>
                </Data>
                <Data name="id">
                    <value>4965</value>
                </Data>
                <Data name="name">
                    <value>Soliem Pond; Shaleye Kutumban</value>
                </Data>
                <Data name="taluka">
                    <value>Canacona</value>
                </Data>
                <Data name="syno">
                    <value>107</value>
                </Data>
                <Data name="subdiv">
                    <value>4</value>
                </Data>
                <Data name="village">
                    <value>Loliem</value>
                </Data>
                <Data name="latitude">
                    <value>14.95556</value>
                </Data>
                <Data name="longitude">
                    <value>74.06063</value>
                </Data>
                <Data name="photo_1">
                    <value>DCIM/20220514103457659.jpg</value>
                </Data>
                <Data name="photo_2">
                    <value>DCIM/20220514103522972.jpg</value>
                </Data>
                <Data name="constituency">
                    <value>40 - Canacona</value>
                </Data>
                <Data name="status">
                    <value>Completed</value>
                </Data>
                <Data name="panchayat">
                    <value>Loliem-Polem</value>
                </Data>
                <Data name="wb_type">
                    <value>Tank</value>
                </Data>
                <Data name="owner_type">
                    <value>Private</value>
                </Data>
                <Data name="purpose">
                    <value>Irrigation</value>
                </Data>
                <Data name="construction">
                    <value>Natural</value>
                </Data>
                <Data name="condition">
                    <value>Needs Maintenance</value>
                </Data>
                <Data name="print_order">
                    <value>126</value>
                </Data>
                <Data name="wb_id">
                    <value>Ca/Loli/32</value>
                </Data>
                <Data name="storage_capacity">
                    <value>110.0</value>
                </Data>
                <Data name="wb_surface_id">
                    <value>3931</value>
                </Data>
                <Data name="created_at">
                    <value>2022-05-14 00:00:00</value>
                </Data>
                <Data name="updated_at">
                    <value>2023-07-22 14:03:14.307690</value>
                </Data>
                <Data name="book_id">
                    <value>1</value>
                </Data>
                <Data name="owners">
                    <value>Venktesh Govind Varic</value>
                </Data>
                <Data name="label_x">
                    <value>995347.0</value>
                </Data>
                <Data name="label_y">
                    <value>946554.198933077</value>
                </Data>
            </ExtendedData>
            <Point id="16984">
                <coordinates>74.060634026,14.955561654,0.0</coordinates>
            </Point>
        </Placemark>
        <Placemark id="17017">
            <ExtendedData>
                <Data name="direction">
                    <value>https://maps.google.com?q=14.9696,74.06418&amp;t=h</value>
                </Data>
                <Data name="id">
                    <value>568</value>
                </Data>
                <Data name="name">
                    <value>Caroi</value>
                </Data>
                <Data name="taluka">
                    <value>Canacona</value>
                </Data>
                <Data name="syno">
                    <value>11</value>
                </Data>
                <Data name="subdiv">
                    <value>9</value>
                </Data>
                <Data name="village">
                    <value>Loliem</value>
                </Data>
                <Data name="latitude">
                    <value>14.9696</value>
                </Data>
                <Data name="longitude">
                    <value>74.06418</value>
                </Data>
                <Data name="photo_1">
                    <value>DCIM/20220514084348893.jpg</value>
                </Data>
                <Data name="photo_2">
                    <value>DCIM/20220514084414552.jpg</value>
                </Data>
                <Data name="constituency">
                    <value>40 - Canacona</value>
                </Data>
                <Data name="status">
                    <value>Completed</value>
                </Data>
                <Data name="panchayat">
                    <value>Loliem-Polem</value>
                </Data>
                <Data name="wb_type">
                    <value>Tank</value>
                </Data>
                <Data name="owner_type">
                    <value>Private</value>
                </Data>
                <Data name="purpose">
                    <value>Irrigation</value>
                </Data>
                <Data name="construction">
                    <value>Natural/Man Made</value>
                </Data>
                <Data name="condition">
                    <value>Needs Maintenance</value>
                </Data>
                <Data name="print_order">
                    <value>115</value>
                </Data>
                <Data name="wb_id">
                    <value>Ca/Loli/07</value>
                </Data>
                <Data name="storage_capacity">
                    <value>1372.0</value>
                </Data>
                <Data name="wb_surface_id">
                    <value>316</value>
                </Data>
                <Data name="created_at">
                    <value>2020-02-28 15:24:34</value>
                </Data>
                <Data name="updated_at">
                    <value>2023-07-22 14:03:14.307690</value>
                </Data>
                <Data name="book_id">
                    <value>1</value>
                </Data>
                <Data name="owners">
                    <value>Jaganath Govind Bhat</value>
                </Data>
                <Data name="label_x">
                    <value>995347.0</value>
                </Data>
                <Data name="label_y">
                    <value>952554.198933077</value>
                </Data>
            </ExtendedData>
            <Point id="17016">
                <coordinates>74.064180966,14.969599182,0.0</coordinates>
            </Point>
        </Placemark>
        <Placemark id="17049">
            <ExtendedData>
                <Data name="direction">
                    <value>https://maps.google.com?q=14.95582,74.06038&amp;t=h</value>
                </Data>
                <Data name="id">
                    <value>4966</value>
                </Data>
                <Data name="name">
                    <value>Agas</value>
                </Data>
                <Data name="taluka">
                    <value>Canacona</value>
                </Data>
                <Data name="syno">
                    <value>76</value>
                </Data>
                <Data name="subdiv">
                    <value>49</value>
                </Data>
                <Data name="village">
                    <value>Loliem</value>
                </Data>
                <Data name="latitude">
                    <value>14.95582</value>
                </Data>
                <Data name="longitude">
                    <value>74.06038</value>
                </Data>
                <Data name="photo_1">
                    <value>DCIM/20220514104959052.jpg</value>
                </Data>
                <Data name="photo_2">
                    <value>DCIM/20220514105012100.jpg</value>
                </Data>
                <Data name="constituency">
                    <value>40 - Canacona</value>
                </Data>
                <Data name="status">
                    <value>Completed</value>
                </Data>
                <Data name="panchayat">
                    <value>Loliem-Polem</value>
                </Data>
                <Data name="wb_type">
                    <value>Pond</value>
                </Data>
                <Data name="owner_type">
                    <value>Private</value>
                </Data>
                <Data name="purpose">
                    <value>Irrigation</value>
                </Data>
                <Data name="construction">
                    <value>Natural</value>
                </Data>
                <Data name="condition">
                    <value>Needs Maintenance</value>
                </Data>
                <Data name="print_order">
                    <value>036</value>
                </Data>
                <Data name="wb_id">
                    <value>Ca/Loli/33</value>
                </Data>
                <Data name="storage_capacity">
                    <value>51.0</value>
                </Data>
                <Data name="wb_surface_id">
                    <value>3932</value>
                </Data>
                <Data name="created_at">
                    <value>2022-05-14 00:00:00</value>
                </Data>
                <Data name="updated_at">
                    <value>2023-07-22 14:03:14.307690</value>
                </Data>
                <Data name="book_id">
                    <value>1</value>
                </Data>
                <Data name="owners">
                    <value>Pundalik Bhima Naik</value>
                </Data>
                <Data name="label_x">
                    <value>995347.0</value>
                </Data>
                <Data name="label_y">
                    <value>947054.198933077</value>
                </Data>
            </ExtendedData>
            <Point id="17048">
                <coordinates>74.060381667,14.955815573,0.0</coordinates>
            </Point>
        </Placemark>
        <Placemark id="17081">
            <ExtendedData>
                <Data name="direction">
                    <value>https://maps.google.com?q=14.94146,74.07187&amp;t=h</value>
                </Data>
                <Data name="id">
                    <value>3060</value>
                </Data>
                <Data name="name">
                    <value>Mushifond Tali; Fatoria</value>
                </Data>
                <Data name="taluka">
                    <value>Canacona</value>
                </Data>
                <Data name="syno">
                    <value>92</value>
                </Data>
                <Data name="subdiv">
                    <value>31</value>
                </Data>
                <Data name="village">
                    <value>Loliem</value>
                </Data>
                <Data name="latitude">
                    <value>14.94146</value>
                </Data>
                <Data name="longitude">
                    <value>74.07187</value>
                </Data>
                <Data name="photo_1">
                    <value>DCIM/20220514095618012.jpg</value>
                </Data>
                <Data name="photo_2">
                    <value>DCIM/20220514095628534.jpg</value>
                </Data>
                <Data name="constituency">
                    <value>40 - Canacona</value>
                </Data>
                <Data name="status">
                    <value>Completed</value>
                </Data>
                <Data name="panchayat">
                    <value>Loliem-Polem</value>
                </Data>
                <Data name="wb_type">
                    <value>Pond</value>
                </Data>
                <Data name="owner_type">
                    <value>Private / Public</value>
                </Data>
                <Data name="purpose">
                    <value>Irrigation</value>
                </Data>
                <Data name="construction">
                    <value>Natural</value>
                </Data>
                <Data name="condition">
                    <value>Needs Maintenance</value>
                </Data>
                <Data name="print_order">
                    <value>025</value>
                </Data>
                <Data name="wb_id">
                    <value>Ca/Loli/08</value>
                </Data>
                <Data name="storage_capacity">
                    <value>1238.0</value>
                </Data>
                <Data name="wb_surface_id">
                    <value>2097</value>
                </Data>
                <Data name="created_at">
                    <value>2020-06-05 11:06:39</value>
                </Data>
                <Data name="updated_at">
                    <value>2023-07-22 14:03:14.307690</value>
                </Data>
                <Data name="book_id">
                    <value>1</value>
                </Data>
                <Data name="owners">
                    <value>Executive Engineer W.D VI (R&amp;B) P.W.D. Fatorda Margao
Keshav Devasthan of Loliem</value>
                </Data>
                <Data name="label_x">
                    <value>1001865.0</value>
                </Data>
                <Data name="label_y">
                    <value>946825.356525197</value>
                </Data>
            </ExtendedData>
            <Point id="17080">
                <coordinates>74.071870846,14.941457,0.0</coordinates>
            </Point>
        </Placemark>
        <Placemark id="17113">
            <ExtendedData>
                <Data name="direction">
                    <value>https://maps.google.com?q=14.94395,74.04927&amp;t=h</value>
                </Data>
                <Data name="id">
                    <value>557</value>
                </Data>
                <Data name="name">
                    <value>Chimtea Bandh; Vatturem; Madhi Tolop Dabata Mol</value>
                </Data>
                <Data name="taluka">
                    <value>Canacona</value>
                </Data>
                <Data name="syno">
                    <value>358</value>
                </Data>
                <Data name="subdiv">
                    <value>1</value>
                </Data>
                <Data name="village">
                    <value>Loliem</value>
                </Data>
                <Data name="latitude">
                    <value>14.94395</value>
                </Data>
                <Data name="longitude">
                    <value>74.04927</value>
                </Data>
                <Data name="photo_1">
                    <value>DCIM/20200916125720861.jpg</value>
                </Data>
                <Data name="photo_2">
                    <value>DCIM/20200916125758897.jpg</value>
                </Data>
                <Data name="constituency">
                    <value>40 - Canacona</value>
                </Data>
                <Data name="status">
                    <value>Completed</value>
                </Data>
                <Data name="panchayat">
                    <value>Loliem-Polem</value>
                </Data>
                <Data name="wb_type">
                    <value>Pond</value>
                </Data>
                <Data name="owner_type">
                    <value>Private / Public</value>
                </Data>
                <Data name="purpose">
                    <value>Natural Collection</value>
                </Data>
                <Data name="construction">
                    <value>Natural/Man Made</value>
                </Data>
                <Data name="condition">
                    <value>Needs Maintenance</value>
                </Data>
                <Data name="print_order">
                    <value>029</value>
                </Data>
                <Data name="wb_id">
                    <value>Ca/Loli/14</value>
                </Data>
                <Data name="storage_capacity">
                    <value>667.0</value>
                </Data>
                <Data name="wb_surface_id">
                    <value>1780</value>
                </Data>
                <Data name="created_at">
                    <value>2020-02-28 15:24:34</value>
                </Data>
                <Data name="updated_at">
                    <value>2023-07-22 14:03:14.307690</value>
                </Data>
                <Data name="book_id">
                    <value>1</value>
                </Data>
                <Data name="owners">
                    <value>Ana Rojina Rebelo
Antonio Florina Barretto
Babani Pagui
Babu Bhima Bandekar
Babu Narayan Pagi
Balaji Dhaku Pagui
Caetano Pereira
Cicilia Fernandes
Communidade of Loliem
Dhaku Naik
Directorate of Health Services, Panaji Goa
Durgabai Dina Naik
Executive Engineer WD XIV (NH)  P.W.D. Fatorda, Margao
Hari Nilu Pagui
Jeronimo Corte alias Jerome Corte
Judas Manuel Socorro Fernandes
Krishna Dhaku Naik
Krishna Kanu Naik
Kushali F. Naik
Luis Francisco D'Souza
Margarida D'Souza
Maria Martin Fernandes
Maria Martina Fernandes
Mateusinha Dias e Fernandes
Milagres F.X.Corte
Mohan Bombo Pagi
Naguesh Dennu Pagi
Natalina Pereira
Nilkant Babu Pagui
Pandu Rama Pagi
Pedro Rodrigues
Prema Rama Pagui
Priska Pereira
Purushottama Yessu Pagui
Rama Nagu Pagui
Ramdas Putu Pagi
Roshan Burg Viegas
Sada Dhaku Naik
Surat Krishna Chari
Venkatesh Bhiku Satarkar
Vinayak Bombo Pagui
Visharanti Jaya Lolienkar
Yeshawant Ganesh Pagi</value>
                </Data>
                <Data name="label_x">
                    <value>1001865.0</value>
                </Data>
                <Data name="label_y">
                    <value>949575.356525197</value>
                </Data>
            </ExtendedData>
            <Point id="17112">
                <coordinates>74.049274912,14.943951086,0.0</coordinates>
            </Point>
        </Placemark>
        <Placemark id="17145">
            <ExtendedData>
                <Data name="direction">
                    <value>https://maps.google.com?q=14.94094,74.05156&amp;t=h</value>
                </Data>
                <Data name="id">
                    <value>3059</value>
                </Data>
                <Data name="name">
                    <value>Latbai Tank; Shendrem</value>
                </Data>
                <Data name="taluka">
                    <value>Canacona</value>
                </Data>
                <Data name="syno">
                    <value>343</value>
                </Data>
                <Data name="subdiv">
                    <value>14</value>
                </Data>
                <Data name="village">
                    <value>Loliem</value>
                </Data>
                <Data name="latitude">
                    <value>14.94094</value>
                </Data>
                <Data name="longitude">
                    <value>74.05156</value>
                </Data>
                <Data name="photo_1">
                    <value>DCIM/20220524093319071.jpg</value>
                </Data>
                <Data name="photo_2">
                    <value>DCIM/20220524093327141.jpg</value>
                </Data>
                <Data name="constituency">
                    <value>40 - Canacona</value>
                </Data>
                <Data name="status">
                    <value>Completed</value>
                </Data>
                <Data name="panchayat">
                    <value>Loliem-Polem</value>
                </Data>
                <Data name="wb_type">
                    <value>Tank</value>
                </Data>
                <Data name="owner_type">
                    <value>Public</value>
                </Data>
                <Data name="purpose">
                    <value>Storage</value>
                </Data>
                <Data name="construction">
                    <value>Natural</value>
                </Data>
                <Data name="condition">
                    <value>Needs Maintenance</value>
                </Data>
                <Data name="print_order">
                    <value>117</value>
                </Data>
                <Data name="wb_id">
                    <value>Ca/Loli/17</value>
                </Data>
                <Data name="storage_capacity">
                    <value>505.0</value>
                </Data>
                <Data name="wb_surface_id">
                    <value>2096</value>
                </Data>
                <Data name="created_at">
                    <value>2020-06-05 11:06:39</value>
                </Data>
                <Data name="updated_at">
                    <value>2023-07-22 14:03:14.307690</value>
                </Data>
                <Data name="book_id">
                    <value>1</value>
                </Data>
                <Data name="owners">
                    <value>Public</value>
                </Data>
                <Data name="label_x">
                    <value>1001865.0</value>
                </Data>
                <Data name="label_y">
                    <value>949325.356525197</value>
                </Data>
            </ExtendedData>
            <Point id="17144">
                <coordinates>74.051563708,14.940939624,0.0</coordinates>
            </Point>
        </Placemark>
        <Placemark id="17177">
            <ExtendedData>
                <Data name="direction">
                    <value>https://maps.google.com?q=14.91793,74.09741&amp;t=h</value>
                </Data>
                <Data name="id">
                    <value>3027</value>
                </Data>
                <Data name="name">
                    <value>Vaigangali; Waingan Gall</value>
                </Data>
                <Data name="taluka">
                    <value>Canacona</value>
                </Data>
                <Data name="syno">
                    <value>256</value>
                </Data>
                <Data name="subdiv">
                    <value>4</value>
                </Data>
                <Data name="village">
                    <value>Loliem</value>
                </Data>
                <Data name="latitude">
                    <value>14.91793</value>
                </Data>
                <Data name="longitude">
                    <value>74.09741</value>
                </Data>
                <Data name="photo_1">
                    <value>DCIM/20200916161015204.jpg</value>
                </Data>
                <Data name="photo_2">
                    <value>DCIM/20200916161039912.jpg</value>
                </Data>
                <Data name="constituency">
                    <value>40 - Canacona</value>
                </Data>
                <Data name="status">
                    <value>Completed</value>
                </Data>
                <Data name="panchayat">
                    <value>Loliem-Polem</value>
                </Data>
                <Data name="wb_type">
                    <value>Tank</value>
                </Data>
                <Data name="owner_type">
                    <value>Private</value>
                </Data>
                <Data name="purpose">
                    <value>Storage</value>
                </Data>
                <Data name="construction">
                    <value>Man Made</value>
                </Data>
                <Data name="condition">
                    <value>Good</value>
                </Data>
                <Data name="print_order">
                    <value>116</value>
                </Data>
                <Data name="wb_id">
                    <value>Ca/Loli/10</value>
                </Data>
                <Data name="storage_capacity">
                    <value>1068.0</value>
                </Data>
                <Data name="wb_surface_id">
                    <value>2089</value>
                </Data>
                <Data name="created_at">
                    <value>2020-06-05 08:15:58</value>
                </Data>
                <Data name="updated_at">
                    <value>2023-07-22 14:03:14.307690</value>
                </Data>
                <Data name="book_id">
                    <value>1</value>
                </Data>
                <Data name="owners">
                    <value>Guruprassad Raia Prabhu Dessai
Ramchandra Raia Prabhu Dessai
Shree Saunsthan Gokarn Partgal Jeevottam Mutt</value>
                </Data>
                <Data name="label_x">
                    <value>1001865.0</value>
                </Data>
                <Data name="label_y">
                    <value>944825.356525197</value>
                </Data>
            </ExtendedData>
            <Point id="17176">
                <coordinates>74.097412024,14.91792831,0.0</coordinates>
            </Point>
        </Placemark>
        <Placemark id="17209">
            <ExtendedData>
                <Data name="direction">
                    <value>https://maps.google.com?q=14.95539,74.05979&amp;t=h</value>
                </Data>
                <Data name="id">
                    <value>3062</value>
                </Data>
                <Data name="name">
                    <value>Anashi Gazan; Shaleye Kutumban</value>
                </Data>
                <Data name="taluka">
                    <value>Canacona</value>
                </Data>
                <Data name="syno">
                    <value>107</value>
                </Data>
                <Data name="subdiv">
                    <value>4</value>
                </Data>
                <Data name="village">
                    <value>Loliem</value>
                </Data>
                <Data name="latitude">
                    <value>14.95539</value>
                </Data>
                <Data name="longitude">
                    <value>74.05979</value>
                </Data>
                <Data name="photo_1">
                    <value>DCIM/20220514103831369.jpg</value>
                </Data>
                <Data name="photo_2">
                    <value>DCIM/20220514103904055.jpg</value>
                </Data>
                <Data name="constituency">
                    <value>40 - Canacona</value>
                </Data>
                <Data name="status">
                    <value>Completed</value>
                </Data>
                <Data name="panchayat">
                    <value>Loliem-Polem</value>
                </Data>
                <Data name="wb_type">
                    <value>Pond</value>
                </Data>
                <Data name="owner_type">
                    <value>Private</value>
                </Data>
                <Data name="purpose">
                    <value>Irrigation</value>
                </Data>
                <Data name="construction">
                    <value>Natural</value>
                </Data>
                <Data name="condition">
                    <value>Needs Maintenance</value>
                </Data>
                <Data name="print_order">
                    <value>032</value>
                </Data>
                <Data name="wb_id">
                    <value>Ca/Loli/19</value>
                </Data>
                <Data name="storage_capacity">
                    <value>421.0</value>
                </Data>
                <Data name="wb_surface_id">
                    <value>2100</value>
                </Data>
                <Data name="created_at">
                    <value>2020-06-05 11:16:40</value>
                </Data>
                <Data name="updated_at">
                    <value>2023-07-22 14:03:14.307690</value>
                </Data>
                <Data name="book_id">
                    <value>1</value>
                </Data>
                <Data name="owners">
                    <value>Venktesh Govind Varic</value>
                </Data>
                <Data name="label_x">
                    <value>995347.0</value>
                </Data>
                <Data name="label_y">
                    <value>946804.198933077</value>
                </Data>
            </ExtendedData>
            <Point id="17208">
                <coordinates>74.059794201,14.955385247,0.0</coordinates>
            </Point>
        </Placemark>
        <Placemark id="17241">
            <ExtendedData>
                <Data name="direction">
                    <value>https://maps.google.com?q=14.933,74.06274&amp;t=h</value>
                </Data>
                <Data name="id">
                    <value>3282</value>
                </Data>
                <Data name="name">
                    <value>Vasarti Tali</value>
                </Data>
                <Data name="taluka">
                    <value>Canacona</value>
                </Data>
                <Data name="syno">
                    <value>279</value>
                </Data>
                <Data name="subdiv">
                    <value>0</value>
                </Data>
                <Data name="village">
                    <value>Loliem</value>
                </Data>
                <Data name="latitude">
                    <value>14.933</value>
                </Data>
                <Data name="longitude">
                    <value>74.06274</value>
                </Data>
                <Data name="photo_1">
                    <value>DCIM/20220514091231623.jpg</value>
                </Data>
                <Data name="photo_2">
                    <value>DCIM/20220514091302188.jpg</value>
                </Data>
                <Data name="constituency">
                    <value>40 - Canacona</value>
                </Data>
                <Data name="status">
                    <value>Completed</value>
                </Data>
                <Data name="panchayat">
                    <value>Loliem-Polem</value>
                </Data>
                <Data name="wb_type">
                    <value>Tank</value>
                </Data>
                <Data name="owner_type">
                    <value>Public</value>
                </Data>
                <Data name="purpose">
                    <value>Storage</value>
                </Data>
                <Data name="construction">
                    <value>Man Made</value>
                </Data>
                <Data name="condition">
                    <value>Good</value>
                </Data>
                <Data name="print_order">
                    <value>122</value>
                </Data>
                <Data name="wb_id">
                    <value>Ca/Loli/25</value>
                </Data>
                <Data name="storage_capacity">
                    <value>311.0</value>
                </Data>
                <Data name="wb_surface_id">
                    <value>2094</value>
                </Data>
                <Data name="created_at">
                    <value>2020-10-03 15:31:25</value>
                </Data>
                <Data name="updated_at">
                    <value>2023-07-22 14:03:14.307690</value>
                </Data>
                <Data name="book_id">
                    <value>1</value>
                </Data>
                <Data name="owners">
                    <value>Govt. of Goa</value>
                </Data>
                <Data name="label_x">
                    <value>1001865.0</value>
                </Data>
                <Data name="label_y">
                    <value>947075.356525197</value>
                </Data>
            </ExtendedData>
            <Point id="17240">
                <coordinates>74.0627443,14.93300471,0.0</coordinates>
            </Point>
        </Placemark>
        <Placemark id="17273">
            <ExtendedData>
                <Data name="direction">
                    <value>https://maps.google.com?q=14.95693,74.05972&amp;t=h</value>
                </Data>
                <Data name="id">
                    <value>4968</value>
                </Data>
                <Data name="name">
                    <value>Axi-Cungi,Cungi</value>
                </Data>
                <Data name="taluka">
                    <value>Canacona</value>
                </Data>
                <Data name="syno">
                    <value>76</value>
                </Data>
                <Data name="subdiv">
                    <value>14,16,19,21,23,27</value>
                </Data>
                <Data name="village">
                    <value>Loliem</value>
                </Data>
                <Data name="latitude">
                    <value>14.95693</value>
                </Data>
                <Data name="longitude">
                    <value>74.05972</value>
                </Data>
                <Data name="photo_1">
                    <value>DCIM/20220514110032168.jpg</value>
                </Data>
                <Data name="photo_2">
                    <value>DCIM/20220514110203488.jpg</value>
                </Data>
                <Data name="constituency">
                    <value>40 - Canacona</value>
                </Data>
                <Data name="status">
                    <value>Completed</value>
                </Data>
                <Data name="panchayat">
                    <value>Loliem-Polem</value>
                </Data>
                <Data name="wb_type">
                    <value>Pond</value>
                </Data>
                <Data name="owner_type">
                    <value>Private</value>
                </Data>
                <Data name="purpose">
                    <value>Irrigation</value>
                </Data>
                <Data name="construction">
                    <value>Natural</value>
                </Data>
                <Data name="condition">
                    <value>Needs Maintenance</value>
                </Data>
                <Data name="print_order">
                    <value>028</value>
                </Data>
                <Data name="wb_id">
                    <value>Ca/Loli/13</value>
                </Data>
                <Data name="storage_capacity">
                    <value>694.0</value>
                </Data>
                <Data name="wb_surface_id">
                    <value>3854</value>
                </Data>
                <Data name="created_at">
                    <value>2022-05-14 00:00:00</value>
                </Data>
                <Data name="updated_at">
                    <value>2023-07-22 14:03:14.307690</value>
                </Data>
                <Data name="book_id">
                    <value>1</value>
                </Data>
                <Data name="owners">
                    <value>Anand P. P. Shastri
Anant P. Varic
Datta B. Prabhu
Datta Bhica Prabhu Gaunkar
Gopal Vyenkatesh Prabhu
Gopale V. Prabhu
Krishna Parushottam P. Dessai
Laximidhar Govind P. Gaunkar
Madhav Hari Prabhu Dessai
Manohar D. P. Dessai
Narayan Agrasani
Narayan Laximan Prabhu Agrasani
Premanand A. Loliencar
Radhabai B. Prabhu
Radhabai Bhicu Prabhu Gaunkar
Rama Anant Prabhu Gaunkar
Ramesh Lolienkar
Ramesh Nanda Lolienkar
Vyenkatesh L. Varic</value>
                </Data>
                <Data name="label_x">
                    <value>995347.0</value>
                </Data>
                <Data name="label_y">
                    <value>947554.198933077</value>
                </Data>
            </ExtendedData>
            <Point id="17272">
                <coordinates>74.059719026,14.956933845,0.0</coordinates>
            </Point>
        </Placemark>
        <Placemark id="17305">
            <ExtendedData>
                <Data name="direction">
                    <value>https://maps.google.com?q=14.92474,74.08684&amp;t=h</value>
                </Data>
                <Data name="id">
                    <value>3056</value>
                </Data>
                <Data name="name">
                    <value>Bandya Tollem</value>
                </Data>
                <Data name="taluka">
                    <value>Canacona</value>
                </Data>
                <Data name="syno">
                    <value>264</value>
                </Data>
                <Data name="subdiv">
                    <value>1</value>
                </Data>
                <Data name="village">
                    <value>Loliem</value>
                </Data>
                <Data name="latitude">
                    <value>14.92474</value>
                </Data>
                <Data name="longitude">
                    <value>74.08684</value>
                </Data>
                <Data name="photo_1">
                    <value>DCIM/20200916163510498.jpg</value>
                </Data>
                <Data name="photo_2">
                    <value>DCIM/20200916163532168.jpg</value>
                </Data>
                <Data name="constituency">
                    <value>40 - Canacona</value>
                </Data>
                <Data name="status">
                    <value>Completed</value>
                </Data>
                <Data name="panchayat">
                    <value>Loliem-Polem</value>
                </Data>
                <Data name="wb_type">
                    <value>Pond</value>
                </Data>
                <Data name="owner_type">
                    <value>Private</value>
                </Data>
                <Data name="purpose">
                    <value>Irrigation</value>
                </Data>
                <Data name="construction">
                    <value>Natural/Man Made</value>
                </Data>
                <Data name="condition">
                    <value>Needs Maintenance</value>
                </Data>
                <Data name="print_order">
                    <value>035</value>
                </Data>
                <Data name="wb_id">
                    <value>Ca/Loli/28</value>
                </Data>
                <Data name="storage_capacity">
                    <value>231.0</value>
                </Data>
                <Data name="wb_surface_id">
                    <value>2090</value>
                </Data>
                <Data name="created_at">
                    <value>2020-06-05 10:56:39</value>
                </Data>
                <Data name="updated_at">
                    <value>2023-07-22 14:03:14.307690</value>
                </Data>
                <Data name="book_id">
                    <value>1</value>
                </Data>
                <Data name="owners">
                    <value>Yeshawant Vassudeva Bhat</value>
                </Data>
                <Data name="label_x">
                    <value>1001865.0</value>
                </Data>
                <Data name="label_y">
                    <value>945325.356525197</value>
                </Data>
            </ExtendedData>
            <Point id="17304">
                <coordinates>74.086838854,14.924744415,0.0</coordinates>
            </Point>
        </Placemark>
        <Placemark id="17337">
            <ExtendedData>
                <Data name="direction">
                    <value>https://maps.google.com?q=14.94262,74.07028&amp;t=h</value>
                </Data>
                <Data name="id">
                    <value>3025</value>
                </Data>
                <Data name="name">
                    <value>Damodar Temple Tank; Pedem</value>
                </Data>
                <Data name="taluka">
                    <value>Canacona</value>
                </Data>
                <Data name="syno">
                    <value>137</value>
                </Data>
                <Data name="subdiv">
                    <value>7</value>
                </Data>
                <Data name="village">
                    <value>Loliem</value>
                </Data>
                <Data name="latitude">
                    <value>14.94262</value>
                </Data>
                <Data name="longitude">
                    <value>74.07028</value>
                </Data>
                <Data name="photo_1">
                    <value>DCIM/20220524081249776.jpg</value>
                </Data>
                <Data name="photo_2">
                    <value>DCIM/20220524081309705.jpg</value>
                </Data>
                <Data name="constituency">
                    <value>40 - Canacona</value>
                </Data>
                <Data name="status">
                    <value>Completed</value>
                </Data>
                <Data name="panchayat">
                    <value>Loliem-Polem</value>
                </Data>
                <Data name="wb_type">
                    <value>Temple Tank</value>
                </Data>
                <Data name="owner_type">
                    <value>Private</value>
                </Data>
                <Data name="purpose">
                    <value>Storage</value>
                </Data>
                <Data name="construction">
                    <value>Man Made</value>
                </Data>
                <Data name="condition">
                    <value>Good</value>
                </Data>
                <Data name="print_order">
                    <value>084</value>
                </Data>
                <Data name="wb_id">
                    <value>Ca/Loli/21</value>
                </Data>
                <Data name="storage_capacity">
                    <value>418.0</value>
                </Data>
                <Data name="wb_surface_id">
                    <value>2098</value>
                </Data>
                <Data name="created_at">
                    <value>2020-06-05 07:57:48</value>
                </Data>
                <Data name="updated_at">
                    <value>2023-07-22 14:03:14.307690</value>
                </Data>
                <Data name="book_id">
                    <value>1</value>
                </Data>
                <Data name="owners">
                    <value>Shri Damodar Devasthan of Loliem</value>
                </Data>
                <Data name="label_x">
                    <value>1001865.0</value>
                </Data>
                <Data name="label_y">
                    <value>947325.356525197</value>
                </Data>
            </ExtendedData>
            <Point id="17336">
                <coordinates>74.070284632,14.942620724,0.0</coordinates>
            </Point>
        </Placemark>
        <Placemark id="17369">
            <ExtendedData>
                <Data name="direction">
                    <value>https://maps.google.com?q=14.9655,74.05781&amp;t=h</value>
                </Data>
                <Data name="id">
                    <value>4963</value>
                </Data>
                <Data name="name">
                    <value>Madyem</value>
                </Data>
                <Data name="taluka">
                    <value>Canacona</value>
                </Data>
                <Data name="syno">
                    <value>8</value>
                </Data>
                <Data name="subdiv">
                    <value>14</value>
                </Data>
                <Data name="village">
                    <value>Loliem</value>
                </Data>
                <Data name="latitude">
                    <value>14.9655</value>
                </Data>
                <Data name="longitude">
                    <value>74.05781</value>
                </Data>
                <Data name="photo_1">
                    <value>DCIM/20220514082410298.jpg</value>
                </Data>
                <Data name="photo_2">
                    <value>DCIM/20220514082448494.jpg</value>
                </Data>
                <Data name="constituency">
                    <value>40 - Canacona</value>
                </Data>
                <Data name="status">
                    <value>Completed</value>
                </Data>
                <Data name="panchayat">
                    <value>Loliem-Polem</value>
                </Data>
                <Data name="wb_type">
                    <value>Tank</value>
                </Data>
                <Data name="owner_type">
                    <value>Private / Public</value>
                </Data>
                <Data name="purpose">
                    <value>Storage</value>
                </Data>
                <Data name="construction">
                    <value>Man Made</value>
                </Data>
                <Data name="condition">
                    <value>Needs Maintenance</value>
                </Data>
                <Data name="print_order">
                    <value>119</value>
                </Data>
                <Data name="wb_id">
                    <value>Ca/Loli/22</value>
                </Data>
                <Data name="storage_capacity">
                    <value>413.0</value>
                </Data>
                <Data name="wb_surface_id">
                    <value>3852</value>
                </Data>
                <Data name="created_at">
                    <value>2022-05-14 00:00:00</value>
                </Data>
                <Data name="updated_at">
                    <value>2023-07-22 14:03:14.307690</value>
                </Data>
                <Data name="book_id">
                    <value>1</value>
                </Data>
                <Data name="owners">
                    <value>Bhagirath Naguesh Nayak
Deepsagar Nagesh Nayak
Govt. of India, Ministry of Surface Tran sport
Vaikunth Nagesh Nayak</value>
                </Data>
                <Data name="label_x">
                    <value>995347.0</value>
                </Data>
                <Data name="label_y">
                    <value>951304.198933077</value>
                </Data>
            </ExtendedData>
            <Point id="17368">
                <coordinates>74.057810503,14.965499947,0.0</coordinates>
            </Point>
        </Placemark>
        <Placemark id="17401">
            <ExtendedData>
                <Data name="direction">
                    <value>https://maps.google.com?q=14.96919,74.06063&amp;t=h</value>
                </Data>
                <Data name="id">
                    <value>3065</value>
                </Data>
                <Data name="name">
                    <value>Caroi Patem</value>
                </Data>
                <Data name="taluka">
                    <value>Canacona</value>
                </Data>
                <Data name="syno">
                    <value>9</value>
                </Data>
                <Data name="subdiv">
                    <value>8</value>
                </Data>
                <Data name="village">
                    <value>Loliem</value>
                </Data>
                <Data name="latitude">
                    <value>14.96919</value>
                </Data>
                <Data name="longitude">
                    <value>74.06063</value>
                </Data>
                <Data name="photo_1">
                    <value>DCIM/20220514083721684.jpg</value>
                </Data>
                <Data name="photo_2">
                    <value>DCIM/20220514083747469.jpg</value>
                </Data>
                <Data name="constituency">
                    <value>40 - Canacona</value>
                </Data>
                <Data name="status">
                    <value>Completed</value>
                </Data>
                <Data name="panchayat">
                    <value>Loliem-Polem</value>
                </Data>
                <Data name="wb_type">
                    <value>Tank</value>
                </Data>
                <Data name="owner_type">
                    <value>Private</value>
                </Data>
                <Data name="purpose">
                    <value>Irrigation</value>
                </Data>
                <Data name="construction">
                    <value>Man Made</value>
                </Data>
                <Data name="condition">
                    <value>Good</value>
                </Data>
                <Data name="print_order">
                    <value>123</value>
                </Data>
                <Data name="wb_id">
                    <value>Ca/Loli/26</value>
                </Data>
                <Data name="storage_capacity">
                    <value>247.0</value>
                </Data>
                <Data name="wb_surface_id">
                    <value>326</value>
                </Data>
                <Data name="created_at">
                    <value>2020-06-05 11:43:59</value>
                </Data>
                <Data name="updated_at">
                    <value>2023-07-22 14:03:14.307690</value>
                </Data>
                <Data name="book_id">
                    <value>1</value>
                </Data>
                <Data name="owners">
                    <value>Rohidas Madhav Bhat</value>
                </Data>
                <Data name="label_x">
                    <value>995347.0</value>
                </Data>
                <Data name="label_y">
                    <value>953054.198933077</value>
                </Data>
            </ExtendedData>
            <Point id="17400">
                <coordinates>74.060629347,14.969188327,0.0</coordinates>
            </Point>
        </Placemark>
        <Placemark id="17433">
            <ExtendedData>
                <Data name="direction">
                    <value>https://maps.google.com?q=14.93076,74.08554&amp;t=h</value>
                </Data>
                <Data name="id">
                    <value>3026</value>
                </Data>
                <Data name="name">
                    <value>Neturlim Tank; Nithelem</value>
                </Data>
                <Data name="taluka">
                    <value>Canacona</value>
                </Data>
                <Data name="syno">
                    <value>193</value>
                </Data>
                <Data name="subdiv">
                    <value>2</value>
                </Data>
                <Data name="village">
                    <value>Loliem</value>
                </Data>
                <Data name="latitude">
                    <value>14.93076</value>
                </Data>
                <Data name="longitude">
                    <value>74.08554</value>
                </Data>
                <Data name="photo_1">
                    <value>DCIM/20220524082526076.jpg</value>
                </Data>
                <Data name="photo_2">
                    <value>DCIM/20220524082600064.jpg</value>
                </Data>
                <Data name="constituency">
                    <value>40 - Canacona</value>
                </Data>
                <Data name="status">
                    <value>Completed</value>
                </Data>
                <Data name="panchayat">
                    <value>Loliem-Polem</value>
                </Data>
                <Data name="wb_type">
                    <value>Tank</value>
                </Data>
                <Data name="owner_type">
                    <value>Private</value>
                </Data>
                <Data name="purpose">
                    <value>Irrigation</value>
                </Data>
                <Data name="construction">
                    <value>Man Made</value>
                </Data>
                <Data name="condition">
                    <value>Good</value>
                </Data>
                <Data name="print_order">
                    <value>118</value>
                </Data>
                <Data name="wb_id">
                    <value>Ca/Loli/18</value>
                </Data>
                <Data name="storage_capacity">
                    <value>451.0</value>
                </Data>
                <Data name="wb_surface_id">
                    <value>2091</value>
                </Data>
                <Data name="created_at">
                    <value>2020-06-05 07:59:25</value>
                </Data>
                <Data name="updated_at">
                    <value>2023-07-22 14:03:14.307690</value>
                </Data>
                <Data name="book_id">
                    <value>1</value>
                </Data>
                <Data name="owners">
                    <value>Govind Jaiwant Prabhu Dessai
Sudhakar Deudath Prabhu Dessai</value>
                </Data>
                <Data name="label_x">
                    <value>1001865.0</value>
                </Data>
                <Data name="label_y">
                    <value>945575.356525197</value>
                </Data>
            </ExtendedData>
            <Point id="17432">
                <coordinates>74.08554123,14.930760076,0.0</coordinates>
            </Point>
        </Placemark>
        <Placemark id="17465">
            <ExtendedData>
                <Data name="direction">
                    <value>https://maps.google.com?q=14.93161,74.09967&amp;t=h</value>
                </Data>
                <Data name="id">
                    <value>556</value>
                </Data>
                <Data name="name">
                    <value>Chincho Khondo</value>
                </Data>
                <Data name="taluka">
                    <value>Canacona</value>
                </Data>
                <Data name="syno">
                    <value>224</value>
                </Data>
                <Data name="subdiv">
                    <value>3</value>
                </Data>
                <Data name="village">
                    <value>Loliem</value>
                </Data>
                <Data name="latitude">
                    <value>14.93161</value>
                </Data>
                <Data name="longitude">
                    <value>74.09967</value>
                </Data>
                <Data name="photo_1">
                    <value>DCIM/20220524090543512.jpg</value>
                </Data>
                <Data name="photo_2">
                    <value>DCIM/20220524084552354.jpg</value>
                </Data>
                <Data name="constituency">
                    <value>40 - Canacona</value>
                </Data>
                <Data name="status">
                    <value>Completed</value>
                </Data>
                <Data name="panchayat">
                    <value>Loliem-Polem</value>
                </Data>
                <Data name="wb_type">
                    <value>Tank</value>
                </Data>
                <Data name="owner_type">
                    <value>Private</value>
                </Data>
                <Data name="purpose">
                    <value>Storage</value>
                </Data>
                <Data name="construction">
                    <value>Man Made</value>
                </Data>
                <Data name="condition">
                    <value>Good</value>
                </Data>
                <Data name="print_order">
                    <value>120</value>
                </Data>
                <Data name="wb_id">
                    <value>Ca/Loli/23</value>
                </Data>
                <Data name="storage_capacity">
                    <value>403.0</value>
                </Data>
                <Data name="wb_surface_id">
                    <value>252</value>
                </Data>
                <Data name="created_at">
                    <value>2020-02-28 15:24:34</value>
                </Data>
                <Data name="updated_at">
                    <value>2023-07-22 14:03:14.307690</value>
                </Data>
                <Data name="book_id">
                    <value>1</value>
                </Data>
                <Data name="owners">
                    <value>Shantaram Lolienkar</value>
                </Data>
                <Data name="label_x">
                    <value>1001865.0</value>
                </Data>
                <Data name="label_y">
                    <value>945075.356525197</value>
                </Data>
            </ExtendedData>
            <Point id="17464">
                <coordinates>74.099667154,14.931614533,0.0</coordinates>
            </Point>
        </Placemark>
        <Placemark id="17497">
            <ExtendedData>
                <Data name="direction">
                    <value>https://maps.google.com?q=14.90872,74.0927&amp;t=h</value>
                </Data>
                <Data name="id">
                    <value>558</value>
                </Data>
                <Data name="name">
                    <value>Adma Phond</value>
                </Data>
                <Data name="taluka">
                    <value>Canacona</value>
                </Data>
                <Data name="syno">
                    <value>301</value>
                </Data>
                <Data name="subdiv">
                    <value>4</value>
                </Data>
                <Data name="village">
                    <value>Loliem</value>
                </Data>
                <Data name="latitude">
                    <value>14.90872</value>
                </Data>
                <Data name="longitude">
                    <value>74.0927</value>
                </Data>
                <Data name="photo_1">
                    <value>DCIM/20200916165543784.jpg</value>
                </Data>
                <Data name="photo_2">
                    <value>DCIM/20200916165605260.jpg</value>
                </Data>
                <Data name="constituency">
                    <value>40 - Canacona</value>
                </Data>
                <Data name="status">
                    <value>Completed</value>
                </Data>
                <Data name="panchayat">
                    <value>Loliem-Polem</value>
                </Data>
                <Data name="wb_type">
                    <value>Pond</value>
                </Data>
                <Data name="owner_type">
                    <value>Private / Public</value>
                </Data>
                <Data name="purpose">
                    <value>Storage</value>
                </Data>
                <Data name="construction">
                    <value>Natural</value>
                </Data>
                <Data name="condition">
                    <value>Needs Maintenance</value>
                </Data>
                <Data name="print_order">
                    <value>023</value>
                </Data>
                <Data name="wb_id">
                    <value>Ca/Loli/03</value>
                </Data>
                <Data name="storage_capacity">
                    <value>3706.0</value>
                </Data>
                <Data name="wb_surface_id">
                    <value>1781</value>
                </Data>
                <Data name="created_at">
                    <value>2020-02-28 15:24:34</value>
                </Data>
                <Data name="updated_at">
                    <value>2023-07-22 14:03:14.307690</value>
                </Data>
                <Data name="book_id">
                    <value>1</value>
                </Data>
                <Data name="owners">
                    <value>Executive Engineer WD VIII (Bldgs South) P.W.D. Fatorda, Margao
P.W.D, Works Divisions VIII, Margao.
Ramchandra Vassudeva Malyar</value>
                </Data>
                <Data name="label_x">
                    <value>1001865.0</value>
                </Data>
                <Data name="label_y">
                    <value>944575.3565251973</value>
                </Data>
            </ExtendedData>
            <Point id="17496">
                <coordinates>74.092700415,14.908716352,0.0</coordinates>
            </Point>
        </Placemark>
        <Placemark id="17529">
            <ExtendedData>
                <Data name="direction">
                    <value>https://maps.google.com?q=14.96198,74.05339&amp;t=h</value>
                </Data>
                <Data name="id">
                    <value>563</value>
                </Data>
                <Data name="name">
                    <value>Maxem</value>
                </Data>
                <Data name="taluka">
                    <value>Canacona</value>
                </Data>
                <Data name="syno">
                    <value>6</value>
                </Data>
                <Data name="subdiv">
                    <value>3</value>
                </Data>
                <Data name="village">
                    <value>Loliem</value>
                </Data>
                <Data name="latitude">
                    <value>14.96198</value>
                </Data>
                <Data name="longitude">
                    <value>74.05339</value>
                </Data>
                <Data name="photo_1">
                    <value>DCIM/20220514081823724.jpg</value>
                </Data>
                <Data name="photo_2">
                    <value>DCIM/20220514081912970.jpg</value>
                </Data>
                <Data name="constituency">
                    <value>40 - Canacona</value>
                </Data>
                <Data name="status">
                    <value>Completed</value>
                </Data>
                <Data name="panchayat">
                    <value>Loliem-Polem</value>
                </Data>
                <Data name="wb_type">
                    <value>Tank</value>
                </Data>
                <Data name="owner_type">
                    <value>Private</value>
                </Data>
                <Data name="purpose">
                    <value>Irrigation</value>
                </Data>
                <Data name="construction">
                    <value>Man Made</value>
                </Data>
                <Data name="condition">
                    <value>Needs Maintenance</value>
                </Data>
                <Data name="print_order">
                    <value>124</value>
                </Data>
                <Data name="wb_id">
                    <value>Ca/Loli/29</value>
                </Data>
                <Data name="storage_capacity">
                    <value>212.0</value>
                </Data>
                <Data name="wb_surface_id">
                    <value>465</value>
                </Data>
                <Data name="created_at">
                    <value>2020-02-28 15:24:34</value>
                </Data>
                <Data name="updated_at">
                    <value>2023-07-22 14:03:14.307690</value>
                </Data>
                <Data name="book_id">
                    <value>1</value>
                </Data>
                <Data name="owners">
                    <value>Vaman Anant Prabhu</value>
                </Data>
                <Data name="label_x">
                    <value>995347.0</value>
                </Data>
                <Data name="label_y">
                    <value>950554.198933077</value>
                </Data>
            </ExtendedData>
            <Point id="17528">
                <coordinates>74.053390073,14.961976073,0.0</coordinates>
            </Point>
        </Placemark>
        <Placemark id="17561">
            <ExtendedData>
                <Data name="direction">
                    <value>https://maps.google.com?q=14.93253,74.07365&amp;t=h</value>
                </Data>
                <Data name="id">
                    <value>3283</value>
                </Data>
                <Data name="name">
                    <value>Arjun Toli; Pedem</value>
                </Data>
                <Data name="taluka">
                    <value>Canacona</value>
                </Data>
                <Data name="syno">
                    <value>140</value>
                </Data>
                <Data name="subdiv">
                    <value>1</value>
                </Data>
                <Data name="village">
                    <value>Loliem</value>
                </Data>
                <Data name="latitude">
                    <value>14.93253</value>
                </Data>
                <Data name="longitude">
                    <value>74.07365</value>
                </Data>
                <Data name="photo_1">
                    <value>DCIM/20220524091645929.jpg</value>
                </Data>
                <Data name="photo_2">
                    <value>DCIM/20220524091651894.jpg</value>
                </Data>
                <Data name="constituency">
                    <value>40 - Canacona</value>
                </Data>
                <Data name="status">
                    <value>Completed</value>
                </Data>
                <Data name="panchayat">
                    <value>Loliem-Polem</value>
                </Data>
                <Data name="wb_type">
                    <value>Tank</value>
                </Data>
                <Data name="owner_type">
                    <value>Communidade</value>
                </Data>
                <Data name="purpose">
                    <value>Storage</value>
                </Data>
                <Data name="construction">
                    <value>Man Made</value>
                </Data>
                <Data name="condition">
                    <value>Needs Maintenance</value>
                </Data>
                <Data name="print_order">
                    <value>113</value>
                </Data>
                <Data name="wb_id">
                    <value>Ca/Loli/05</value>
                </Data>
                <Data name="storage_capacity">
                    <value>1729.0</value>
                </Data>
                <Data name="wb_surface_id">
                    <value>2093</value>
                </Data>
                <Data name="created_at">
                    <value>2020-10-03 15:31:25</value>
                </Data>
                <Data name="updated_at">
                    <value>2023-07-22 14:03:14.307690</value>
                </Data>
                <Data name="book_id">
                    <value>1</value>
                </Data>
                <Data name="owners">
                    <value>Communidade of Loliem</value>
                </Data>
                <Data name="label_x">
                    <value>1001865.0</value>
                </Data>
                <Data name="label_y">
                    <value>946325.356525197</value>
                </Data>
            </ExtendedData>
            <Point id="17560">
                <coordinates>74.073652309,14.932533676,0.0</coordinates>
            </Point>
        </Placemark>
        <Placemark id="17593">
            <ExtendedData>
                <Data name="direction">
                    <value>https://maps.google.com?q=14.9611,74.05172&amp;t=h</value>
                </Data>
                <Data name="id">
                    <value>560</value>
                </Data>
                <Data name="name">
                    <value>Agor</value>
                </Data>
                <Data name="taluka">
                    <value>Canacona</value>
                </Data>
                <Data name="syno">
                    <value>5</value>
                </Data>
                <Data name="subdiv">
                    <value>15</value>
                </Data>
                <Data name="village">
                    <value>Loliem</value>
                </Data>
                <Data name="latitude">
                    <value>14.9611</value>
                </Data>
                <Data name="longitude">
                    <value>74.05172</value>
                </Data>
                <Data name="photo_1">
                    <value>DCIM/20220524074927323.jpg</value>
                </Data>
                <Data name="photo_2">
                    <value>DCIM/20220524074945560.jpg</value>
                </Data>
                <Data name="constituency">
                    <value>40 - Canacona</value>
                </Data>
                <Data name="status">
                    <value>Completed</value>
                </Data>
                <Data name="panchayat">
                    <value>Loliem-Polem</value>
                </Data>
                <Data name="wb_type">
                    <value>Lake</value>
                </Data>
                <Data name="owner_type">
                    <value>Private</value>
                </Data>
                <Data name="purpose">
                    <value>Storage</value>
                </Data>
                <Data name="construction">
                    <value>Natural</value>
                </Data>
                <Data name="condition">
                    <value>Needs Maintenance</value>
                </Data>
                <Data name="print_order">
                    <value>002</value>
                </Data>
                <Data name="wb_id">
                    <value>Ca/Loli/02</value>
                </Data>
                <Data name="storage_capacity">
                    <value>4406.0</value>
                </Data>
                <Data name="wb_surface_id">
                    <value>323</value>
                </Data>
                <Data name="created_at">
                    <value>2020-02-28 15:24:34</value>
                </Data>
                <Data name="updated_at">
                    <value>2023-07-22 14:03:14.307690</value>
                </Data>
                <Data name="book_id">
                    <value>1</value>
                </Data>
                <Data name="owners">
                    <value>Purshottam S.Prabhu Gaunkar</value>
                </Data>
                <Data name="label_x">
                    <value>995347.0</value>
                </Data>
                <Data name="label_y">
                    <value>950304.198933077</value>
                </Data>
            </ExtendedData>
            <Point id="17592">
                <coordinates>74.051715469,14.9610953,0.0</coordinates>
            </Point>
        </Placemark>
    </Document>
</kml>
