<?xml version="1.0" encoding="UTF-8"?>
<kml xmlns="http://www.opengis.net/kml/2.2" xmlns:gx="http://www.google.com/kml/ext/2.2">
    <Document id="47945">
        <Placemark id="47947">
            <ExtendedData>
                <Data name="direction">
                    <value>https://maps.google.com?q=15.30099,73.93059&amp;t=h</value>
                </Data>
                <Data name="id">
                    <value>1368</value>
                </Data>
                <Data name="name">
                    <value>Viroshet</value>
                </Data>
                <Data name="taluka">
                    <value>Salcete</value>
                </Data>
                <Data name="syno">
                    <value>36</value>
                </Data>
                <Data name="subdiv">
                    <value>19</value>
                </Data>
                <Data name="village">
                    <value>Betalbatim</value>
                </Data>
                <Data name="latitude">
                    <value>15.30099</value>
                </Data>
                <Data name="longitude">
                    <value>73.93059</value>
                </Data>
                <Data name="photo_1">
                    <value>DCIM/20220105091425512.jpg</value>
                </Data>
                <Data name="photo_2">
                    <value>DCIM/20220105091441183.jpg</value>
                </Data>
                <Data name="constituency">
                    <value>28 - Nuvem</value>
                </Data>
                <Data name="status">
                    <value>Completed</value>
                </Data>
                <Data name="panchayat">
                    <value>Betalbatim</value>
                </Data>
                <Data name="wb_type">
                    <value>Pond</value>
                </Data>
                <Data name="owner_type">
                    <value>Communidade</value>
                </Data>
                <Data name="purpose">
                    <value>Irrigation</value>
                </Data>
                <Data name="construction">
                    <value>Natural</value>
                </Data>
                <Data name="condition">
                    <value>Needs Maintenance</value>
                </Data>
                <Data name="print_order">
                    <value>137</value>
                </Data>
                <Data name="wb_id">
                    <value>Sc/Beta/25</value>
                </Data>
                <Data name="storage_capacity">
                    <value>250.0</value>
                </Data>
                <Data name="wb_surface_id">
                    <value>1548</value>
                </Data>
                <Data name="created_at">
                    <value>2020-02-28 15:24:34</value>
                </Data>
                <Data name="updated_at">
                    <value>2023-07-22 14:03:14.307690</value>
                </Data>
                <Data name="book_id">
                    <value>1</value>
                </Data>
                <Data name="owners">
                    <value>Communidade</value>
                </Data>
                <Data name="label_x">
                    <value>1008337.0</value>
                </Data>
                <Data name="label_y">
                    <value>997283.156424282</value>
                </Data>
            </ExtendedData>
            <Point id="47946">
                <coordinates>73.930590203,15.300987523,0.0</coordinates>
            </Point>
        </Placemark>
        <Placemark id="47979">
            <ExtendedData>
                <Data name="direction">
                    <value>https://maps.google.com?q=15.30177,73.90644&amp;t=h</value>
                </Data>
                <Data name="id">
                    <value>3738</value>
                </Data>
                <Data name="name">
                    <value>Puscungi</value>
                </Data>
                <Data name="taluka">
                    <value>Salcete</value>
                </Data>
                <Data name="syno">
                    <value>134</value>
                </Data>
                <Data name="subdiv">
                    <value>21</value>
                </Data>
                <Data name="village">
                    <value>Betalbatim</value>
                </Data>
                <Data name="latitude">
                    <value>15.30177</value>
                </Data>
                <Data name="longitude">
                    <value>73.90644</value>
                </Data>
                <Data name="photo_1">
                    <value>DCIM/20211028090106380.jpg</value>
                </Data>
                <Data name="photo_2">
                    <value>DCIM/20211028090115391.jpg</value>
                </Data>
                <Data name="constituency">
                    <value>28 - Nuvem</value>
                </Data>
                <Data name="status">
                    <value>Completed</value>
                </Data>
                <Data name="panchayat">
                    <value>Betalbatim</value>
                </Data>
                <Data name="wb_type">
                    <value>Pond</value>
                </Data>
                <Data name="owner_type">
                    <value>Private</value>
                </Data>
                <Data name="purpose">
                    <value>Irrigation</value>
                </Data>
                <Data name="construction">
                    <value>Natural</value>
                </Data>
                <Data name="condition">
                    <value>Needs Maintenance</value>
                </Data>
                <Data name="print_order">
                    <value>148</value>
                </Data>
                <Data name="wb_id">
                    <value>Sc/Beta/36</value>
                </Data>
                <Data name="storage_capacity">
                    <value>91.0</value>
                </Data>
                <Data name="wb_surface_id">
                    <value>2255</value>
                </Data>
                <Data name="created_at">
                    <value>2021-03-13 10:52:06.922915</value>
                </Data>
                <Data name="updated_at">
                    <value>2023-07-22 14:03:14.307690</value>
                </Data>
                <Data name="book_id">
                    <value>1</value>
                </Data>
                <Data name="owners">
                    <value>Diogo Jose Carvalho</value>
                </Data>
                <Data name="label_x">
                    <value>987637.0</value>
                </Data>
                <Data name="label_y">
                    <value>994233.192006791</value>
                </Data>
            </ExtendedData>
            <Point id="47978">
                <coordinates>73.906443322,15.301772643,0.0</coordinates>
            </Point>
        </Placemark>
        <Placemark id="48011">
            <ExtendedData>
                <Data name="direction">
                    <value>https://maps.google.com?q=15.30115,73.90904&amp;t=h</value>
                </Data>
                <Data name="id">
                    <value>3938</value>
                </Data>
                <Data name="name">
                    <value>Toliekodo</value>
                </Data>
                <Data name="taluka">
                    <value>Salcete</value>
                </Data>
                <Data name="syno">
                    <value>136</value>
                </Data>
                <Data name="subdiv">
                    <value>12</value>
                </Data>
                <Data name="village">
                    <value>Betalbatim</value>
                </Data>
                <Data name="latitude">
                    <value>15.30115</value>
                </Data>
                <Data name="longitude">
                    <value>73.90904</value>
                </Data>
                <Data name="photo_1">
                    <value>DCIM/20211028084306927.jpg</value>
                </Data>
                <Data name="photo_2">
                    <value>DCIM/20211028084315196.jpg</value>
                </Data>
                <Data name="constituency">
                    <value>28 - Nuvem</value>
                </Data>
                <Data name="status">
                    <value>Completed</value>
                </Data>
                <Data name="panchayat">
                    <value>Betalbatim</value>
                </Data>
                <Data name="wb_type">
                    <value>Pond</value>
                </Data>
                <Data name="owner_type">
                    <value>Private</value>
                </Data>
                <Data name="purpose">
                    <value>Irrigation</value>
                </Data>
                <Data name="construction">
                    <value>Natural</value>
                </Data>
                <Data name="condition">
                    <value>Good</value>
                </Data>
                <Data name="print_order">
                    <value>140</value>
                </Data>
                <Data name="wb_id">
                    <value>Sc/Beta/28</value>
                </Data>
                <Data name="storage_capacity">
                    <value>200.0</value>
                </Data>
                <Data name="wb_surface_id">
                    <value>2620</value>
                </Data>
                <Data name="created_at">
                    <value>2021-10-28 00:00:00</value>
                </Data>
                <Data name="updated_at">
                    <value>2023-07-22 14:03:14.307690</value>
                </Data>
                <Data name="book_id">
                    <value>1</value>
                </Data>
                <Data name="owners">
                    <value>Diogo Jose Cravalho</value>
                </Data>
                <Data name="label_x">
                    <value>987637.0</value>
                </Data>
                <Data name="label_y">
                    <value>996333.192006791</value>
                </Data>
            </ExtendedData>
            <Point id="48010">
                <coordinates>73.909039062,15.301145429,0.0</coordinates>
            </Point>
        </Placemark>
        <Placemark id="48043">
            <ExtendedData>
                <Data name="direction">
                    <value>https://maps.google.com?q=15.29623,73.91222&amp;t=h</value>
                </Data>
                <Data name="id">
                    <value>1374</value>
                </Data>
                <Data name="name">
                    <value>Amboi</value>
                </Data>
                <Data name="taluka">
                    <value>Salcete</value>
                </Data>
                <Data name="syno">
                    <value>109</value>
                </Data>
                <Data name="subdiv">
                    <value>1</value>
                </Data>
                <Data name="village">
                    <value>Betalbatim</value>
                </Data>
                <Data name="latitude">
                    <value>15.29623</value>
                </Data>
                <Data name="longitude">
                    <value>73.91222</value>
                </Data>
                <Data name="photo_1">
                    <value>DCIM/20210902141134549.jpg</value>
                </Data>
                <Data name="photo_2">
                    <value>DCIM/20210902141142231.jpg</value>
                </Data>
                <Data name="constituency">
                    <value>28 - Nuvem</value>
                </Data>
                <Data name="status">
                    <value>Completed</value>
                </Data>
                <Data name="panchayat">
                    <value>Betalbatim</value>
                </Data>
                <Data name="wb_type">
                    <value>Pond</value>
                </Data>
                <Data name="owner_type">
                    <value>Private</value>
                </Data>
                <Data name="purpose">
                    <value>Storage</value>
                </Data>
                <Data name="construction">
                    <value>Natural/Man Made</value>
                </Data>
                <Data name="condition">
                    <value>Needs Maintenance</value>
                </Data>
                <Data name="print_order">
                    <value>134</value>
                </Data>
                <Data name="wb_id">
                    <value>Sc/Beta/22</value>
                </Data>
                <Data name="storage_capacity">
                    <value>314.0</value>
                </Data>
                <Data name="wb_surface_id">
                    <value>1026</value>
                </Data>
                <Data name="created_at">
                    <value>2020-02-28 15:24:34</value>
                </Data>
                <Data name="updated_at">
                    <value>2023-07-22 14:03:14.307690</value>
                </Data>
                <Data name="book_id">
                    <value>1</value>
                </Data>
                <Data name="owners">
                    <value>Algoa Beach Resorts Private Limited
Algoa Beach Resorts Pvt. Ltd.
M/s. Sea Delight Enterprises</value>
                </Data>
                <Data name="label_x">
                    <value>987637.0</value>
                </Data>
                <Data name="label_y">
                    <value>998433.192006791</value>
                </Data>
            </ExtendedData>
            <Point id="48042">
                <coordinates>73.912218046,15.296230228,0.0</coordinates>
            </Point>
        </Placemark>
        <Placemark id="48075">
            <ExtendedData>
                <Data name="direction">
                    <value>https://maps.google.com?q=15.29736,73.91271&amp;t=h</value>
                </Data>
                <Data name="id">
                    <value>1373</value>
                </Data>
                <Data name="name">
                    <value>Tontem</value>
                </Data>
                <Data name="taluka">
                    <value>Salcete</value>
                </Data>
                <Data name="syno">
                    <value>122</value>
                </Data>
                <Data name="subdiv">
                    <value>12</value>
                </Data>
                <Data name="village">
                    <value>Betalbatim</value>
                </Data>
                <Data name="latitude">
                    <value>15.29736</value>
                </Data>
                <Data name="longitude">
                    <value>73.91271</value>
                </Data>
                <Data name="photo_1">
                    <value>DCIM/20210902142151417.jpg</value>
                </Data>
                <Data name="photo_2">
                    <value>DCIM/20210902142159695.jpg</value>
                </Data>
                <Data name="constituency">
                    <value>28 - Nuvem</value>
                </Data>
                <Data name="status">
                    <value>Completed</value>
                </Data>
                <Data name="panchayat">
                    <value>Betalbatim</value>
                </Data>
                <Data name="wb_type">
                    <value>Pond</value>
                </Data>
                <Data name="owner_type">
                    <value>Private</value>
                </Data>
                <Data name="purpose">
                    <value>Irrigation</value>
                </Data>
                <Data name="construction">
                    <value>Natural</value>
                </Data>
                <Data name="condition">
                    <value>Needs Maintenance</value>
                </Data>
                <Data name="print_order">
                    <value>144</value>
                </Data>
                <Data name="wb_id">
                    <value>Sc/Beta/32</value>
                </Data>
                <Data name="storage_capacity">
                    <value>145.0</value>
                </Data>
                <Data name="wb_surface_id">
                    <value>1028</value>
                </Data>
                <Data name="created_at">
                    <value>2020-02-28 15:24:34</value>
                </Data>
                <Data name="updated_at">
                    <value>2023-07-22 14:03:14.307690</value>
                </Data>
                <Data name="book_id">
                    <value>1</value>
                </Data>
                <Data name="owners">
                    <value>Jose Piedade Noronha</value>
                </Data>
                <Data name="label_x">
                    <value>987637.0</value>
                </Data>
                <Data name="label_y">
                    <value>999833.192006791</value>
                </Data>
            </ExtendedData>
            <Point id="48074">
                <coordinates>73.912705895,15.29735692,0.0</coordinates>
            </Point>
        </Placemark>
        <Placemark id="48107">
            <ExtendedData>
                <Data name="direction">
                    <value>https://maps.google.com?q=15.29303,73.91473&amp;t=h</value>
                </Data>
                <Data name="id">
                    <value>1377</value>
                </Data>
                <Data name="name">
                    <value>Ohillo-shando; Guruchem Morod</value>
                </Data>
                <Data name="taluka">
                    <value>Salcete</value>
                </Data>
                <Data name="syno">
                    <value>91</value>
                </Data>
                <Data name="subdiv">
                    <value>2</value>
                </Data>
                <Data name="village">
                    <value>Betalbatim</value>
                </Data>
                <Data name="latitude">
                    <value>15.29303</value>
                </Data>
                <Data name="longitude">
                    <value>73.91473</value>
                </Data>
                <Data name="photo_1">
                    <value>DCIM/20211028110010176.jpg</value>
                </Data>
                <Data name="photo_2">
                    <value>DCIM/20211028110117749.jpg</value>
                </Data>
                <Data name="constituency">
                    <value>28 - Nuvem</value>
                </Data>
                <Data name="status">
                    <value>Completed</value>
                </Data>
                <Data name="panchayat">
                    <value>Betalbatim</value>
                </Data>
                <Data name="wb_type">
                    <value>Pond</value>
                </Data>
                <Data name="owner_type">
                    <value>Communidade</value>
                </Data>
                <Data name="purpose">
                    <value>Irrigation</value>
                </Data>
                <Data name="construction">
                    <value>Natural/Man Made</value>
                </Data>
                <Data name="condition">
                    <value>Needs Maintenance</value>
                </Data>
                <Data name="print_order">
                    <value>119</value>
                </Data>
                <Data name="wb_id">
                    <value>Sc/Beta/07</value>
                </Data>
                <Data name="storage_capacity">
                    <value>1795.0</value>
                </Data>
                <Data name="wb_surface_id">
                    <value>1022</value>
                </Data>
                <Data name="created_at">
                    <value>2020-02-28 15:24:34</value>
                </Data>
                <Data name="updated_at">
                    <value>2023-07-22 14:03:14.307690</value>
                </Data>
                <Data name="book_id">
                    <value>1</value>
                </Data>
                <Data name="owners">
                    <value>Communidade</value>
                </Data>
                <Data name="label_x">
                    <value>987637.0</value>
                </Data>
                <Data name="label_y">
                    <value>1000533.192006791</value>
                </Data>
            </ExtendedData>
            <Point id="48106">
                <coordinates>73.914728653,15.293031991,0.0</coordinates>
            </Point>
        </Placemark>
        <Placemark id="48139">
            <ExtendedData>
                <Data name="direction">
                    <value>https://maps.google.com?q=15.30314,73.91332&amp;t=h</value>
                </Data>
                <Data name="id">
                    <value>3698</value>
                </Data>
                <Data name="name">
                    <value>Cosalem</value>
                </Data>
                <Data name="taluka">
                    <value>Salcete</value>
                </Data>
                <Data name="syno">
                    <value>143</value>
                </Data>
                <Data name="subdiv">
                    <value>10</value>
                </Data>
                <Data name="village">
                    <value>Betalbatim</value>
                </Data>
                <Data name="latitude">
                    <value>15.30314</value>
                </Data>
                <Data name="longitude">
                    <value>73.91332</value>
                </Data>
                <Data name="photo_1">
                    <value>DCIM/20210902140357417.jpg</value>
                </Data>
                <Data name="photo_2">
                    <value>DCIM/20210902140405500.jpg</value>
                </Data>
                <Data name="constituency">
                    <value>28 - Nuvem</value>
                </Data>
                <Data name="status">
                    <value>Completed</value>
                </Data>
                <Data name="panchayat">
                    <value>Betalbatim</value>
                </Data>
                <Data name="wb_type">
                    <value>Pond</value>
                </Data>
                <Data name="owner_type">
                    <value>Communidade</value>
                </Data>
                <Data name="purpose">
                    <value>Storage</value>
                </Data>
                <Data name="construction">
                    <value>Natural</value>
                </Data>
                <Data name="condition">
                    <value>Good</value>
                </Data>
                <Data name="print_order">
                    <value>118</value>
                </Data>
                <Data name="wb_id">
                    <value>Sc/Beta/06</value>
                </Data>
                <Data name="storage_capacity">
                    <value>1966.0</value>
                </Data>
                <Data name="wb_surface_id">
                    <value>2210</value>
                </Data>
                <Data name="created_at">
                    <value>2021-03-13 10:52:34.005842</value>
                </Data>
                <Data name="updated_at">
                    <value>2023-07-22 14:03:14.307690</value>
                </Data>
                <Data name="book_id">
                    <value>1</value>
                </Data>
                <Data name="owners">
                    <value>Communidade</value>
                </Data>
                <Data name="label_x">
                    <value>987637.0</value>
                </Data>
                <Data name="label_y">
                    <value>1000883.192006791</value>
                </Data>
            </ExtendedData>
            <Point id="48138">
                <coordinates>73.913317296,15.303142238,0.0</coordinates>
            </Point>
        </Placemark>
        <Placemark id="48171">
            <ExtendedData>
                <Data name="direction">
                    <value>https://maps.google.com?q=15.30028,73.908&amp;t=h</value>
                </Data>
                <Data name="id">
                    <value>1366</value>
                </Data>
                <Data name="name">
                    <value>Tankant</value>
                </Data>
                <Data name="taluka">
                    <value>Salcete</value>
                </Data>
                <Data name="syno">
                    <value>130</value>
                </Data>
                <Data name="subdiv">
                    <value>5</value>
                </Data>
                <Data name="village">
                    <value>Betalbatim</value>
                </Data>
                <Data name="latitude">
                    <value>15.30028</value>
                </Data>
                <Data name="longitude">
                    <value>73.908</value>
                </Data>
                <Data name="photo_1">
                    <value>DCIM/20211028084844426.jpg</value>
                </Data>
                <Data name="photo_2">
                    <value>DCIM/20211028084855820.jpg</value>
                </Data>
                <Data name="constituency">
                    <value>28 - Nuvem</value>
                </Data>
                <Data name="status">
                    <value>Completed</value>
                </Data>
                <Data name="panchayat">
                    <value>Betalbatim</value>
                </Data>
                <Data name="wb_type">
                    <value>Pond</value>
                </Data>
                <Data name="owner_type">
                    <value>Private</value>
                </Data>
                <Data name="purpose">
                    <value>Irrigation</value>
                </Data>
                <Data name="construction">
                    <value>Natural</value>
                </Data>
                <Data name="condition">
                    <value>Needs Maintenance</value>
                </Data>
                <Data name="print_order">
                    <value>143</value>
                </Data>
                <Data name="wb_id">
                    <value>Sc/Beta/31</value>
                </Data>
                <Data name="storage_capacity">
                    <value>154.0</value>
                </Data>
                <Data name="wb_surface_id">
                    <value>1034</value>
                </Data>
                <Data name="created_at">
                    <value>2020-02-28 15:24:34</value>
                </Data>
                <Data name="updated_at">
                    <value>2023-07-22 14:03:14.307690</value>
                </Data>
                <Data name="book_id">
                    <value>1</value>
                </Data>
                <Data name="owners">
                    <value>Ryan Sergio Carvalho
Sergio de Jesus Jose Maria Filomena do R osario Carvalho</value>
                </Data>
                <Data name="label_x">
                    <value>987637.0</value>
                </Data>
                <Data name="label_y">
                    <value>994583.192006791</value>
                </Data>
            </ExtendedData>
            <Point id="48170">
                <coordinates>73.907995923,15.300280693,0.0</coordinates>
            </Point>
        </Placemark>
        <Placemark id="48203">
            <ExtendedData>
                <Data name="direction">
                    <value>https://maps.google.com?q=15.29474,73.92951&amp;t=h</value>
                </Data>
                <Data name="id">
                    <value>1382</value>
                </Data>
                <Data name="name">
                    <value>Vile Ada</value>
                </Data>
                <Data name="taluka">
                    <value>Salcete</value>
                </Data>
                <Data name="syno">
                    <value>59</value>
                </Data>
                <Data name="subdiv">
                    <value>3</value>
                </Data>
                <Data name="village">
                    <value>Betalbatim</value>
                </Data>
                <Data name="latitude">
                    <value>15.29474</value>
                </Data>
                <Data name="longitude">
                    <value>73.92951</value>
                </Data>
                <Data name="photo_1">
                    <value>DCIM/20211029082558761.jpg</value>
                </Data>
                <Data name="photo_2">
                    <value>DCIM/20211029082611434.jpg</value>
                </Data>
                <Data name="constituency">
                    <value>28 - Nuvem</value>
                </Data>
                <Data name="status">
                    <value>Completed</value>
                </Data>
                <Data name="panchayat">
                    <value>Betalbatim</value>
                </Data>
                <Data name="wb_type">
                    <value>Tank</value>
                </Data>
                <Data name="owner_type">
                    <value>Communidade</value>
                </Data>
                <Data name="purpose">
                    <value>Irrigation</value>
                </Data>
                <Data name="construction">
                    <value>Natural</value>
                </Data>
                <Data name="condition">
                    <value>Good</value>
                </Data>
                <Data name="print_order">
                    <value>160</value>
                </Data>
                <Data name="wb_id">
                    <value>Sc/Beta/05</value>
                </Data>
                <Data name="storage_capacity">
                    <value>2507.0</value>
                </Data>
                <Data name="wb_surface_id">
                    <value>1568</value>
                </Data>
                <Data name="created_at">
                    <value>2020-02-28 15:24:34</value>
                </Data>
                <Data name="updated_at">
                    <value>2023-07-22 14:03:14.307690</value>
                </Data>
                <Data name="book_id">
                    <value>1</value>
                </Data>
                <Data name="owners">
                    <value>Communidade</value>
                </Data>
                <Data name="label_x">
                    <value>1008337.0</value>
                </Data>
                <Data name="label_y">
                    <value>994483.156424282</value>
                </Data>
            </ExtendedData>
            <Point id="48202">
                <coordinates>73.929511269,15.294739088,0.0</coordinates>
            </Point>
        </Placemark>
        <Placemark id="48235">
            <ExtendedData>
                <Data name="direction">
                    <value>https://maps.google.com?q=15.30088,73.91114&amp;t=h</value>
                </Data>
                <Data name="id">
                    <value>1363</value>
                </Data>
                <Data name="name">
                    <value>Camrog Pond; Gavorlem</value>
                </Data>
                <Data name="taluka">
                    <value>Salcete</value>
                </Data>
                <Data name="syno">
                    <value>145</value>
                </Data>
                <Data name="subdiv">
                    <value>14</value>
                </Data>
                <Data name="village">
                    <value>Betalbatim</value>
                </Data>
                <Data name="latitude">
                    <value>15.30088</value>
                </Data>
                <Data name="longitude">
                    <value>73.91114</value>
                </Data>
                <Data name="photo_1">
                    <value>DCIM/20211028093052771.jpg</value>
                </Data>
                <Data name="photo_2">
                    <value>DCIM/20211028093118149.jpg</value>
                </Data>
                <Data name="constituency">
                    <value>28 - Nuvem</value>
                </Data>
                <Data name="status">
                    <value>Completed</value>
                </Data>
                <Data name="panchayat">
                    <value>Betalbatim</value>
                </Data>
                <Data name="wb_type">
                    <value>Pond</value>
                </Data>
                <Data name="owner_type">
                    <value>Communidade</value>
                </Data>
                <Data name="purpose">
                    <value>Irrigation</value>
                </Data>
                <Data name="construction">
                    <value>Man Made</value>
                </Data>
                <Data name="condition">
                    <value>Needs Maintenance</value>
                </Data>
                <Data name="print_order">
                    <value>125</value>
                </Data>
                <Data name="wb_id">
                    <value>Sc/Beta/13</value>
                </Data>
                <Data name="storage_capacity">
                    <value>663.0</value>
                </Data>
                <Data name="wb_surface_id">
                    <value>1030</value>
                </Data>
                <Data name="created_at">
                    <value>2020-02-28 15:24:34</value>
                </Data>
                <Data name="updated_at">
                    <value>2023-07-22 14:03:14.307690</value>
                </Data>
                <Data name="book_id">
                    <value>1</value>
                </Data>
                <Data name="owners">
                    <value>Communidade</value>
                </Data>
                <Data name="label_x">
                    <value>987637.0</value>
                </Data>
                <Data name="label_y">
                    <value>998783.192006791</value>
                </Data>
            </ExtendedData>
            <Point id="48234">
                <coordinates>73.911137947,15.300876655,0.0</coordinates>
            </Point>
        </Placemark>
        <Placemark id="48267">
            <ExtendedData>
                <Data name="direction">
                    <value>https://maps.google.com?q=15.30022,73.90901&amp;t=h</value>
                </Data>
                <Data name="id">
                    <value>1365</value>
                </Data>
                <Data name="name">
                    <value>Tankant</value>
                </Data>
                <Data name="taluka">
                    <value>Salcete</value>
                </Data>
                <Data name="syno">
                    <value>130</value>
                </Data>
                <Data name="subdiv">
                    <value>6</value>
                </Data>
                <Data name="village">
                    <value>Betalbatim</value>
                </Data>
                <Data name="latitude">
                    <value>15.30022</value>
                </Data>
                <Data name="longitude">
                    <value>73.90901</value>
                </Data>
                <Data name="photo_1">
                    <value>DCIM/20211028085217764.jpg</value>
                </Data>
                <Data name="photo_2">
                    <value>DCIM/20211028085232659.jpg</value>
                </Data>
                <Data name="constituency">
                    <value>28 - Nuvem</value>
                </Data>
                <Data name="status">
                    <value>Completed</value>
                </Data>
                <Data name="panchayat">
                    <value>Betalbatim</value>
                </Data>
                <Data name="wb_type">
                    <value>Pond</value>
                </Data>
                <Data name="owner_type">
                    <value>Private</value>
                </Data>
                <Data name="purpose">
                    <value>Irrigation</value>
                </Data>
                <Data name="construction">
                    <value>Natural</value>
                </Data>
                <Data name="condition">
                    <value>Needs Maintenance</value>
                </Data>
                <Data name="print_order">
                    <value>138</value>
                </Data>
                <Data name="wb_id">
                    <value>Sc/Beta/26</value>
                </Data>
                <Data name="storage_capacity">
                    <value>245.0</value>
                </Data>
                <Data name="wb_surface_id">
                    <value>1035</value>
                </Data>
                <Data name="created_at">
                    <value>2020-02-28 15:24:34</value>
                </Data>
                <Data name="updated_at">
                    <value>2023-07-22 14:03:14.307690</value>
                </Data>
                <Data name="book_id">
                    <value>1</value>
                </Data>
                <Data name="owners">
                    <value>Ryan Sergio Carvalho
Sergio de Jesus Jose Maria Filomena do R osario Carvalho</value>
                </Data>
                <Data name="label_x">
                    <value>987637.0</value>
                </Data>
                <Data name="label_y">
                    <value>995633.192006791</value>
                </Data>
            </ExtendedData>
            <Point id="48266">
                <coordinates>73.909011526,15.300220744,0.0</coordinates>
            </Point>
        </Placemark>
        <Placemark id="48299">
            <ExtendedData>
                <Data name="direction">
                    <value>https://maps.google.com?q=15.30157,73.90955&amp;t=h</value>
                </Data>
                <Data name="id">
                    <value>1361</value>
                </Data>
                <Data name="name">
                    <value>Santo Gadi</value>
                </Data>
                <Data name="taluka">
                    <value>Salcete</value>
                </Data>
                <Data name="syno">
                    <value>137</value>
                </Data>
                <Data name="subdiv">
                    <value>7</value>
                </Data>
                <Data name="village">
                    <value>Betalbatim</value>
                </Data>
                <Data name="latitude">
                    <value>15.30157</value>
                </Data>
                <Data name="longitude">
                    <value>73.90955</value>
                </Data>
                <Data name="photo_1">
                    <value>DCIM/20211028083303920.jpg</value>
                </Data>
                <Data name="photo_2">
                    <value>DCIM/20211028083319674.jpg</value>
                </Data>
                <Data name="constituency">
                    <value>28 - Nuvem</value>
                </Data>
                <Data name="status">
                    <value>Completed</value>
                </Data>
                <Data name="panchayat">
                    <value>Betalbatim</value>
                </Data>
                <Data name="wb_type">
                    <value>Pond</value>
                </Data>
                <Data name="owner_type">
                    <value>Communidade</value>
                </Data>
                <Data name="purpose">
                    <value>Irrigation</value>
                </Data>
                <Data name="construction">
                    <value>Natural</value>
                </Data>
                <Data name="condition">
                    <value>Needs Maintenance</value>
                </Data>
                <Data name="print_order">
                    <value>141</value>
                </Data>
                <Data name="wb_id">
                    <value>Sc/Beta/29</value>
                </Data>
                <Data name="storage_capacity">
                    <value>189.0</value>
                </Data>
                <Data name="wb_surface_id">
                    <value>1031</value>
                </Data>
                <Data name="created_at">
                    <value>2020-02-28 15:24:34</value>
                </Data>
                <Data name="updated_at">
                    <value>2023-07-22 14:03:14.307690</value>
                </Data>
                <Data name="book_id">
                    <value>1</value>
                </Data>
                <Data name="owners">
                    <value>Communidade</value>
                </Data>
                <Data name="label_x">
                    <value>987637.0</value>
                </Data>
                <Data name="label_y">
                    <value>997733.192006791</value>
                </Data>
            </ExtendedData>
            <Point id="48298">
                <coordinates>73.90954754,15.301574883,0.0</coordinates>
            </Point>
        </Placemark>
        <Placemark id="48331">
            <ExtendedData>
                <Data name="direction">
                    <value>https://maps.google.com?q=15.29726,73.9115&amp;t=h</value>
                </Data>
                <Data name="id">
                    <value>1372</value>
                </Data>
                <Data name="name">
                    <value>Patim</value>
                </Data>
                <Data name="taluka">
                    <value>Salcete</value>
                </Data>
                <Data name="syno">
                    <value>123</value>
                </Data>
                <Data name="subdiv">
                    <value>4</value>
                </Data>
                <Data name="village">
                    <value>Betalbatim</value>
                </Data>
                <Data name="latitude">
                    <value>15.29726</value>
                </Data>
                <Data name="longitude">
                    <value>73.9115</value>
                </Data>
                <Data name="photo_1">
                    <value>DCIM/20211028100015365.jpg</value>
                </Data>
                <Data name="photo_2">
                    <value>DCIM/20211028100024043.jpg</value>
                </Data>
                <Data name="constituency">
                    <value>28 - Nuvem</value>
                </Data>
                <Data name="status">
                    <value>Completed</value>
                </Data>
                <Data name="panchayat">
                    <value>Betalbatim</value>
                </Data>
                <Data name="wb_type">
                    <value>Pond</value>
                </Data>
                <Data name="owner_type">
                    <value>Communidade</value>
                </Data>
                <Data name="purpose">
                    <value>Irrigation</value>
                </Data>
                <Data name="construction">
                    <value>Natural</value>
                </Data>
                <Data name="condition">
                    <value>Needs Maintenance</value>
                </Data>
                <Data name="print_order">
                    <value>127</value>
                </Data>
                <Data name="wb_id">
                    <value>Sc/Beta/15</value>
                </Data>
                <Data name="storage_capacity">
                    <value>518.0</value>
                </Data>
                <Data name="wb_surface_id">
                    <value>1027</value>
                </Data>
                <Data name="created_at">
                    <value>2020-02-28 15:24:34</value>
                </Data>
                <Data name="updated_at">
                    <value>2023-07-22 14:03:14.307690</value>
                </Data>
                <Data name="book_id">
                    <value>1</value>
                </Data>
                <Data name="owners">
                    <value>Communidade</value>
                </Data>
                <Data name="label_x">
                    <value>987637.0</value>
                </Data>
                <Data name="label_y">
                    <value>998083.192006791</value>
                </Data>
            </ExtendedData>
            <Point id="48330">
                <coordinates>73.911502929,15.297255417,0.0</coordinates>
            </Point>
        </Placemark>
        <Placemark id="48363">
            <ExtendedData>
                <Data name="direction">
                    <value>https://maps.google.com?q=15.30057,73.93163&amp;t=h</value>
                </Data>
                <Data name="id">
                    <value>1367</value>
                </Data>
                <Data name="name">
                    <value>Gali</value>
                </Data>
                <Data name="taluka">
                    <value>Salcete</value>
                </Data>
                <Data name="syno">
                    <value>51</value>
                </Data>
                <Data name="subdiv">
                    <value>19</value>
                </Data>
                <Data name="village">
                    <value>Betalbatim</value>
                </Data>
                <Data name="latitude">
                    <value>15.30057</value>
                </Data>
                <Data name="longitude">
                    <value>73.93163</value>
                </Data>
                <Data name="photo_1">
                    <value>DCIM/20210902132458585.jpg</value>
                </Data>
                <Data name="photo_2">
                    <value>DCIM/20210902132507950.jpg</value>
                </Data>
                <Data name="constituency">
                    <value>28 - Nuvem</value>
                </Data>
                <Data name="status">
                    <value>Completed</value>
                </Data>
                <Data name="panchayat">
                    <value>Betalbatim</value>
                </Data>
                <Data name="wb_type">
                    <value>Pond</value>
                </Data>
                <Data name="owner_type">
                    <value>Communidade</value>
                </Data>
                <Data name="purpose">
                    <value>Irrigation</value>
                </Data>
                <Data name="construction">
                    <value>Natural</value>
                </Data>
                <Data name="condition">
                    <value>Good</value>
                </Data>
                <Data name="print_order">
                    <value>133</value>
                </Data>
                <Data name="wb_id">
                    <value>Sc/Beta/21</value>
                </Data>
                <Data name="storage_capacity">
                    <value>317.0</value>
                </Data>
                <Data name="wb_surface_id">
                    <value>1547</value>
                </Data>
                <Data name="created_at">
                    <value>2020-02-28 15:24:34</value>
                </Data>
                <Data name="updated_at">
                    <value>2023-07-22 14:03:14.307690</value>
                </Data>
                <Data name="book_id">
                    <value>1</value>
                </Data>
                <Data name="owners">
                    <value>Communidade</value>
                </Data>
                <Data name="label_x">
                    <value>1008337.0</value>
                </Data>
                <Data name="label_y">
                    <value>996933.156424282</value>
                </Data>
            </ExtendedData>
            <Point id="48362">
                <coordinates>73.93162536,15.30057346,0.0</coordinates>
            </Point>
        </Placemark>
        <Placemark id="48395">
            <ExtendedData>
                <Data name="direction">
                    <value>https://maps.google.com?q=15.3027,73.92035&amp;t=h</value>
                </Data>
                <Data name="id">
                    <value>1384</value>
                </Data>
                <Data name="name">
                    <value>Tolyabati</value>
                </Data>
                <Data name="taluka">
                    <value>Salcete</value>
                </Data>
                <Data name="syno">
                    <value>3</value>
                </Data>
                <Data name="subdiv">
                    <value>13</value>
                </Data>
                <Data name="village">
                    <value>Betalbatim</value>
                </Data>
                <Data name="latitude">
                    <value>15.3027</value>
                </Data>
                <Data name="longitude">
                    <value>73.92035</value>
                </Data>
                <Data name="photo_1">
                    <value>DCIM/20210803151657658.jpg</value>
                </Data>
                <Data name="photo_2">
                    <value>DCIM/20210803151811499.jpg</value>
                </Data>
                <Data name="constituency">
                    <value>28 - Nuvem</value>
                </Data>
                <Data name="status">
                    <value>Completed</value>
                </Data>
                <Data name="panchayat">
                    <value>Betalbatim</value>
                </Data>
                <Data name="wb_type">
                    <value>Pond</value>
                </Data>
                <Data name="owner_type">
                    <value>Communidade</value>
                </Data>
                <Data name="purpose">
                    <value>Irrigation</value>
                </Data>
                <Data name="construction">
                    <value>Natural</value>
                </Data>
                <Data name="condition">
                    <value>Good</value>
                </Data>
                <Data name="print_order">
                    <value>131</value>
                </Data>
                <Data name="wb_id">
                    <value>Sc/Beta/19</value>
                </Data>
                <Data name="storage_capacity">
                    <value>416.0</value>
                </Data>
                <Data name="wb_surface_id">
                    <value>1124</value>
                </Data>
                <Data name="created_at">
                    <value>2020-02-28 15:24:34</value>
                </Data>
                <Data name="updated_at">
                    <value>2023-07-22 14:03:14.307690</value>
                </Data>
                <Data name="book_id">
                    <value>1</value>
                </Data>
                <Data name="owners">
                    <value>Communidade</value>
                </Data>
                <Data name="label_x">
                    <value>1008337.0</value>
                </Data>
                <Data name="label_y">
                    <value>997633.156424282</value>
                </Data>
            </ExtendedData>
            <Point id="48394">
                <coordinates>73.920354081,15.302702806,0.0</coordinates>
            </Point>
        </Placemark>
        <Placemark id="48427">
            <ExtendedData>
                <Data name="direction">
                    <value>https://maps.google.com?q=15.30587,73.92153&amp;t=h</value>
                </Data>
                <Data name="id">
                    <value>1359</value>
                </Data>
                <Data name="name">
                    <value>Mollem</value>
                </Data>
                <Data name="taluka">
                    <value>Salcete</value>
                </Data>
                <Data name="syno">
                    <value>17</value>
                </Data>
                <Data name="subdiv">
                    <value>61</value>
                </Data>
                <Data name="village">
                    <value>Betalbatim</value>
                </Data>
                <Data name="latitude">
                    <value>15.30587</value>
                </Data>
                <Data name="longitude">
                    <value>73.92153</value>
                </Data>
                <Data name="photo_1">
                    <value>DCIM/20211029090858298.jpg</value>
                </Data>
                <Data name="photo_2">
                    <value>DCIM/20211029090907744.jpg</value>
                </Data>
                <Data name="constituency">
                    <value>28 - Nuvem</value>
                </Data>
                <Data name="status">
                    <value>Completed</value>
                </Data>
                <Data name="panchayat">
                    <value>Betalbatim</value>
                </Data>
                <Data name="wb_type">
                    <value>Pond</value>
                </Data>
                <Data name="owner_type">
                    <value>Communidade</value>
                </Data>
                <Data name="purpose">
                    <value>Irrigation</value>
                </Data>
                <Data name="construction">
                    <value>Natural</value>
                </Data>
                <Data name="condition">
                    <value>Needs Maintenance</value>
                </Data>
                <Data name="print_order">
                    <value>121</value>
                </Data>
                <Data name="wb_id">
                    <value>Sc/Beta/09</value>
                </Data>
                <Data name="storage_capacity">
                    <value>1439.0</value>
                </Data>
                <Data name="wb_surface_id">
                    <value>1125</value>
                </Data>
                <Data name="created_at">
                    <value>2020-02-28 15:24:34</value>
                </Data>
                <Data name="updated_at">
                    <value>2023-07-22 14:03:14.307690</value>
                </Data>
                <Data name="book_id">
                    <value>1</value>
                </Data>
                <Data name="owners">
                    <value>Communidade</value>
                </Data>
                <Data name="label_x">
                    <value>1008337.0</value>
                </Data>
                <Data name="label_y">
                    <value>998333.156424282</value>
                </Data>
            </ExtendedData>
            <Point id="48426">
                <coordinates>73.92152823,15.30586832,0.0</coordinates>
            </Point>
        </Placemark>
        <Placemark id="48459">
            <ExtendedData>
                <Data name="direction">
                    <value>https://maps.google.com?q=15.29329,73.92343&amp;t=h</value>
                </Data>
                <Data name="id">
                    <value>1380</value>
                </Data>
                <Data name="name">
                    <value>Porlopa</value>
                </Data>
                <Data name="taluka">
                    <value>Salcete</value>
                </Data>
                <Data name="syno">
                    <value>75</value>
                </Data>
                <Data name="subdiv">
                    <value>9</value>
                </Data>
                <Data name="village">
                    <value>Betalbatim</value>
                </Data>
                <Data name="latitude">
                    <value>15.29329</value>
                </Data>
                <Data name="longitude">
                    <value>73.92343</value>
                </Data>
                <Data name="photo_1">
                    <value>DCIM/20211028114110663.jpg</value>
                </Data>
                <Data name="photo_2">
                    <value>DCIM/20211028114118480.jpg</value>
                </Data>
                <Data name="constituency">
                    <value>28 - Nuvem</value>
                </Data>
                <Data name="status">
                    <value>Completed</value>
                </Data>
                <Data name="panchayat">
                    <value>Betalbatim</value>
                </Data>
                <Data name="wb_type">
                    <value>Pond</value>
                </Data>
                <Data name="owner_type">
                    <value>Private</value>
                </Data>
                <Data name="purpose">
                    <value>Storage</value>
                </Data>
                <Data name="construction">
                    <value>Natural</value>
                </Data>
                <Data name="condition">
                    <value>Good</value>
                </Data>
                <Data name="print_order">
                    <value>120</value>
                </Data>
                <Data name="wb_id">
                    <value>Sc/Beta/08</value>
                </Data>
                <Data name="storage_capacity">
                    <value>1655.0</value>
                </Data>
                <Data name="wb_surface_id">
                    <value>1737</value>
                </Data>
                <Data name="created_at">
                    <value>2020-02-28 15:24:34</value>
                </Data>
                <Data name="updated_at">
                    <value>2023-07-22 14:03:14.307690</value>
                </Data>
                <Data name="book_id">
                    <value>1</value>
                </Data>
                <Data name="owners">
                    <value>Agnelo Regis Barros
Antonio Pedro Barros
Ramila Cecilia Gerson Rebelo e Barros</value>
                </Data>
                <Data name="label_x">
                    <value>1008337.0</value>
                </Data>
                <Data name="label_y">
                    <value>994133.156424282</value>
                </Data>
            </ExtendedData>
            <Point id="48458">
                <coordinates>73.923425025,15.293293264,0.0</coordinates>
            </Point>
        </Placemark>
        <Placemark id="48491">
            <ExtendedData>
                <Data name="direction">
                    <value>https://maps.google.com?q=15.29329,73.9092&amp;t=h</value>
                </Data>
                <Data name="id">
                    <value>3904</value>
                </Data>
                <Data name="name">
                    <value>Khare Khajan</value>
                </Data>
                <Data name="taluka">
                    <value>Salcete</value>
                </Data>
                <Data name="syno">
                    <value>105</value>
                </Data>
                <Data name="subdiv">
                    <value>5</value>
                </Data>
                <Data name="village">
                    <value>Betalbatim</value>
                </Data>
                <Data name="latitude">
                    <value>15.29329</value>
                </Data>
                <Data name="longitude">
                    <value>73.9092</value>
                </Data>
                <Data name="photo_1">
                    <value>DCIM/20211028051303047.jpg</value>
                </Data>
                <Data name="photo_2">
                    <value>DCIM/20211028104310929.jpg</value>
                </Data>
                <Data name="constituency">
                    <value>28 - Nuvem</value>
                </Data>
                <Data name="status">
                    <value>Completed</value>
                </Data>
                <Data name="panchayat">
                    <value>Betalbatim</value>
                </Data>
                <Data name="wb_type">
                    <value>Tank</value>
                </Data>
                <Data name="owner_type">
                    <value>Communidade</value>
                </Data>
                <Data name="purpose">
                    <value>Irrigation</value>
                </Data>
                <Data name="construction">
                    <value>Natural/Man Made</value>
                </Data>
                <Data name="condition">
                    <value>Needs Maintenance</value>
                </Data>
                <Data name="print_order">
                    <value>159</value>
                </Data>
                <Data name="wb_id">
                    <value>Sc/Beta/03</value>
                </Data>
                <Data name="storage_capacity">
                    <value>22845.0</value>
                </Data>
                <Data name="wb_surface_id">
                    <value>2622</value>
                </Data>
                <Data name="created_at">
                    <value>2021-10-19 00:00:00</value>
                </Data>
                <Data name="updated_at">
                    <value>2023-07-22 14:03:14.307690</value>
                </Data>
                <Data name="book_id">
                    <value>1</value>
                </Data>
                <Data name="owners">
                    <value>Communidade</value>
                </Data>
                <Data name="label_x">
                    <value>987637.0</value>
                </Data>
                <Data name="label_y">
                    <value>993183.192006791</value>
                </Data>
            </ExtendedData>
            <Point id="48490">
                <coordinates>73.909196575,15.293292576,0.0</coordinates>
            </Point>
        </Placemark>
        <Placemark id="48523">
            <ExtendedData>
                <Data name="direction">
                    <value>https://maps.google.com?q=15.3001,73.91139&amp;t=h</value>
                </Data>
                <Data name="id">
                    <value>1364</value>
                </Data>
                <Data name="name">
                    <value>Patem</value>
                </Data>
                <Data name="taluka">
                    <value>Salcete</value>
                </Data>
                <Data name="syno">
                    <value>129</value>
                </Data>
                <Data name="subdiv">
                    <value>8</value>
                </Data>
                <Data name="village">
                    <value>Betalbatim</value>
                </Data>
                <Data name="latitude">
                    <value>15.3001</value>
                </Data>
                <Data name="longitude">
                    <value>73.91139</value>
                </Data>
                <Data name="photo_1">
                    <value>DCIM/20211028093422816.jpg</value>
                </Data>
                <Data name="photo_2">
                    <value>DCIM/20211028093430826.jpg</value>
                </Data>
                <Data name="constituency">
                    <value>28 - Nuvem</value>
                </Data>
                <Data name="status">
                    <value>Completed</value>
                </Data>
                <Data name="panchayat">
                    <value>Betalbatim</value>
                </Data>
                <Data name="wb_type">
                    <value>Pond</value>
                </Data>
                <Data name="owner_type">
                    <value>Communidade</value>
                </Data>
                <Data name="purpose">
                    <value>Irrigation</value>
                </Data>
                <Data name="construction">
                    <value>Natural</value>
                </Data>
                <Data name="condition">
                    <value>Needs Maintenance</value>
                </Data>
                <Data name="print_order">
                    <value>124</value>
                </Data>
                <Data name="wb_id">
                    <value>Sc/Beta/12</value>
                </Data>
                <Data name="storage_capacity">
                    <value>686.0</value>
                </Data>
                <Data name="wb_surface_id">
                    <value>1029</value>
                </Data>
                <Data name="created_at">
                    <value>2020-02-28 15:24:34</value>
                </Data>
                <Data name="updated_at">
                    <value>2023-07-22 14:03:14.307690</value>
                </Data>
                <Data name="book_id">
                    <value>1</value>
                </Data>
                <Data name="owners">
                    <value>Communidade</value>
                </Data>
                <Data name="label_x">
                    <value>987637.0</value>
                </Data>
                <Data name="label_y">
                    <value>999133.192006791</value>
                </Data>
            </ExtendedData>
            <Point id="48522">
                <coordinates>73.911391848,15.300100847,0.0</coordinates>
            </Point>
        </Placemark>
        <Placemark id="48555">
            <ExtendedData>
                <Data name="direction">
                    <value>https://maps.google.com?q=15.29317,73.9178&amp;t=h</value>
                </Data>
                <Data name="id">
                    <value>1378</value>
                </Data>
                <Data name="name">
                    <value>Ogali</value>
                </Data>
                <Data name="taluka">
                    <value>Salcete</value>
                </Data>
                <Data name="syno">
                    <value>88</value>
                </Data>
                <Data name="subdiv">
                    <value>6</value>
                </Data>
                <Data name="village">
                    <value>Betalbatim</value>
                </Data>
                <Data name="latitude">
                    <value>15.29317</value>
                </Data>
                <Data name="longitude">
                    <value>73.9178</value>
                </Data>
                <Data name="photo_1">
                    <value>DCIM/20211028111335571.jpg</value>
                </Data>
                <Data name="photo_2">
                    <value>DCIM/20211028111025122.jpg</value>
                </Data>
                <Data name="constituency">
                    <value>28 - Nuvem</value>
                </Data>
                <Data name="status">
                    <value>Completed</value>
                </Data>
                <Data name="panchayat">
                    <value>Betalbatim</value>
                </Data>
                <Data name="wb_type">
                    <value>Lake</value>
                </Data>
                <Data name="owner_type">
                    <value>Communidade</value>
                </Data>
                <Data name="purpose">
                    <value>Irrigation</value>
                </Data>
                <Data name="construction">
                    <value>Natural/Man Made</value>
                </Data>
                <Data name="condition">
                    <value>Good</value>
                </Data>
                <Data name="print_order">
                    <value>007</value>
                </Data>
                <Data name="wb_id">
                    <value>Sc/Beta/02</value>
                </Data>
                <Data name="storage_capacity">
                    <value>30016.0</value>
                </Data>
                <Data name="wb_surface_id">
                    <value>1073</value>
                </Data>
                <Data name="created_at">
                    <value>2020-02-28 15:24:34</value>
                </Data>
                <Data name="updated_at">
                    <value>2023-07-22 14:03:14.307690</value>
                </Data>
                <Data name="book_id">
                    <value>1</value>
                </Data>
                <Data name="owners">
                    <value>Communidade</value>
                </Data>
                <Data name="label_x">
                    <value>1008337.0</value>
                </Data>
                <Data name="label_y">
                    <value>995183.156424282</value>
                </Data>
            </ExtendedData>
            <Point id="48554">
                <coordinates>73.917802897,15.293170421,0.0</coordinates>
            </Point>
        </Placemark>
        <Placemark id="48587">
            <ExtendedData>
                <Data name="direction">
                    <value>https://maps.google.com?q=15.30147,73.90642&amp;t=h</value>
                </Data>
                <Data name="id">
                    <value>3837</value>
                </Data>
                <Data name="name">
                    <value>Puscongi</value>
                </Data>
                <Data name="taluka">
                    <value>Salcete</value>
                </Data>
                <Data name="syno">
                    <value>134</value>
                </Data>
                <Data name="subdiv">
                    <value>33</value>
                </Data>
                <Data name="village">
                    <value>Betalbatim</value>
                </Data>
                <Data name="latitude">
                    <value>15.30147</value>
                </Data>
                <Data name="longitude">
                    <value>73.90642</value>
                </Data>
                <Data name="photo_1">
                    <value>DCIM/20210902135923977.jpg</value>
                </Data>
                <Data name="photo_2">
                    <value>DCIM/20210902135932959.jpg</value>
                </Data>
                <Data name="constituency">
                    <value>28 - Nuvem</value>
                </Data>
                <Data name="status">
                    <value>Completed</value>
                </Data>
                <Data name="panchayat">
                    <value>Betalbatim</value>
                </Data>
                <Data name="wb_type">
                    <value>Pond</value>
                </Data>
                <Data name="owner_type">
                    <value>Private</value>
                </Data>
                <Data name="purpose">
                    <value>Storage</value>
                </Data>
                <Data name="construction">
                    <value>Natural</value>
                </Data>
                <Data name="condition">
                    <value>Good</value>
                </Data>
                <Data name="print_order">
                    <value>139</value>
                </Data>
                <Data name="wb_id">
                    <value>Sc/Beta/27</value>
                </Data>
                <Data name="storage_capacity">
                    <value>214.0</value>
                </Data>
                <Data name="wb_surface_id">
                    <value>2539</value>
                </Data>
                <Data name="created_at">
                    <value>2021-09-02 00:00:00</value>
                </Data>
                <Data name="updated_at">
                    <value>2023-07-22 14:03:14.307690</value>
                </Data>
                <Data name="book_id">
                    <value>1</value>
                </Data>
                <Data name="owners">
                    <value>Diogo Jose Carvalho</value>
                </Data>
                <Data name="label_x">
                    <value>987637.0</value>
                </Data>
                <Data name="label_y">
                    <value>993533.192006791</value>
                </Data>
            </ExtendedData>
            <Point id="48586">
                <coordinates>73.906423408,15.301467759,0.0</coordinates>
            </Point>
        </Placemark>
        <Placemark id="48619">
            <ExtendedData>
                <Data name="direction">
                    <value>https://maps.google.com?q=15.30449,73.91867&amp;t=h</value>
                </Data>
                <Data name="id">
                    <value>3937</value>
                </Data>
                <Data name="name">
                    <value>--</value>
                </Data>
                <Data name="taluka">
                    <value>Salcete</value>
                </Data>
                <Data name="syno">
                    <value>0</value>
                </Data>
                <Data name="subdiv">
                    <value>West of 6</value>
                </Data>
                <Data name="village">
                    <value>Betalbatim</value>
                </Data>
                <Data name="latitude">
                    <value>15.30449</value>
                </Data>
                <Data name="longitude">
                    <value>73.91867</value>
                </Data>
                <Data name="photo_1">
                    <value>DCIM/20211028082521197.jpg</value>
                </Data>
                <Data name="photo_2">
                    <value>DCIM/20211028082534039.jpg</value>
                </Data>
                <Data name="constituency">
                    <value>28 - Nuvem</value>
                </Data>
                <Data name="status">
                    <value>Completed</value>
                </Data>
                <Data name="panchayat">
                    <value>Betalbatim</value>
                </Data>
                <Data name="wb_type">
                    <value>Pond</value>
                </Data>
                <Data name="owner_type">
                    <value>Public</value>
                </Data>
                <Data name="purpose">
                    <value>Irrigation</value>
                </Data>
                <Data name="construction">
                    <value>Natural</value>
                </Data>
                <Data name="condition">
                    <value>Good</value>
                </Data>
                <Data name="print_order">
                    <value>132</value>
                </Data>
                <Data name="wb_id">
                    <value>Sc/Beta/20</value>
                </Data>
                <Data name="storage_capacity">
                    <value>348.0</value>
                </Data>
                <Data name="wb_surface_id">
                    <value>2629</value>
                </Data>
                <Data name="created_at">
                    <value>2021-10-28 00:00:00</value>
                </Data>
                <Data name="updated_at">
                    <value>2023-07-22 14:03:14.307690</value>
                </Data>
                <Data name="book_id">
                    <value>1</value>
                </Data>
                <Data name="owners">
                    <value>Govt. of Goa</value>
                </Data>
                <Data name="label_x">
                    <value>1008337.0</value>
                </Data>
                <Data name="label_y">
                    <value>997983.156424282</value>
                </Data>
            </ExtendedData>
            <Point id="48618">
                <coordinates>73.918671725,15.304494544,0.0</coordinates>
            </Point>
        </Placemark>
        <Placemark id="48651">
            <ExtendedData>
                <Data name="direction">
                    <value>https://maps.google.com?q=15.30167,73.90799&amp;t=h</value>
                </Data>
                <Data name="id">
                    <value>1360</value>
                </Data>
                <Data name="name">
                    <value>Toliekodo</value>
                </Data>
                <Data name="taluka">
                    <value>Salcete</value>
                </Data>
                <Data name="syno">
                    <value>136</value>
                </Data>
                <Data name="subdiv">
                    <value>6</value>
                </Data>
                <Data name="village">
                    <value>Betalbatim</value>
                </Data>
                <Data name="latitude">
                    <value>15.30167</value>
                </Data>
                <Data name="longitude">
                    <value>73.90799</value>
                </Data>
                <Data name="photo_1">
                    <value>DCIM/20210902135410466.jpg</value>
                </Data>
                <Data name="photo_2">
                    <value>DCIM/20210902135418889.jpg</value>
                </Data>
                <Data name="constituency">
                    <value>28 - Nuvem</value>
                </Data>
                <Data name="status">
                    <value>Completed</value>
                </Data>
                <Data name="panchayat">
                    <value>Betalbatim</value>
                </Data>
                <Data name="wb_type">
                    <value>Pond</value>
                </Data>
                <Data name="owner_type">
                    <value>Private</value>
                </Data>
                <Data name="purpose">
                    <value>Irrigation</value>
                </Data>
                <Data name="construction">
                    <value>Natural</value>
                </Data>
                <Data name="condition">
                    <value>Good</value>
                </Data>
                <Data name="print_order">
                    <value>129</value>
                </Data>
                <Data name="wb_id">
                    <value>Sc/Beta/17</value>
                </Data>
                <Data name="storage_capacity">
                    <value>464.0</value>
                </Data>
                <Data name="wb_surface_id">
                    <value>1033</value>
                </Data>
                <Data name="created_at">
                    <value>2020-02-28 15:24:34</value>
                </Data>
                <Data name="updated_at">
                    <value>2023-07-22 14:03:14.307690</value>
                </Data>
                <Data name="book_id">
                    <value>1</value>
                </Data>
                <Data name="owners">
                    <value>Diogo Jose Carvalho</value>
                </Data>
                <Data name="label_x">
                    <value>987637.0</value>
                </Data>
                <Data name="label_y">
                    <value>994933.192006791</value>
                </Data>
            </ExtendedData>
            <Point id="48650">
                <coordinates>73.907992396,15.301670096,0.0</coordinates>
            </Point>
        </Placemark>
        <Placemark id="48683">
            <ExtendedData>
                <Data name="direction">
                    <value>https://maps.google.com?q=15.2941,73.92137&amp;t=h</value>
                </Data>
                <Data name="id">
                    <value>3702</value>
                </Data>
                <Data name="name">
                    <value>Belantoi</value>
                </Data>
                <Data name="taluka">
                    <value>Salcete</value>
                </Data>
                <Data name="syno">
                    <value>84</value>
                </Data>
                <Data name="subdiv">
                    <value>9</value>
                </Data>
                <Data name="village">
                    <value>Betalbatim</value>
                </Data>
                <Data name="latitude">
                    <value>15.2941</value>
                </Data>
                <Data name="longitude">
                    <value>73.92137</value>
                </Data>
                <Data name="photo_1">
                    <value>DCIM/20211028112133302.jpg</value>
                </Data>
                <Data name="photo_2">
                    <value>DCIM/20211028112147447.jpg</value>
                </Data>
                <Data name="constituency">
                    <value>28 - Nuvem</value>
                </Data>
                <Data name="status">
                    <value>Completed</value>
                </Data>
                <Data name="panchayat">
                    <value>Betalbatim</value>
                </Data>
                <Data name="wb_type">
                    <value>Pond</value>
                </Data>
                <Data name="owner_type">
                    <value>Private</value>
                </Data>
                <Data name="purpose">
                    <value>Storage</value>
                </Data>
                <Data name="construction">
                    <value>Natural</value>
                </Data>
                <Data name="condition">
                    <value>Needs Maintenance</value>
                </Data>
                <Data name="print_order">
                    <value>122</value>
                </Data>
                <Data name="wb_id">
                    <value>Sc/Beta/10</value>
                </Data>
                <Data name="storage_capacity">
                    <value>1334.0</value>
                </Data>
                <Data name="wb_surface_id">
                    <value>2211</value>
                </Data>
                <Data name="created_at">
                    <value>2021-03-13 10:52:06.922915</value>
                </Data>
                <Data name="updated_at">
                    <value>2023-07-22 14:03:14.307690</value>
                </Data>
                <Data name="book_id">
                    <value>1</value>
                </Data>
                <Data name="owners">
                    <value>Domingos Menino Fernandes
Maria Elisa Vas</value>
                </Data>
                <Data name="label_x">
                    <value>1008337.0</value>
                </Data>
                <Data name="label_y">
                    <value>995533.156424282</value>
                </Data>
            </ExtendedData>
            <Point id="48682">
                <coordinates>73.921366312,15.294104699,0.0</coordinates>
            </Point>
        </Placemark>
        <Placemark id="48715">
            <ExtendedData>
                <Data name="direction">
                    <value>https://maps.google.com?q=15.29347,73.9199&amp;t=h</value>
                </Data>
                <Data name="id">
                    <value>1379</value>
                </Data>
                <Data name="name">
                    <value>Morad</value>
                </Data>
                <Data name="taluka">
                    <value>Salcete</value>
                </Data>
                <Data name="syno">
                    <value>86</value>
                </Data>
                <Data name="subdiv">
                    <value>1</value>
                </Data>
                <Data name="village">
                    <value>Betalbatim</value>
                </Data>
                <Data name="latitude">
                    <value>15.29347</value>
                </Data>
                <Data name="longitude">
                    <value>73.9199</value>
                </Data>
                <Data name="photo_1">
                    <value>DCIM/20210902144053444.jpg</value>
                </Data>
                <Data name="photo_2">
                    <value>DCIM/20210902144101201.jpg</value>
                </Data>
                <Data name="constituency">
                    <value>28 - Nuvem</value>
                </Data>
                <Data name="status">
                    <value>Completed</value>
                </Data>
                <Data name="panchayat">
                    <value>Betalbatim</value>
                </Data>
                <Data name="wb_type">
                    <value>Pond</value>
                </Data>
                <Data name="owner_type">
                    <value>Private</value>
                </Data>
                <Data name="purpose">
                    <value>Storage</value>
                </Data>
                <Data name="construction">
                    <value>Natural</value>
                </Data>
                <Data name="condition">
                    <value>Needs Maintenance</value>
                </Data>
                <Data name="print_order">
                    <value>136</value>
                </Data>
                <Data name="wb_id">
                    <value>Sc/Beta/24</value>
                </Data>
                <Data name="storage_capacity">
                    <value>277.0</value>
                </Data>
                <Data name="wb_surface_id">
                    <value>1074</value>
                </Data>
                <Data name="created_at">
                    <value>2020-02-28 15:24:34</value>
                </Data>
                <Data name="updated_at">
                    <value>2023-07-22 14:03:14.307690</value>
                </Data>
                <Data name="book_id">
                    <value>1</value>
                </Data>
                <Data name="owners">
                    <value>Pancian Rebelo</value>
                </Data>
                <Data name="label_x">
                    <value>1008337.0</value>
                </Data>
                <Data name="label_y">
                    <value>994833.156424282</value>
                </Data>
            </ExtendedData>
            <Point id="48714">
                <coordinates>73.919903196,15.293473642,0.0</coordinates>
            </Point>
        </Placemark>
        <Placemark id="48747">
            <ExtendedData>
                <Data name="direction">
                    <value>https://maps.google.com?q=15.29396,73.92945&amp;t=h</value>
                </Data>
                <Data name="id">
                    <value>1383</value>
                </Data>
                <Data name="name">
                    <value>Devale Xete</value>
                </Data>
                <Data name="taluka">
                    <value>Salcete</value>
                </Data>
                <Data name="syno">
                    <value>60</value>
                </Data>
                <Data name="subdiv">
                    <value>2</value>
                </Data>
                <Data name="village">
                    <value>Betalbatim</value>
                </Data>
                <Data name="latitude">
                    <value>15.29396</value>
                </Data>
                <Data name="longitude">
                    <value>73.92945</value>
                </Data>
                <Data name="photo_1">
                    <value>DCIM/20210803150108367.jpg</value>
                </Data>
                <Data name="photo_2">
                    <value>DCIM/20210803150117217.jpg</value>
                </Data>
                <Data name="constituency">
                    <value>28 - Nuvem</value>
                </Data>
                <Data name="status">
                    <value>Completed</value>
                </Data>
                <Data name="panchayat">
                    <value>Betalbatim</value>
                </Data>
                <Data name="wb_type">
                    <value>Pond</value>
                </Data>
                <Data name="owner_type">
                    <value>Communidade</value>
                </Data>
                <Data name="purpose">
                    <value>Irrigation</value>
                </Data>
                <Data name="construction">
                    <value>Natural</value>
                </Data>
                <Data name="condition">
                    <value>Good</value>
                </Data>
                <Data name="print_order">
                    <value>128</value>
                </Data>
                <Data name="wb_id">
                    <value>Sc/Beta/16</value>
                </Data>
                <Data name="storage_capacity">
                    <value>518.0</value>
                </Data>
                <Data name="wb_surface_id">
                    <value>1567</value>
                </Data>
                <Data name="created_at">
                    <value>2020-02-28 15:24:34</value>
                </Data>
                <Data name="updated_at">
                    <value>2023-07-22 14:03:14.307690</value>
                </Data>
                <Data name="book_id">
                    <value>1</value>
                </Data>
                <Data name="owners">
                    <value>Communidade</value>
                </Data>
                <Data name="label_x">
                    <value>1008337.0</value>
                </Data>
                <Data name="label_y">
                    <value>993783.156424282</value>
                </Data>
            </ExtendedData>
            <Point id="48746">
                <coordinates>73.929454982,15.293964052,0.0</coordinates>
            </Point>
        </Placemark>
        <Placemark id="48779">
            <ExtendedData>
                <Data name="direction">
                    <value>https://maps.google.com?q=15.29753,73.91062&amp;t=h</value>
                </Data>
                <Data name="id">
                    <value>3735</value>
                </Data>
                <Data name="name">
                    <value>Patim.</value>
                </Data>
                <Data name="taluka">
                    <value>Salcete</value>
                </Data>
                <Data name="syno">
                    <value>123</value>
                </Data>
                <Data name="subdiv">
                    <value>2</value>
                </Data>
                <Data name="village">
                    <value>Betalbatim</value>
                </Data>
                <Data name="latitude">
                    <value>15.29753</value>
                </Data>
                <Data name="longitude">
                    <value>73.91062</value>
                </Data>
                <Data name="photo_1">
                    <value>DCIM/20211028100516019.jpg</value>
                </Data>
                <Data name="photo_2">
                    <value>DCIM/20211028100529203.jpg</value>
                </Data>
                <Data name="constituency">
                    <value>28 - Nuvem</value>
                </Data>
                <Data name="status">
                    <value>Completed</value>
                </Data>
                <Data name="panchayat">
                    <value>Betalbatim</value>
                </Data>
                <Data name="wb_type">
                    <value>Pond</value>
                </Data>
                <Data name="owner_type">
                    <value>Communidade</value>
                </Data>
                <Data name="purpose">
                    <value>Irrigation</value>
                </Data>
                <Data name="construction">
                    <value>Natural</value>
                </Data>
                <Data name="condition">
                    <value>Needs Maintenance</value>
                </Data>
                <Data name="print_order">
                    <value>150</value>
                </Data>
                <Data name="wb_id">
                    <value>Sc/Beta/38</value>
                </Data>
                <Data name="storage_capacity">
                    <value>54.0</value>
                </Data>
                <Data name="wb_surface_id">
                    <value>2252</value>
                </Data>
                <Data name="created_at">
                    <value>2021-03-13 10:52:06.922915</value>
                </Data>
                <Data name="updated_at">
                    <value>2023-07-22 14:03:14.307690</value>
                </Data>
                <Data name="book_id">
                    <value>1</value>
                </Data>
                <Data name="owners">
                    <value>Communidade</value>
                </Data>
                <Data name="label_x">
                    <value>987637.0</value>
                </Data>
                <Data name="label_y">
                    <value>995983.192006791</value>
                </Data>
            </ExtendedData>
            <Point id="48778">
                <coordinates>73.910618655,15.297531976,0.0</coordinates>
            </Point>
        </Placemark>
        <Placemark id="48811">
            <ExtendedData>
                <Data name="direction">
                    <value>https://maps.google.com?q=15.29791,73.91056&amp;t=h</value>
                </Data>
                <Data name="id">
                    <value>3734</value>
                </Data>
                <Data name="name">
                    <value>Urzias</value>
                </Data>
                <Data name="taluka">
                    <value>Salcete</value>
                </Data>
                <Data name="syno">
                    <value>124</value>
                </Data>
                <Data name="subdiv">
                    <value>19</value>
                </Data>
                <Data name="village">
                    <value>Betalbatim</value>
                </Data>
                <Data name="latitude">
                    <value>15.29791</value>
                </Data>
                <Data name="longitude">
                    <value>73.91056</value>
                </Data>
                <Data name="photo_1">
                    <value>DCIM/20211028101009710.jpg</value>
                </Data>
                <Data name="photo_2">
                    <value>DCIM/20211028101023411.jpg</value>
                </Data>
                <Data name="constituency">
                    <value>28 - Nuvem</value>
                </Data>
                <Data name="status">
                    <value>Completed</value>
                </Data>
                <Data name="panchayat">
                    <value>Betalbatim</value>
                </Data>
                <Data name="wb_type">
                    <value>Pond</value>
                </Data>
                <Data name="owner_type">
                    <value>Communidade</value>
                </Data>
                <Data name="purpose">
                    <value>Irrigation</value>
                </Data>
                <Data name="construction">
                    <value>Natural</value>
                </Data>
                <Data name="condition">
                    <value>Needs Maintenance</value>
                </Data>
                <Data name="print_order">
                    <value>145</value>
                </Data>
                <Data name="wb_id">
                    <value>Sc/Beta/33</value>
                </Data>
                <Data name="storage_capacity">
                    <value>130.0</value>
                </Data>
                <Data name="wb_surface_id">
                    <value>2251</value>
                </Data>
                <Data name="created_at">
                    <value>2021-03-13 10:52:06.922915</value>
                </Data>
                <Data name="updated_at">
                    <value>2023-07-22 14:03:14.307690</value>
                </Data>
                <Data name="book_id">
                    <value>1</value>
                </Data>
                <Data name="owners">
                    <value>Communidade</value>
                </Data>
                <Data name="label_x">
                    <value>987637.0</value>
                </Data>
                <Data name="label_y">
                    <value>997383.192006791</value>
                </Data>
            </ExtendedData>
            <Point id="48810">
                <coordinates>73.910561712,15.297912369,0.0</coordinates>
            </Point>
        </Placemark>
        <Placemark id="48843">
            <ExtendedData>
                <Data name="direction">
                    <value>https://maps.google.com?q=15.30058,73.90932&amp;t=h</value>
                </Data>
                <Data name="id">
                    <value>3736</value>
                </Data>
                <Data name="name">
                    <value>Puscongi</value>
                </Data>
                <Data name="taluka">
                    <value>Salcete</value>
                </Data>
                <Data name="syno">
                    <value>136</value>
                </Data>
                <Data name="subdiv">
                    <value>20</value>
                </Data>
                <Data name="village">
                    <value>Betalbatim</value>
                </Data>
                <Data name="latitude">
                    <value>15.30058</value>
                </Data>
                <Data name="longitude">
                    <value>73.90932</value>
                </Data>
                <Data name="photo_1">
                    <value>DCIM/20220105094821523.jpg</value>
                </Data>
                <Data name="photo_2">
                    <value>DCIM/20220105094833021.jpg</value>
                </Data>
                <Data name="constituency">
                    <value>28 - Nuvem</value>
                </Data>
                <Data name="status">
                    <value>Completed</value>
                </Data>
                <Data name="panchayat">
                    <value>Betalbatim</value>
                </Data>
                <Data name="wb_type">
                    <value>Pond</value>
                </Data>
                <Data name="owner_type">
                    <value>Private</value>
                </Data>
                <Data name="purpose">
                    <value>Irrigation</value>
                </Data>
                <Data name="construction">
                    <value>Natural</value>
                </Data>
                <Data name="condition">
                    <value>Needs Maintenance</value>
                </Data>
                <Data name="print_order">
                    <value>142</value>
                </Data>
                <Data name="wb_id">
                    <value>Sc/Beta/30</value>
                </Data>
                <Data name="storage_capacity">
                    <value>180.0</value>
                </Data>
                <Data name="wb_surface_id">
                    <value>2253</value>
                </Data>
                <Data name="created_at">
                    <value>2021-03-13 10:52:06.922915</value>
                </Data>
                <Data name="updated_at">
                    <value>2023-07-22 14:03:14.307690</value>
                </Data>
                <Data name="book_id">
                    <value>1</value>
                </Data>
                <Data name="owners">
                    <value>Marcelina Gomes
Sergio Carvalho</value>
                </Data>
                <Data name="label_x">
                    <value>987637.0</value>
                </Data>
                <Data name="label_y">
                    <value>996683.192006791</value>
                </Data>
            </ExtendedData>
            <Point id="48842">
                <coordinates>73.909323829,15.300582846,0.0</coordinates>
            </Point>
        </Placemark>
        <Placemark id="48875">
            <ExtendedData>
                <Data name="direction">
                    <value>https://maps.google.com?q=15.29798,73.93329&amp;t=h</value>
                </Data>
                <Data name="id">
                    <value>1370</value>
                </Data>
                <Data name="name">
                    <value>Adir Shet</value>
                </Data>
                <Data name="taluka">
                    <value>Salcete</value>
                </Data>
                <Data name="syno">
                    <value>53</value>
                </Data>
                <Data name="subdiv">
                    <value>11</value>
                </Data>
                <Data name="village">
                    <value>Betalbatim</value>
                </Data>
                <Data name="latitude">
                    <value>15.29798</value>
                </Data>
                <Data name="longitude">
                    <value>73.93329</value>
                </Data>
                <Data name="photo_1">
                    <value>DCIM/20210902131641010.jpg</value>
                </Data>
                <Data name="photo_2">
                    <value>DCIM/20210902131709684.jpg</value>
                </Data>
                <Data name="constituency">
                    <value>28 - Nuvem</value>
                </Data>
                <Data name="status">
                    <value>Completed</value>
                </Data>
                <Data name="panchayat">
                    <value>Betalbatim</value>
                </Data>
                <Data name="wb_type">
                    <value>Pond</value>
                </Data>
                <Data name="owner_type">
                    <value>Communidade / Pvt</value>
                </Data>
                <Data name="purpose">
                    <value>Storage</value>
                </Data>
                <Data name="construction">
                    <value>Natural</value>
                </Data>
                <Data name="condition">
                    <value>Needs Maintenance</value>
                </Data>
                <Data name="print_order">
                    <value>130</value>
                </Data>
                <Data name="wb_id">
                    <value>Sc/Beta/18</value>
                </Data>
                <Data name="storage_capacity">
                    <value>445.0</value>
                </Data>
                <Data name="wb_surface_id">
                    <value>1544</value>
                </Data>
                <Data name="created_at">
                    <value>2020-02-28 15:24:34</value>
                </Data>
                <Data name="updated_at">
                    <value>2023-07-22 14:03:14.307690</value>
                </Data>
                <Data name="book_id">
                    <value>1</value>
                </Data>
                <Data name="owners">
                    <value>Communidade
Konkan Railway Corporation Ltd.</value>
                </Data>
                <Data name="label_x">
                    <value>1008337.0</value>
                </Data>
                <Data name="label_y">
                    <value>995883.156424282</value>
                </Data>
            </ExtendedData>
            <Point id="48874">
                <coordinates>73.933286112,15.297976566,0.0</coordinates>
            </Point>
        </Placemark>
        <Placemark id="48907">
            <ExtendedData>
                <Data name="direction">
                    <value>https://maps.google.com?q=15.30191,73.90622&amp;t=h</value>
                </Data>
                <Data name="id">
                    <value>3737</value>
                </Data>
                <Data name="name">
                    <value>Puscungi</value>
                </Data>
                <Data name="taluka">
                    <value>Salcete</value>
                </Data>
                <Data name="syno">
                    <value>134</value>
                </Data>
                <Data name="subdiv">
                    <value>13</value>
                </Data>
                <Data name="village">
                    <value>Betalbatim</value>
                </Data>
                <Data name="latitude">
                    <value>15.30191</value>
                </Data>
                <Data name="longitude">
                    <value>73.90622</value>
                </Data>
                <Data name="photo_1">
                    <value>DCIM/20211028090238062.jpg</value>
                </Data>
                <Data name="photo_2">
                    <value>DCIM/20211028090246616.jpg</value>
                </Data>
                <Data name="constituency">
                    <value>28 - Nuvem</value>
                </Data>
                <Data name="status">
                    <value>Completed</value>
                </Data>
                <Data name="panchayat">
                    <value>Betalbatim</value>
                </Data>
                <Data name="wb_type">
                    <value>Pond</value>
                </Data>
                <Data name="owner_type">
                    <value>Private</value>
                </Data>
                <Data name="purpose">
                    <value>Irrigation</value>
                </Data>
                <Data name="construction">
                    <value>Natural</value>
                </Data>
                <Data name="condition">
                    <value>Needs Maintenance</value>
                </Data>
                <Data name="print_order">
                    <value>147</value>
                </Data>
                <Data name="wb_id">
                    <value>Sc/Beta/35</value>
                </Data>
                <Data name="storage_capacity">
                    <value>97.0</value>
                </Data>
                <Data name="wb_surface_id">
                    <value>2254</value>
                </Data>
                <Data name="created_at">
                    <value>2021-03-13 10:52:06.922915</value>
                </Data>
                <Data name="updated_at">
                    <value>2023-07-22 14:03:14.307690</value>
                </Data>
                <Data name="book_id">
                    <value>1</value>
                </Data>
                <Data name="owners">
                    <value>Diogo Jose Carvalho</value>
                </Data>
                <Data name="label_x">
                    <value>987637.0</value>
                </Data>
                <Data name="label_y">
                    <value>993883.192006791</value>
                </Data>
            </ExtendedData>
            <Point id="48906">
                <coordinates>73.906222364,15.301905629,0.0</coordinates>
            </Point>
        </Placemark>
        <Placemark id="48939">
            <ExtendedData>
                <Data name="direction">
                    <value>https://maps.google.com?q=15.30264,73.90873&amp;t=h</value>
                </Data>
                <Data name="id">
                    <value>1362</value>
                </Data>
                <Data name="name">
                    <value>Puscungi</value>
                </Data>
                <Data name="taluka">
                    <value>Salcete</value>
                </Data>
                <Data name="syno">
                    <value>135</value>
                </Data>
                <Data name="subdiv">
                    <value>2</value>
                </Data>
                <Data name="village">
                    <value>Betalbatim</value>
                </Data>
                <Data name="latitude">
                    <value>15.30264</value>
                </Data>
                <Data name="longitude">
                    <value>73.90873</value>
                </Data>
                <Data name="photo_1">
                    <value>DCIM/20211028091454834.jpg</value>
                </Data>
                <Data name="photo_2">
                    <value>DCIM/20211028091503694.jpg</value>
                </Data>
                <Data name="constituency">
                    <value>28 - Nuvem</value>
                </Data>
                <Data name="status">
                    <value>Completed</value>
                </Data>
                <Data name="panchayat">
                    <value>Betalbatim</value>
                </Data>
                <Data name="wb_type">
                    <value>Pond</value>
                </Data>
                <Data name="owner_type">
                    <value>Communidade</value>
                </Data>
                <Data name="purpose">
                    <value>Irrigation</value>
                </Data>
                <Data name="construction">
                    <value>Natural</value>
                </Data>
                <Data name="condition">
                    <value>Needs Maintenance</value>
                </Data>
                <Data name="print_order">
                    <value>135</value>
                </Data>
                <Data name="wb_id">
                    <value>Sc/Beta/23</value>
                </Data>
                <Data name="storage_capacity">
                    <value>298.0</value>
                </Data>
                <Data name="wb_surface_id">
                    <value>1032</value>
                </Data>
                <Data name="created_at">
                    <value>2020-02-28 15:24:34</value>
                </Data>
                <Data name="updated_at">
                    <value>2023-07-22 14:03:14.307690</value>
                </Data>
                <Data name="book_id">
                    <value>1</value>
                </Data>
                <Data name="owners">
                    <value>Communidade</value>
                </Data>
                <Data name="label_x">
                    <value>987637.0</value>
                </Data>
                <Data name="label_y">
                    <value>997033.192006791</value>
                </Data>
            </ExtendedData>
            <Point id="48938">
                <coordinates>73.908729414,15.302639856,0.0</coordinates>
            </Point>
        </Placemark>
        <Placemark id="48971">
            <ExtendedData>
                <Data name="direction">
                    <value>https://maps.google.com?q=15.30968,73.91732&amp;t=h</value>
                </Data>
                <Data name="id">
                    <value>3701</value>
                </Data>
                <Data name="name">
                    <value>Mollem</value>
                </Data>
                <Data name="taluka">
                    <value>Salcete</value>
                </Data>
                <Data name="syno">
                    <value>14</value>
                </Data>
                <Data name="subdiv">
                    <value>2</value>
                </Data>
                <Data name="village">
                    <value>Betalbatim</value>
                </Data>
                <Data name="latitude">
                    <value>15.30968</value>
                </Data>
                <Data name="longitude">
                    <value>73.91732</value>
                </Data>
                <Data name="photo_1">
                    <value>DCIM/20210803152437895.jpg</value>
                </Data>
                <Data name="photo_2">
                    <value>DCIM/20210803152446408.jpg</value>
                </Data>
                <Data name="constituency">
                    <value>28 - Nuvem</value>
                </Data>
                <Data name="status">
                    <value>Completed</value>
                </Data>
                <Data name="panchayat">
                    <value>Betalbatim</value>
                </Data>
                <Data name="wb_type">
                    <value>Pond</value>
                </Data>
                <Data name="owner_type">
                    <value>Communidade</value>
                </Data>
                <Data name="purpose">
                    <value>Irrigation</value>
                </Data>
                <Data name="construction">
                    <value>Natural</value>
                </Data>
                <Data name="condition">
                    <value>Needs Maintenance</value>
                </Data>
                <Data name="print_order">
                    <value>123</value>
                </Data>
                <Data name="wb_id">
                    <value>Sc/Beta/11</value>
                </Data>
                <Data name="storage_capacity">
                    <value>734.0</value>
                </Data>
                <Data name="wb_surface_id">
                    <value>2213</value>
                </Data>
                <Data name="created_at">
                    <value>2021-03-13 10:52:34.005842</value>
                </Data>
                <Data name="updated_at">
                    <value>2023-07-22 14:03:14.307690</value>
                </Data>
                <Data name="book_id">
                    <value>1</value>
                </Data>
                <Data name="owners">
                    <value>Communidade</value>
                </Data>
                <Data name="label_x">
                    <value>1008337.0</value>
                </Data>
                <Data name="label_y">
                    <value>998683.156424282</value>
                </Data>
            </ExtendedData>
            <Point id="48970">
                <coordinates>73.91732149,15.309675181,0.0</coordinates>
            </Point>
        </Placemark>
        <Placemark id="49003">
            <ExtendedData>
                <Data name="direction">
                    <value>https://maps.google.com?q=15.29896,73.91181&amp;t=h</value>
                </Data>
                <Data name="id">
                    <value>3939</value>
                </Data>
                <Data name="name">
                    <value>Gavonlem</value>
                </Data>
                <Data name="taluka">
                    <value>Salcete</value>
                </Data>
                <Data name="syno">
                    <value>146</value>
                </Data>
                <Data name="subdiv">
                    <value>6</value>
                </Data>
                <Data name="village">
                    <value>Betalbatim</value>
                </Data>
                <Data name="latitude">
                    <value>15.29896</value>
                </Data>
                <Data name="longitude">
                    <value>73.91181</value>
                </Data>
                <Data name="photo_1">
                    <value>DCIM/20211028050001788.jpg</value>
                </Data>
                <Data name="photo_2">
                    <value>DCIM/20211028050010979.jpg</value>
                </Data>
                <Data name="constituency">
                    <value>28 - Nuvem</value>
                </Data>
                <Data name="status">
                    <value>Completed</value>
                </Data>
                <Data name="panchayat">
                    <value>Betalbatim</value>
                </Data>
                <Data name="wb_type">
                    <value>Pond</value>
                </Data>
                <Data name="owner_type">
                    <value>Private</value>
                </Data>
                <Data name="purpose">
                    <value>Irrigation</value>
                </Data>
                <Data name="construction">
                    <value>Natural</value>
                </Data>
                <Data name="condition">
                    <value>Good</value>
                </Data>
                <Data name="print_order">
                    <value>149</value>
                </Data>
                <Data name="wb_id">
                    <value>Sc/Beta/37</value>
                </Data>
                <Data name="storage_capacity">
                    <value>78.0</value>
                </Data>
                <Data name="wb_surface_id">
                    <value>2621</value>
                </Data>
                <Data name="created_at">
                    <value>2021-10-28 00:00:00</value>
                </Data>
                <Data name="updated_at">
                    <value>2023-07-22 14:03:14.307690</value>
                </Data>
                <Data name="book_id">
                    <value>1</value>
                </Data>
                <Data name="owners">
                    <value>Alzira Nalini Alemao alias Nalini Alemao
Caetano Fidelis Do Rosario Alemao alias Fidelis Alemao
Chunilal Ratilal Kotecha</value>
                </Data>
                <Data name="label_x">
                    <value>987637.0</value>
                </Data>
                <Data name="label_y">
                    <value>999483.192006791</value>
                </Data>
            </ExtendedData>
            <Point id="49002">
                <coordinates>73.911814782,15.298958657,0.0</coordinates>
            </Point>
        </Placemark>
        <Placemark id="49035">
            <ExtendedData>
                <Data name="direction">
                    <value>https://maps.google.com?q=15.29563,73.91316&amp;t=h</value>
                </Data>
                <Data name="id">
                    <value>1375</value>
                </Data>
                <Data name="name">
                    <value>Thodewaddo Tollem; Odlho Band</value>
                </Data>
                <Data name="taluka">
                    <value>Salcete</value>
                </Data>
                <Data name="syno">
                    <value>111</value>
                </Data>
                <Data name="subdiv">
                    <value>0</value>
                </Data>
                <Data name="village">
                    <value>Betalbatim</value>
                </Data>
                <Data name="latitude">
                    <value>15.29563</value>
                </Data>
                <Data name="longitude">
                    <value>73.91316</value>
                </Data>
                <Data name="photo_1">
                    <value>DCIM/20210902142938921.jpg</value>
                </Data>
                <Data name="photo_2">
                    <value>DCIM/20210902141809694.jpg</value>
                </Data>
                <Data name="constituency">
                    <value>28 - Nuvem</value>
                </Data>
                <Data name="status">
                    <value>Completed</value>
                </Data>
                <Data name="panchayat">
                    <value>Betalbatim</value>
                </Data>
                <Data name="wb_type">
                    <value>Tank</value>
                </Data>
                <Data name="owner_type">
                    <value>Communidade</value>
                </Data>
                <Data name="purpose">
                    <value>Irrigation</value>
                </Data>
                <Data name="construction">
                    <value>Man Made</value>
                </Data>
                <Data name="condition">
                    <value>Needs Maintenance</value>
                </Data>
                <Data name="print_order">
                    <value>158</value>
                </Data>
                <Data name="wb_id">
                    <value>Sc/Beta/01</value>
                </Data>
                <Data name="storage_capacity">
                    <value>44643.0</value>
                </Data>
                <Data name="wb_surface_id">
                    <value>1024</value>
                </Data>
                <Data name="created_at">
                    <value>2020-02-28 15:24:34</value>
                </Data>
                <Data name="updated_at">
                    <value>2023-07-22 14:03:14.307690</value>
                </Data>
                <Data name="book_id">
                    <value>1</value>
                </Data>
                <Data name="owners">
                    <value>Communidade</value>
                </Data>
                <Data name="label_x">
                    <value>987637.0</value>
                </Data>
                <Data name="label_y">
                    <value>1000183.192006791</value>
                </Data>
            </ExtendedData>
            <Point id="49034">
                <coordinates>73.913158699,15.295631302,0.0</coordinates>
            </Point>
        </Placemark>
        <Placemark id="49067">
            <ExtendedData>
                <Data name="direction">
                    <value>https://maps.google.com?q=15.29823,73.93239&amp;t=h</value>
                </Data>
                <Data name="id">
                    <value>1369</value>
                </Data>
                <Data name="name">
                    <value>Adir Shet</value>
                </Data>
                <Data name="taluka">
                    <value>Salcete</value>
                </Data>
                <Data name="syno">
                    <value>54</value>
                </Data>
                <Data name="subdiv">
                    <value>60</value>
                </Data>
                <Data name="village">
                    <value>Betalbatim</value>
                </Data>
                <Data name="latitude">
                    <value>15.29823</value>
                </Data>
                <Data name="longitude">
                    <value>73.93239</value>
                </Data>
                <Data name="photo_1">
                    <value>DCIM/20211029093240699.jpg</value>
                </Data>
                <Data name="photo_2">
                    <value>DCIM/20211029093257127.jpg</value>
                </Data>
                <Data name="constituency">
                    <value>28 - Nuvem</value>
                </Data>
                <Data name="status">
                    <value>Completed</value>
                </Data>
                <Data name="panchayat">
                    <value>Betalbatim</value>
                </Data>
                <Data name="wb_type">
                    <value>Pond</value>
                </Data>
                <Data name="owner_type">
                    <value>Communidade</value>
                </Data>
                <Data name="purpose">
                    <value>Irrigation</value>
                </Data>
                <Data name="construction">
                    <value>Natural</value>
                </Data>
                <Data name="condition">
                    <value>Good</value>
                </Data>
                <Data name="print_order">
                    <value>126</value>
                </Data>
                <Data name="wb_id">
                    <value>Sc/Beta/14</value>
                </Data>
                <Data name="storage_capacity">
                    <value>590.0</value>
                </Data>
                <Data name="wb_surface_id">
                    <value>1543</value>
                </Data>
                <Data name="created_at">
                    <value>2020-02-28 15:24:34</value>
                </Data>
                <Data name="updated_at">
                    <value>2023-07-22 14:03:14.307690</value>
                </Data>
                <Data name="book_id">
                    <value>1</value>
                </Data>
                <Data name="owners">
                    <value>Communidade</value>
                </Data>
                <Data name="label_x">
                    <value>1008337.0</value>
                </Data>
                <Data name="label_y">
                    <value>996233.156424282</value>
                </Data>
            </ExtendedData>
            <Point id="49066">
                <coordinates>73.932394977,15.298233105,0.0</coordinates>
            </Point>
        </Placemark>
        <Placemark id="49099">
            <ExtendedData>
                <Data name="direction">
                    <value>https://maps.google.com?q=15.29812,73.91003&amp;t=h</value>
                </Data>
                <Data name="id">
                    <value>3733</value>
                </Data>
                <Data name="name">
                    <value>Urzias</value>
                </Data>
                <Data name="taluka">
                    <value>Salcete</value>
                </Data>
                <Data name="syno">
                    <value>124</value>
                </Data>
                <Data name="subdiv">
                    <value>14</value>
                </Data>
                <Data name="village">
                    <value>Betalbatim</value>
                </Data>
                <Data name="latitude">
                    <value>15.29812</value>
                </Data>
                <Data name="longitude">
                    <value>73.91003</value>
                </Data>
                <Data name="photo_1">
                    <value>DCIM/20211028101235279.jpg</value>
                </Data>
                <Data name="photo_2">
                    <value>DCIM/20211028101243305.jpg</value>
                </Data>
                <Data name="constituency">
                    <value>28 - Nuvem</value>
                </Data>
                <Data name="status">
                    <value>Completed</value>
                </Data>
                <Data name="panchayat">
                    <value>Betalbatim</value>
                </Data>
                <Data name="wb_type">
                    <value>Pond</value>
                </Data>
                <Data name="owner_type">
                    <value>Communidade</value>
                </Data>
                <Data name="purpose">
                    <value>Irrigation</value>
                </Data>
                <Data name="construction">
                    <value>Natural</value>
                </Data>
                <Data name="condition">
                    <value>Needs Maintenance</value>
                </Data>
                <Data name="print_order">
                    <value>146</value>
                </Data>
                <Data name="wb_id">
                    <value>Sc/Beta/34</value>
                </Data>
                <Data name="storage_capacity">
                    <value>105.0</value>
                </Data>
                <Data name="wb_surface_id">
                    <value>2250</value>
                </Data>
                <Data name="created_at">
                    <value>2021-03-13 10:52:06.922915</value>
                </Data>
                <Data name="updated_at">
                    <value>2023-07-22 14:03:14.307690</value>
                </Data>
                <Data name="book_id">
                    <value>1</value>
                </Data>
                <Data name="owners">
                    <value>Communidade</value>
                </Data>
                <Data name="label_x">
                    <value>987637.0</value>
                </Data>
                <Data name="label_y">
                    <value>995283.192006791</value>
                </Data>
            </ExtendedData>
            <Point id="49098">
                <coordinates>73.910025658,15.298123198,0.0</coordinates>
            </Point>
        </Placemark>
        <Placemark id="49131">
            <ExtendedData>
                <Data name="direction">
                    <value>https://maps.google.com?q=15.29753,73.92819&amp;t=h</value>
                </Data>
                <Data name="id">
                    <value>1371</value>
                </Data>
                <Data name="name">
                    <value>Vilead Tollem; Bandod</value>
                </Data>
                <Data name="taluka">
                    <value>Salcete</value>
                </Data>
                <Data name="syno">
                    <value>47</value>
                </Data>
                <Data name="subdiv">
                    <value>10</value>
                </Data>
                <Data name="village">
                    <value>Betalbatim</value>
                </Data>
                <Data name="latitude">
                    <value>15.29753</value>
                </Data>
                <Data name="longitude">
                    <value>73.92819</value>
                </Data>
                <Data name="photo_1">
                    <value>DCIM/20211029084208126.jpg</value>
                </Data>
                <Data name="photo_2">
                    <value>DCIM/20211029084226108.jpg</value>
                </Data>
                <Data name="constituency">
                    <value>28 - Nuvem</value>
                </Data>
                <Data name="status">
                    <value>Completed</value>
                </Data>
                <Data name="panchayat">
                    <value>Betalbatim</value>
                </Data>
                <Data name="wb_type">
                    <value>Pond</value>
                </Data>
                <Data name="owner_type">
                    <value>Communidade</value>
                </Data>
                <Data name="purpose">
                    <value>Irrigation</value>
                </Data>
                <Data name="construction">
                    <value>Natural</value>
                </Data>
                <Data name="condition">
                    <value>Good</value>
                </Data>
                <Data name="print_order">
                    <value>117</value>
                </Data>
                <Data name="wb_id">
                    <value>Sc/Beta/04</value>
                </Data>
                <Data name="storage_capacity">
                    <value>4501.0</value>
                </Data>
                <Data name="wb_surface_id">
                    <value>1126</value>
                </Data>
                <Data name="created_at">
                    <value>2020-02-28 15:24:34</value>
                </Data>
                <Data name="updated_at">
                    <value>2023-07-22 14:03:14.307690</value>
                </Data>
                <Data name="book_id">
                    <value>1</value>
                </Data>
                <Data name="owners">
                    <value>Communidade</value>
                </Data>
                <Data name="label_x">
                    <value>1008337.0</value>
                </Data>
                <Data name="label_y">
                    <value>996583.156424282</value>
                </Data>
            </ExtendedData>
            <Point id="49130">
                <coordinates>73.928191339,15.297530999,0.0</coordinates>
            </Point>
        </Placemark>
    </Document>
</kml>
