<?xml version="1.0" encoding="UTF-8"?>
<kml xmlns="http://www.opengis.net/kml/2.2" xmlns:gx="http://www.google.com/kml/ext/2.2">
    <Document id="52919">
        <Placemark id="52921">
            <ExtendedData>
                <Data name="direction">
                    <value>https://maps.google.com?q=15.19944,73.97523&amp;t=h</value>
                </Data>
                <Data name="id">
                    <value>3807</value>
                </Data>
                <Data name="name">
                    <value>Dugh Vangdalem</value>
                </Data>
                <Data name="taluka">
                    <value>Salcete</value>
                </Data>
                <Data name="syno">
                    <value>263</value>
                </Data>
                <Data name="subdiv">
                    <value>9</value>
                </Data>
                <Data name="village">
                    <value>Chinchinim</value>
                </Data>
                <Data name="latitude">
                    <value>15.19944</value>
                </Data>
                <Data name="longitude">
                    <value>73.97523</value>
                </Data>
                <Data name="photo_1">
                    <value>DCIM/20210818120151330.jpg</value>
                </Data>
                <Data name="photo_2">
                    <value>DCIM/20210818120159012.jpg</value>
                </Data>
                <Data name="constituency">
                    <value>35 - Velim</value>
                </Data>
                <Data name="status">
                    <value>Completed</value>
                </Data>
                <Data name="panchayat">
                    <value>Chinchinim-Deussua</value>
                </Data>
                <Data name="wb_type">
                    <value>Pond</value>
                </Data>
                <Data name="owner_type">
                    <value>Communidade</value>
                </Data>
                <Data name="purpose">
                    <value>Irrigation</value>
                </Data>
                <Data name="construction">
                    <value>Natural</value>
                </Data>
                <Data name="condition">
                    <value>Good</value>
                </Data>
                <Data name="print_order">
                    <value>073</value>
                </Data>
                <Data name="wb_id">
                    <value>Sc/Chin/64</value>
                </Data>
                <Data name="storage_capacity">
                    <value>97.0</value>
                </Data>
                <Data name="wb_surface_id">
                    <value>2548</value>
                </Data>
                <Data name="created_at">
                    <value>2021-08-18 00:00:00</value>
                </Data>
                <Data name="updated_at">
                    <value>2023-07-22 14:03:14.307690</value>
                </Data>
                <Data name="book_id">
                    <value>3</value>
                </Data>
                <Data name="owners">
                    <value>Comunidade of Chinchinim</value>
                </Data>
                <Data name="label_x">
                    <value>987639.0</value>
                </Data>
                <Data name="label_y">
                    <value>981029.730834663</value>
                </Data>
            </ExtendedData>
            <Point id="52920">
                <coordinates>73.97522545,15.199437567,0.0</coordinates>
            </Point>
        </Placemark>
        <Placemark id="52953">
            <ExtendedData>
                <Data name="direction">
                    <value>https://maps.google.com?q=15.21138,73.98719&amp;t=h</value>
                </Data>
                <Data name="id">
                    <value>1632</value>
                </Data>
                <Data name="name">
                    <value>Padri Chodd</value>
                </Data>
                <Data name="taluka">
                    <value>Salcete</value>
                </Data>
                <Data name="syno">
                    <value>12</value>
                </Data>
                <Data name="subdiv">
                    <value>25</value>
                </Data>
                <Data name="village">
                    <value>Chinchinim</value>
                </Data>
                <Data name="latitude">
                    <value>15.21138</value>
                </Data>
                <Data name="longitude">
                    <value>73.98719</value>
                </Data>
                <Data name="photo_1">
                    <value>DCIM/20211207103842598.jpg</value>
                </Data>
                <Data name="photo_2">
                    <value>DCIM/20211207103930036.jpg</value>
                </Data>
                <Data name="constituency">
                    <value>35 - Velim</value>
                </Data>
                <Data name="status">
                    <value>Completed</value>
                </Data>
                <Data name="panchayat">
                    <value>Chinchinim-Deussua</value>
                </Data>
                <Data name="wb_type">
                    <value>Pond</value>
                </Data>
                <Data name="owner_type">
                    <value>Private</value>
                </Data>
                <Data name="purpose">
                    <value>Irrigation</value>
                </Data>
                <Data name="construction">
                    <value>Natural</value>
                </Data>
                <Data name="condition">
                    <value>Needs Maintenance</value>
                </Data>
                <Data name="print_order">
                    <value>040</value>
                </Data>
                <Data name="wb_id">
                    <value>Sc/Chin/31</value>
                </Data>
                <Data name="storage_capacity">
                    <value>333.0</value>
                </Data>
                <Data name="wb_surface_id">
                    <value>1394</value>
                </Data>
                <Data name="created_at">
                    <value>2020-02-28 15:24:34</value>
                </Data>
                <Data name="updated_at">
                    <value>2023-07-22 14:03:14.307690</value>
                </Data>
                <Data name="book_id">
                    <value>3</value>
                </Data>
                <Data name="owners">
                    <value>Herlia Furtado Teles</value>
                </Data>
                <Data name="label_x">
                    <value>1008339.0</value>
                </Data>
                <Data name="label_y">
                    <value>981171.673307794</value>
                </Data>
            </ExtendedData>
            <Point id="52952">
                <coordinates>73.98719443,15.21137995,0.0</coordinates>
            </Point>
        </Placemark>
        <Placemark id="52985">
            <ExtendedData>
                <Data name="direction">
                    <value>https://maps.google.com?q=15.21729,73.98826&amp;t=h</value>
                </Data>
                <Data name="id">
                    <value>1577</value>
                </Data>
                <Data name="name">
                    <value>Morad</value>
                </Data>
                <Data name="taluka">
                    <value>Salcete</value>
                </Data>
                <Data name="syno">
                    <value>384</value>
                </Data>
                <Data name="subdiv">
                    <value>8</value>
                </Data>
                <Data name="village">
                    <value>Chinchinim</value>
                </Data>
                <Data name="latitude">
                    <value>15.21729</value>
                </Data>
                <Data name="longitude">
                    <value>73.98826</value>
                </Data>
                <Data name="photo_1">
                    <value>DCIM/20211207093917108.jpg</value>
                </Data>
                <Data name="photo_2">
                    <value>DCIM/20211207093938024.jpg</value>
                </Data>
                <Data name="constituency">
                    <value>35 - Velim</value>
                </Data>
                <Data name="status">
                    <value>Completed</value>
                </Data>
                <Data name="panchayat">
                    <value>Chinchinim-Deussua</value>
                </Data>
                <Data name="wb_type">
                    <value>Pond</value>
                </Data>
                <Data name="owner_type">
                    <value>Private</value>
                </Data>
                <Data name="purpose">
                    <value>Irrigation</value>
                </Data>
                <Data name="construction">
                    <value>Natural</value>
                </Data>
                <Data name="condition">
                    <value>Needs Maintenance</value>
                </Data>
                <Data name="print_order">
                    <value>052</value>
                </Data>
                <Data name="wb_id">
                    <value>Sc/Chin/43</value>
                </Data>
                <Data name="storage_capacity">
                    <value>193.0</value>
                </Data>
                <Data name="wb_surface_id">
                    <value>1429</value>
                </Data>
                <Data name="created_at">
                    <value>2020-02-28 15:24:34</value>
                </Data>
                <Data name="updated_at">
                    <value>2023-07-22 14:03:14.307690</value>
                </Data>
                <Data name="book_id">
                    <value>3</value>
                </Data>
                <Data name="owners">
                    <value>Ciriaco Artur Coutinho
Erminia Santana Gomes alias Hermina Santana Gomes
Isidorio Armando Aleixinho Coutinho
Prency Sandra Mascarenhas
Santana Lima Furtado
Tomasquina Fatima Coutinho</value>
                </Data>
                <Data name="label_x">
                    <value>1008339.0</value>
                </Data>
                <Data name="label_y">
                    <value>987121.673307794</value>
                </Data>
            </ExtendedData>
            <Point id="52984">
                <coordinates>73.988262269,15.21729213,0.0</coordinates>
            </Point>
        </Placemark>
        <Placemark id="53017">
            <ExtendedData>
                <Data name="direction">
                    <value>https://maps.google.com?q=15.20829,73.97714&amp;t=h</value>
                </Data>
                <Data name="id">
                    <value>1557</value>
                </Data>
                <Data name="name">
                    <value>Volyazot</value>
                </Data>
                <Data name="taluka">
                    <value>Salcete</value>
                </Data>
                <Data name="syno">
                    <value>44</value>
                </Data>
                <Data name="subdiv">
                    <value>11</value>
                </Data>
                <Data name="village">
                    <value>Chinchinim</value>
                </Data>
                <Data name="latitude">
                    <value>15.20829</value>
                </Data>
                <Data name="longitude">
                    <value>73.97714</value>
                </Data>
                <Data name="photo_1">
                    <value>DCIM/20210817183955547.jpg</value>
                </Data>
                <Data name="photo_2">
                    <value>DCIM/20210817184005571.jpg</value>
                </Data>
                <Data name="constituency">
                    <value>35 - Velim</value>
                </Data>
                <Data name="status">
                    <value>Completed</value>
                </Data>
                <Data name="panchayat">
                    <value>Chinchinim-Deussua</value>
                </Data>
                <Data name="wb_type">
                    <value>Tank</value>
                </Data>
                <Data name="owner_type">
                    <value>Communidade</value>
                </Data>
                <Data name="purpose">
                    <value>Irrigation</value>
                </Data>
                <Data name="construction">
                    <value>Natural/Man Made</value>
                </Data>
                <Data name="condition">
                    <value>Needs Maintenance</value>
                </Data>
                <Data name="print_order">
                    <value>149</value>
                </Data>
                <Data name="wb_id">
                    <value>Sc/Chin/08</value>
                </Data>
                <Data name="storage_capacity">
                    <value>2535.0</value>
                </Data>
                <Data name="wb_surface_id">
                    <value>1404</value>
                </Data>
                <Data name="created_at">
                    <value>2020-02-28 15:24:34</value>
                </Data>
                <Data name="updated_at">
                    <value>2023-07-22 14:03:14.307690</value>
                </Data>
                <Data name="book_id">
                    <value>3</value>
                </Data>
                <Data name="owners">
                    <value>Communidade of Chinchinim</value>
                </Data>
                <Data name="label_x">
                    <value>987639.0</value>
                </Data>
                <Data name="label_y">
                    <value>985229.730834663</value>
                </Data>
            </ExtendedData>
            <Point id="53016">
                <coordinates>73.977140371,15.208291061,0.0</coordinates>
            </Point>
        </Placemark>
        <Placemark id="53049">
            <ExtendedData>
                <Data name="direction">
                    <value>https://maps.google.com?q=15.19492,73.9776&amp;t=h</value>
                </Data>
                <Data name="id">
                    <value>1621</value>
                </Data>
                <Data name="name">
                    <value>--</value>
                </Data>
                <Data name="taluka">
                    <value>Salcete</value>
                </Data>
                <Data name="syno">
                    <value>169</value>
                </Data>
                <Data name="subdiv">
                    <value>2</value>
                </Data>
                <Data name="village">
                    <value>Chinchinim</value>
                </Data>
                <Data name="latitude">
                    <value>15.19492</value>
                </Data>
                <Data name="longitude">
                    <value>73.9776</value>
                </Data>
                <Data name="photo_1">
                    <value>DCIM/20211210091428385.jpg</value>
                </Data>
                <Data name="photo_2">
                    <value>DCIM/20211210091440038.jpg</value>
                </Data>
                <Data name="constituency">
                    <value>35 - Velim</value>
                </Data>
                <Data name="status">
                    <value>Completed</value>
                </Data>
                <Data name="panchayat">
                    <value>Chinchinim-Deussua</value>
                </Data>
                <Data name="wb_type">
                    <value>Pond</value>
                </Data>
                <Data name="owner_type">
                    <value>Private</value>
                </Data>
                <Data name="purpose">
                    <value>Irrigation</value>
                </Data>
                <Data name="construction">
                    <value>Natural</value>
                </Data>
                <Data name="condition">
                    <value>Needs Maintenance</value>
                </Data>
                <Data name="print_order">
                    <value>035</value>
                </Data>
                <Data name="wb_id">
                    <value>Sc/Chin/26</value>
                </Data>
                <Data name="storage_capacity">
                    <value>465.0</value>
                </Data>
                <Data name="wb_surface_id">
                    <value>1229</value>
                </Data>
                <Data name="created_at">
                    <value>2020-02-28 15:24:34</value>
                </Data>
                <Data name="updated_at">
                    <value>2023-07-22 14:03:14.307690</value>
                </Data>
                <Data name="book_id">
                    <value>3</value>
                </Data>
                <Data name="owners">
                    <value>Isidorio Carvalho</value>
                </Data>
                <Data name="label_x">
                    <value>987639.0</value>
                </Data>
                <Data name="label_y">
                    <value>978929.730834663</value>
                </Data>
            </ExtendedData>
            <Point id="53048">
                <coordinates>73.977597907,15.194921614,0.0</coordinates>
            </Point>
        </Placemark>
        <Placemark id="53081">
            <ExtendedData>
                <Data name="direction">
                    <value>https://maps.google.com?q=15.19588,73.9766&amp;t=h</value>
                </Data>
                <Data name="id">
                    <value>1620</value>
                </Data>
                <Data name="name">
                    <value>Amonem.</value>
                </Data>
                <Data name="taluka">
                    <value>Salcete</value>
                </Data>
                <Data name="syno">
                    <value>168</value>
                </Data>
                <Data name="subdiv">
                    <value>1</value>
                </Data>
                <Data name="village">
                    <value>Chinchinim</value>
                </Data>
                <Data name="latitude">
                    <value>15.19588</value>
                </Data>
                <Data name="longitude">
                    <value>73.9766</value>
                </Data>
                <Data name="photo_1">
                    <value>DCIM/20210818175003344.jpg</value>
                </Data>
                <Data name="photo_2">
                    <value>DCIM/20210818175010771.jpg</value>
                </Data>
                <Data name="constituency">
                    <value>35 - Velim</value>
                </Data>
                <Data name="status">
                    <value>Completed</value>
                </Data>
                <Data name="panchayat">
                    <value>Chinchinim-Deussua</value>
                </Data>
                <Data name="wb_type">
                    <value>Pond</value>
                </Data>
                <Data name="owner_type">
                    <value>Communidade</value>
                </Data>
                <Data name="purpose">
                    <value>Irrigation</value>
                </Data>
                <Data name="construction">
                    <value>Natural</value>
                </Data>
                <Data name="condition">
                    <value>Needs Maintenance</value>
                </Data>
                <Data name="print_order">
                    <value>037</value>
                </Data>
                <Data name="wb_id">
                    <value>Sc/Chin/28</value>
                </Data>
                <Data name="storage_capacity">
                    <value>352.0</value>
                </Data>
                <Data name="wb_surface_id">
                    <value>1228</value>
                </Data>
                <Data name="created_at">
                    <value>2020-02-28 15:24:34</value>
                </Data>
                <Data name="updated_at">
                    <value>2023-07-22 14:03:14.307690</value>
                </Data>
                <Data name="book_id">
                    <value>3</value>
                </Data>
                <Data name="owners">
                    <value>Communidade de Chinchinim</value>
                </Data>
                <Data name="label_x">
                    <value>987639.0</value>
                </Data>
                <Data name="label_y">
                    <value>979279.730834663</value>
                </Data>
            </ExtendedData>
            <Point id="53080">
                <coordinates>73.976600189,15.195879262,0.0</coordinates>
            </Point>
        </Placemark>
        <Placemark id="53113">
            <ExtendedData>
                <Data name="direction">
                    <value>https://maps.google.com?q=15.20848,73.98895&amp;t=h</value>
                </Data>
                <Data name="id">
                    <value>1552</value>
                </Data>
                <Data name="name">
                    <value>--</value>
                </Data>
                <Data name="taluka">
                    <value>Salcete</value>
                </Data>
                <Data name="syno">
                    <value>20</value>
                </Data>
                <Data name="subdiv">
                    <value>40</value>
                </Data>
                <Data name="village">
                    <value>Chinchinim</value>
                </Data>
                <Data name="latitude">
                    <value>15.20848</value>
                </Data>
                <Data name="longitude">
                    <value>73.98895</value>
                </Data>
                <Data name="photo_1">
                    <value>DCIM/20211207102246317.jpg</value>
                </Data>
                <Data name="photo_2">
                    <value>DCIM/20211207102301456.jpg</value>
                </Data>
                <Data name="constituency">
                    <value>35 - Velim</value>
                </Data>
                <Data name="status">
                    <value>Completed</value>
                </Data>
                <Data name="panchayat">
                    <value>Chinchinim-Deussua</value>
                </Data>
                <Data name="wb_type">
                    <value>Pond</value>
                </Data>
                <Data name="owner_type">
                    <value>Communidade</value>
                </Data>
                <Data name="purpose">
                    <value>Irrigation</value>
                </Data>
                <Data name="construction">
                    <value>Natural</value>
                </Data>
                <Data name="condition">
                    <value>Needs Maintenance</value>
                </Data>
                <Data name="print_order">
                    <value>039</value>
                </Data>
                <Data name="wb_id">
                    <value>Sc/Chin/30</value>
                </Data>
                <Data name="storage_capacity">
                    <value>344.0</value>
                </Data>
                <Data name="wb_surface_id">
                    <value>1391</value>
                </Data>
                <Data name="created_at">
                    <value>2020-02-28 15:24:34</value>
                </Data>
                <Data name="updated_at">
                    <value>2023-07-22 14:03:14.307690</value>
                </Data>
                <Data name="book_id">
                    <value>3</value>
                </Data>
                <Data name="owners">
                    <value>Communidade of Chinchinim</value>
                </Data>
                <Data name="label_x">
                    <value>1008339.0</value>
                </Data>
                <Data name="label_y">
                    <value>978021.673307794</value>
                </Data>
            </ExtendedData>
            <Point id="53112">
                <coordinates>73.988947448,15.208481961,0.0</coordinates>
            </Point>
        </Placemark>
        <Placemark id="53145">
            <ExtendedData>
                <Data name="direction">
                    <value>https://maps.google.com?q=15.21097,73.98303&amp;t=h</value>
                </Data>
                <Data name="id">
                    <value>1546</value>
                </Data>
                <Data name="name">
                    <value>Irayazot</value>
                </Data>
                <Data name="taluka">
                    <value>Salcete</value>
                </Data>
                <Data name="syno">
                    <value>32</value>
                </Data>
                <Data name="subdiv">
                    <value>1</value>
                </Data>
                <Data name="village">
                    <value>Chinchinim</value>
                </Data>
                <Data name="latitude">
                    <value>15.21097</value>
                </Data>
                <Data name="longitude">
                    <value>73.98303</value>
                </Data>
                <Data name="photo_1">
                    <value>DCIM/20210825165827574.jpg</value>
                </Data>
                <Data name="photo_2">
                    <value>DCIM/20210825165730025.jpg</value>
                </Data>
                <Data name="constituency">
                    <value>35 - Velim</value>
                </Data>
                <Data name="status">
                    <value>Completed</value>
                </Data>
                <Data name="panchayat">
                    <value>Chinchinim-Deussua</value>
                </Data>
                <Data name="wb_type">
                    <value>Pond</value>
                </Data>
                <Data name="owner_type">
                    <value>Communidade</value>
                </Data>
                <Data name="purpose">
                    <value>Irrigation</value>
                </Data>
                <Data name="construction">
                    <value>Natural</value>
                </Data>
                <Data name="condition">
                    <value>Needs Maintenance</value>
                </Data>
                <Data name="print_order">
                    <value>033</value>
                </Data>
                <Data name="wb_id">
                    <value>Sc/Chin/24</value>
                </Data>
                <Data name="storage_capacity">
                    <value>481.0</value>
                </Data>
                <Data name="wb_surface_id">
                    <value>1400</value>
                </Data>
                <Data name="created_at">
                    <value>2020-02-28 15:24:34</value>
                </Data>
                <Data name="updated_at">
                    <value>2023-07-22 14:03:14.307690</value>
                </Data>
                <Data name="book_id">
                    <value>3</value>
                </Data>
                <Data name="owners">
                    <value>Communidade of Chinchinim</value>
                </Data>
                <Data name="label_x">
                    <value>1008339.0</value>
                </Data>
                <Data name="label_y">
                    <value>978721.673307794</value>
                </Data>
            </ExtendedData>
            <Point id="53144">
                <coordinates>73.983029259,15.210970245,0.0</coordinates>
            </Point>
        </Placemark>
        <Placemark id="53177">
            <ExtendedData>
                <Data name="direction">
                    <value>https://maps.google.com?q=15.21217,73.98452&amp;t=h</value>
                </Data>
                <Data name="id">
                    <value>1571</value>
                </Data>
                <Data name="name">
                    <value>Papa Agra</value>
                </Data>
                <Data name="taluka">
                    <value>Salcete</value>
                </Data>
                <Data name="syno">
                    <value>7</value>
                </Data>
                <Data name="subdiv">
                    <value>5</value>
                </Data>
                <Data name="village">
                    <value>Chinchinim</value>
                </Data>
                <Data name="latitude">
                    <value>15.21217</value>
                </Data>
                <Data name="longitude">
                    <value>73.98452</value>
                </Data>
                <Data name="photo_1">
                    <value>DCIM/20210825171223142.jpg</value>
                </Data>
                <Data name="photo_2">
                    <value>DCIM/20210825171230834.jpg</value>
                </Data>
                <Data name="constituency">
                    <value>35 - Velim</value>
                </Data>
                <Data name="status">
                    <value>Completed</value>
                </Data>
                <Data name="panchayat">
                    <value>Chinchinim-Deussua</value>
                </Data>
                <Data name="wb_type">
                    <value>Pond</value>
                </Data>
                <Data name="owner_type">
                    <value>Private / Public</value>
                </Data>
                <Data name="purpose">
                    <value>Irrigation</value>
                </Data>
                <Data name="construction">
                    <value>Natural</value>
                </Data>
                <Data name="condition">
                    <value>Good</value>
                </Data>
                <Data name="print_order">
                    <value>072</value>
                </Data>
                <Data name="wb_id">
                    <value>Sc/Chin/63</value>
                </Data>
                <Data name="storage_capacity">
                    <value>97.0</value>
                </Data>
                <Data name="wb_surface_id">
                    <value>1414</value>
                </Data>
                <Data name="created_at">
                    <value>2020-02-28 15:24:34</value>
                </Data>
                <Data name="updated_at">
                    <value>2023-07-22 14:03:14.307690</value>
                </Data>
                <Data name="book_id">
                    <value>3</value>
                </Data>
                <Data name="owners">
                    <value>Filomena Furtado
Government of Goa, The Executive Engineer, Work Division XIV, Water Resources Department, Gogal, Margao
Roque C. Furtado</value>
                </Data>
                <Data name="label_x">
                    <value>1008339.0</value>
                </Data>
                <Data name="label_y">
                    <value>981871.673307794</value>
                </Data>
            </ExtendedData>
            <Point id="53176">
                <coordinates>73.984523974,15.212174632,0.0</coordinates>
            </Point>
        </Placemark>
        <Placemark id="53209">
            <ExtendedData>
                <Data name="direction">
                    <value>https://maps.google.com?q=15.21308,73.97887&amp;t=h</value>
                </Data>
                <Data name="id">
                    <value>3804</value>
                </Data>
                <Data name="name">
                    <value>Kogkholo</value>
                </Data>
                <Data name="taluka">
                    <value>Salcete</value>
                </Data>
                <Data name="syno">
                    <value>439</value>
                </Data>
                <Data name="subdiv">
                    <value>5,6</value>
                </Data>
                <Data name="village">
                    <value>Chinchinim</value>
                </Data>
                <Data name="latitude">
                    <value>15.21308</value>
                </Data>
                <Data name="longitude">
                    <value>73.97887</value>
                </Data>
                <Data name="photo_1">
                    <value>DCIM/20210817182936031.jpg</value>
                </Data>
                <Data name="photo_2">
                    <value>DCIM/20210817182949485.jpg</value>
                </Data>
                <Data name="constituency">
                    <value>35 - Velim</value>
                </Data>
                <Data name="status">
                    <value>Completed</value>
                </Data>
                <Data name="panchayat">
                    <value>Chinchinim-Deussua</value>
                </Data>
                <Data name="wb_type">
                    <value>Pond</value>
                </Data>
                <Data name="owner_type">
                    <value>Communidade</value>
                </Data>
                <Data name="purpose">
                    <value>Storage</value>
                </Data>
                <Data name="construction">
                    <value>Natural</value>
                </Data>
                <Data name="condition">
                    <value>Needs Maintenance</value>
                </Data>
                <Data name="print_order">
                    <value>034</value>
                </Data>
                <Data name="wb_id">
                    <value>Sc/Chin/25</value>
                </Data>
                <Data name="storage_capacity">
                    <value>472.0</value>
                </Data>
                <Data name="wb_surface_id">
                    <value>2536</value>
                </Data>
                <Data name="created_at">
                    <value>2021-08-17 00:00:00</value>
                </Data>
                <Data name="updated_at">
                    <value>2023-07-22 14:03:14.307690</value>
                </Data>
                <Data name="book_id">
                    <value>3</value>
                </Data>
                <Data name="owners">
                    <value>Chinchinim Communidade</value>
                </Data>
                <Data name="label_x">
                    <value>987639.0</value>
                </Data>
                <Data name="label_y">
                    <value>989429.730834663</value>
                </Data>
            </ExtendedData>
            <Point id="53208">
                <coordinates>73.978869119,15.213077752,0.0</coordinates>
            </Point>
        </Placemark>
        <Placemark id="53241">
            <ExtendedData>
                <Data name="direction">
                    <value>https://maps.google.com?q=15.2255,73.98824&amp;t=h</value>
                </Data>
                <Data name="id">
                    <value>1633</value>
                </Data>
                <Data name="name">
                    <value>Azmoddi</value>
                </Data>
                <Data name="taluka">
                    <value>Salcete</value>
                </Data>
                <Data name="syno">
                    <value>0</value>
                </Data>
                <Data name="subdiv">
                    <value>North of 362</value>
                </Data>
                <Data name="village">
                    <value>Chinchinim</value>
                </Data>
                <Data name="latitude">
                    <value>15.2255</value>
                </Data>
                <Data name="longitude">
                    <value>73.98824</value>
                </Data>
                <Data name="photo_1">
                    <value>DCIM/20211210113314864.jpg</value>
                </Data>
                <Data name="photo_2">
                    <value>DCIM/20211210113408117.jpg</value>
                </Data>
                <Data name="constituency">
                    <value>35 - Velim</value>
                </Data>
                <Data name="status">
                    <value>Completed</value>
                </Data>
                <Data name="panchayat">
                    <value>Chinchinim-Deussua</value>
                </Data>
                <Data name="wb_type">
                    <value>Pond</value>
                </Data>
                <Data name="owner_type">
                    <value>Public</value>
                </Data>
                <Data name="purpose">
                    <value>Irrigation</value>
                </Data>
                <Data name="construction">
                    <value>Natural/Man Made</value>
                </Data>
                <Data name="condition">
                    <value>Needs Maintenance</value>
                </Data>
                <Data name="print_order">
                    <value>025</value>
                </Data>
                <Data name="wb_id">
                    <value>Sc/Chin/16</value>
                </Data>
                <Data name="storage_capacity">
                    <value>775.0</value>
                </Data>
                <Data name="wb_surface_id">
                    <value>1382</value>
                </Data>
                <Data name="created_at">
                    <value>2020-02-28 15:24:34</value>
                </Data>
                <Data name="updated_at">
                    <value>2023-07-22 14:03:14.307690</value>
                </Data>
                <Data name="book_id">
                    <value>3</value>
                </Data>
                <Data name="owners">
                    <value>Govt. of Goa</value>
                </Data>
                <Data name="label_x">
                    <value>1008339.0</value>
                </Data>
                <Data name="label_y">
                    <value>989571.673307794</value>
                </Data>
            </ExtendedData>
            <Point id="53240">
                <coordinates>73.988244237,15.225496255,0.0</coordinates>
            </Point>
        </Placemark>
        <Placemark id="53273">
            <ExtendedData>
                <Data name="direction">
                    <value>https://maps.google.com?q=15.21154,73.98406&amp;t=h</value>
                </Data>
                <Data name="id">
                    <value>1548</value>
                </Data>
                <Data name="name">
                    <value>Iraajott</value>
                </Data>
                <Data name="taluka">
                    <value>Salcete</value>
                </Data>
                <Data name="syno">
                    <value>7</value>
                </Data>
                <Data name="subdiv">
                    <value>22</value>
                </Data>
                <Data name="village">
                    <value>Chinchinim</value>
                </Data>
                <Data name="latitude">
                    <value>15.21154</value>
                </Data>
                <Data name="longitude">
                    <value>73.98406</value>
                </Data>
                <Data name="photo_1">
                    <value>DCIM/20210825171720128.jpg</value>
                </Data>
                <Data name="photo_2">
                    <value>DCIM/20210825171729255.jpg</value>
                </Data>
                <Data name="constituency">
                    <value>35 - Velim</value>
                </Data>
                <Data name="status">
                    <value>Completed</value>
                </Data>
                <Data name="panchayat">
                    <value>Chinchinim-Deussua</value>
                </Data>
                <Data name="wb_type">
                    <value>Pond</value>
                </Data>
                <Data name="owner_type">
                    <value>Communidade</value>
                </Data>
                <Data name="purpose">
                    <value>Irrigation</value>
                </Data>
                <Data name="construction">
                    <value>Natural</value>
                </Data>
                <Data name="condition">
                    <value>Needs Maintenance</value>
                </Data>
                <Data name="print_order">
                    <value>065</value>
                </Data>
                <Data name="wb_id">
                    <value>Sc/Chin/56</value>
                </Data>
                <Data name="storage_capacity">
                    <value>144.0</value>
                </Data>
                <Data name="wb_surface_id">
                    <value>1397</value>
                </Data>
                <Data name="created_at">
                    <value>2020-02-28 15:24:34</value>
                </Data>
                <Data name="updated_at">
                    <value>2023-07-22 14:03:14.307690</value>
                </Data>
                <Data name="book_id">
                    <value>3</value>
                </Data>
                <Data name="owners">
                    <value>Communidade of Chinchinim</value>
                </Data>
                <Data name="label_x">
                    <value>1008339.0</value>
                </Data>
                <Data name="label_y">
                    <value>980821.673307794</value>
                </Data>
            </ExtendedData>
            <Point id="53272">
                <coordinates>73.984059032,15.211535218,0.0</coordinates>
            </Point>
        </Placemark>
        <Placemark id="53305">
            <ExtendedData>
                <Data name="direction">
                    <value>https://maps.google.com?q=15.20974,73.98293&amp;t=h</value>
                </Data>
                <Data name="id">
                    <value>1554</value>
                </Data>
                <Data name="name">
                    <value>Cumar Galle</value>
                </Data>
                <Data name="taluka">
                    <value>Salcete</value>
                </Data>
                <Data name="syno">
                    <value>32</value>
                </Data>
                <Data name="subdiv">
                    <value>31</value>
                </Data>
                <Data name="village">
                    <value>Chinchinim</value>
                </Data>
                <Data name="latitude">
                    <value>15.20974</value>
                </Data>
                <Data name="longitude">
                    <value>73.98293</value>
                </Data>
                <Data name="photo_1">
                    <value>DCIM/20211210102923034.jpg</value>
                </Data>
                <Data name="photo_2">
                    <value>DCIM/20211210102931391.jpg</value>
                </Data>
                <Data name="constituency">
                    <value>35 - Velim</value>
                </Data>
                <Data name="status">
                    <value>Completed</value>
                </Data>
                <Data name="panchayat">
                    <value>Chinchinim-Deussua</value>
                </Data>
                <Data name="wb_type">
                    <value>Pond</value>
                </Data>
                <Data name="owner_type">
                    <value>Communidade</value>
                </Data>
                <Data name="purpose">
                    <value>Storage</value>
                </Data>
                <Data name="construction">
                    <value>Natural</value>
                </Data>
                <Data name="condition">
                    <value>Needs Maintenance</value>
                </Data>
                <Data name="print_order">
                    <value>051</value>
                </Data>
                <Data name="wb_id">
                    <value>Sc/Chin/42</value>
                </Data>
                <Data name="storage_capacity">
                    <value>198.0</value>
                </Data>
                <Data name="wb_surface_id">
                    <value>1402</value>
                </Data>
                <Data name="created_at">
                    <value>2020-02-28 15:24:34</value>
                </Data>
                <Data name="updated_at">
                    <value>2023-07-22 14:03:14.307690</value>
                </Data>
                <Data name="book_id">
                    <value>3</value>
                </Data>
                <Data name="owners">
                    <value>Communidade of Chinchinim</value>
                </Data>
                <Data name="label_x">
                    <value>1008339.0</value>
                </Data>
                <Data name="label_y">
                    <value>975921.673307794</value>
                </Data>
            </ExtendedData>
            <Point id="53304">
                <coordinates>73.982929086,15.209740127,0.0</coordinates>
            </Point>
        </Placemark>
        <Placemark id="53337">
            <ExtendedData>
                <Data name="direction">
                    <value>https://maps.google.com?q=15.21418,73.98579&amp;t=h</value>
                </Data>
                <Data name="id">
                    <value>1565</value>
                </Data>
                <Data name="name">
                    <value>Saklemorcho Patto</value>
                </Data>
                <Data name="taluka">
                    <value>Salcete</value>
                </Data>
                <Data name="syno">
                    <value>398</value>
                </Data>
                <Data name="subdiv">
                    <value>19</value>
                </Data>
                <Data name="village">
                    <value>Chinchinim</value>
                </Data>
                <Data name="latitude">
                    <value>15.21418</value>
                </Data>
                <Data name="longitude">
                    <value>73.98579</value>
                </Data>
                <Data name="photo_1">
                    <value>DCIM/20210824154224277.jpg</value>
                </Data>
                <Data name="photo_2">
                    <value>DCIM/20210824154257881.jpg</value>
                </Data>
                <Data name="constituency">
                    <value>35 - Velim</value>
                </Data>
                <Data name="status">
                    <value>Completed</value>
                </Data>
                <Data name="panchayat">
                    <value>Chinchinim-Deussua</value>
                </Data>
                <Data name="wb_type">
                    <value>Pond</value>
                </Data>
                <Data name="owner_type">
                    <value>Public</value>
                </Data>
                <Data name="purpose">
                    <value>Storage</value>
                </Data>
                <Data name="construction">
                    <value>Natural</value>
                </Data>
                <Data name="condition">
                    <value>Needs Maintenance</value>
                </Data>
                <Data name="print_order">
                    <value>075</value>
                </Data>
                <Data name="wb_id">
                    <value>Sc/Chin/66</value>
                </Data>
                <Data name="storage_capacity">
                    <value>66.0</value>
                </Data>
                <Data name="wb_surface_id">
                    <value>1422</value>
                </Data>
                <Data name="created_at">
                    <value>2020-02-28 15:24:34</value>
                </Data>
                <Data name="updated_at">
                    <value>2023-07-22 14:03:14.307690</value>
                </Data>
                <Data name="book_id">
                    <value>3</value>
                </Data>
                <Data name="owners">
                    <value>Communidade of Chinchinim
Executive Engineer Work Div. XIV, Water Resources Department Gogol, Margao Goa</value>
                </Data>
                <Data name="label_x">
                    <value>1008339.0</value>
                </Data>
                <Data name="label_y">
                    <value>984321.673307794</value>
                </Data>
            </ExtendedData>
            <Point id="53336">
                <coordinates>73.985789954,15.214175535,0.0</coordinates>
            </Point>
        </Placemark>
        <Placemark id="53369">
            <ExtendedData>
                <Data name="direction">
                    <value>https://maps.google.com?q=15.218,73.98704&amp;t=h</value>
                </Data>
                <Data name="id">
                    <value>1579</value>
                </Data>
                <Data name="name">
                    <value>Morad</value>
                </Data>
                <Data name="taluka">
                    <value>Salcete</value>
                </Data>
                <Data name="syno">
                    <value>385</value>
                </Data>
                <Data name="subdiv">
                    <value>1</value>
                </Data>
                <Data name="village">
                    <value>Chinchinim</value>
                </Data>
                <Data name="latitude">
                    <value>15.218</value>
                </Data>
                <Data name="longitude">
                    <value>73.98704</value>
                </Data>
                <Data name="photo_1">
                    <value>DCIM/20211207093403306.jpg</value>
                </Data>
                <Data name="photo_2">
                    <value>DCIM/20211207093234968.jpg</value>
                </Data>
                <Data name="constituency">
                    <value>35 - Velim</value>
                </Data>
                <Data name="status">
                    <value>Completed</value>
                </Data>
                <Data name="panchayat">
                    <value>Chinchinim-Deussua</value>
                </Data>
                <Data name="wb_type">
                    <value>Pond</value>
                </Data>
                <Data name="owner_type">
                    <value>Private</value>
                </Data>
                <Data name="purpose">
                    <value>Storage</value>
                </Data>
                <Data name="construction">
                    <value>Natural</value>
                </Data>
                <Data name="condition">
                    <value>Needs Maintenance</value>
                </Data>
                <Data name="print_order">
                    <value>044</value>
                </Data>
                <Data name="wb_id">
                    <value>Sc/Chin/35</value>
                </Data>
                <Data name="storage_capacity">
                    <value>269.0</value>
                </Data>
                <Data name="wb_surface_id">
                    <value>1431</value>
                </Data>
                <Data name="created_at">
                    <value>2020-02-28 15:24:34</value>
                </Data>
                <Data name="updated_at">
                    <value>2023-07-22 14:03:14.307690</value>
                </Data>
                <Data name="book_id">
                    <value>3</value>
                </Data>
                <Data name="owners">
                    <value>Lilia Gomes
Nicolau Antao
Sebastiana Mendes</value>
                </Data>
                <Data name="label_x">
                    <value>1008339.0</value>
                </Data>
                <Data name="label_y">
                    <value>988871.673307794</value>
                </Data>
            </ExtendedData>
            <Point id="53368">
                <coordinates>73.987036157,15.218001351,0.0</coordinates>
            </Point>
        </Placemark>
        <Placemark id="53401">
            <ExtendedData>
                <Data name="direction">
                    <value>https://maps.google.com?q=15.21253,73.97955&amp;t=h</value>
                </Data>
                <Data name="id">
                    <value>1590</value>
                </Data>
                <Data name="name">
                    <value>Kogkholo</value>
                </Data>
                <Data name="taluka">
                    <value>Salcete</value>
                </Data>
                <Data name="syno">
                    <value>439</value>
                </Data>
                <Data name="subdiv">
                    <value>8</value>
                </Data>
                <Data name="village">
                    <value>Chinchinim</value>
                </Data>
                <Data name="latitude">
                    <value>15.21253</value>
                </Data>
                <Data name="longitude">
                    <value>73.97955</value>
                </Data>
                <Data name="photo_1">
                    <value>DCIM/20210817183426737.jpg</value>
                </Data>
                <Data name="photo_2">
                    <value>DCIM/20210817183528749.jpg</value>
                </Data>
                <Data name="constituency">
                    <value>35 - Velim</value>
                </Data>
                <Data name="status">
                    <value>Completed</value>
                </Data>
                <Data name="panchayat">
                    <value>Chinchinim-Deussua</value>
                </Data>
                <Data name="wb_type">
                    <value>Pond</value>
                </Data>
                <Data name="owner_type">
                    <value>Communidade</value>
                </Data>
                <Data name="purpose">
                    <value>Storage</value>
                </Data>
                <Data name="construction">
                    <value>Natural</value>
                </Data>
                <Data name="condition">
                    <value>Needs Maintenance</value>
                </Data>
                <Data name="print_order">
                    <value>061</value>
                </Data>
                <Data name="wb_id">
                    <value>Sc/Chin/52</value>
                </Data>
                <Data name="storage_capacity">
                    <value>163.0</value>
                </Data>
                <Data name="wb_surface_id">
                    <value>1410</value>
                </Data>
                <Data name="created_at">
                    <value>2020-02-28 15:24:34</value>
                </Data>
                <Data name="updated_at">
                    <value>2023-07-22 14:03:14.307690</value>
                </Data>
                <Data name="book_id">
                    <value>3</value>
                </Data>
                <Data name="owners">
                    <value>Chinchinim Communidade</value>
                </Data>
                <Data name="label_x">
                    <value>987639.0</value>
                </Data>
                <Data name="label_y">
                    <value>989079.730834663</value>
                </Data>
            </ExtendedData>
            <Point id="53400">
                <coordinates>73.979551438,15.212528876,0.0</coordinates>
            </Point>
        </Placemark>
        <Placemark id="53433">
            <ExtendedData>
                <Data name="direction">
                    <value>https://maps.google.com?q=15.20992,73.98264&amp;t=h</value>
                </Data>
                <Data name="id">
                    <value>4244</value>
                </Data>
                <Data name="name">
                    <value>Cum Cattem</value>
                </Data>
                <Data name="taluka">
                    <value>Salcete</value>
                </Data>
                <Data name="syno">
                    <value>32</value>
                </Data>
                <Data name="subdiv">
                    <value>25</value>
                </Data>
                <Data name="village">
                    <value>Chinchinim</value>
                </Data>
                <Data name="latitude">
                    <value>15.20992</value>
                </Data>
                <Data name="longitude">
                    <value>73.98264</value>
                </Data>
                <Data name="photo_1">
                    <value>DCIM/20220106150912671.jpg</value>
                </Data>
                <Data name="photo_2">
                    <value>DCIM/20220106150921791.jpg</value>
                </Data>
                <Data name="constituency">
                    <value>35 - Velim</value>
                </Data>
                <Data name="status">
                    <value>Completed</value>
                </Data>
                <Data name="panchayat">
                    <value>Chinchinim-Deussua</value>
                </Data>
                <Data name="wb_type">
                    <value>Pond</value>
                </Data>
                <Data name="owner_type">
                    <value>Communidade</value>
                </Data>
                <Data name="purpose">
                    <value>Irrigation</value>
                </Data>
                <Data name="construction">
                    <value>Natural</value>
                </Data>
                <Data name="condition">
                    <value>Needs Maintenance</value>
                </Data>
                <Data name="print_order">
                    <value>038</value>
                </Data>
                <Data name="wb_id">
                    <value>Sc/Chin/29</value>
                </Data>
                <Data name="storage_capacity">
                    <value>346.0</value>
                </Data>
                <Data name="wb_surface_id">
                    <value>2939</value>
                </Data>
                <Data name="created_at">
                    <value>2021-12-14 08:19:48.098095</value>
                </Data>
                <Data name="updated_at">
                    <value>2023-07-22 14:03:14.307690</value>
                </Data>
                <Data name="book_id">
                    <value>3</value>
                </Data>
                <Data name="owners">
                    <value>Communidade of Chinchinim</value>
                </Data>
                <Data name="label_x">
                    <value>1008339.0</value>
                </Data>
                <Data name="label_y">
                    <value>976271.673307794</value>
                </Data>
            </ExtendedData>
            <Point id="53432">
                <coordinates>73.982642649,15.209921855,0.0</coordinates>
            </Point>
        </Placemark>
        <Placemark id="53465">
            <ExtendedData>
                <Data name="direction">
                    <value>https://maps.google.com?q=15.21049,73.98269&amp;t=h</value>
                </Data>
                <Data name="id">
                    <value>4243</value>
                </Data>
                <Data name="name">
                    <value>Irayazott</value>
                </Data>
                <Data name="taluka">
                    <value>Salcete</value>
                </Data>
                <Data name="syno">
                    <value>32</value>
                </Data>
                <Data name="subdiv">
                    <value>4</value>
                </Data>
                <Data name="village">
                    <value>Chinchinim</value>
                </Data>
                <Data name="latitude">
                    <value>15.21049</value>
                </Data>
                <Data name="longitude">
                    <value>73.98269</value>
                </Data>
                <Data name="photo_1">
                    <value>DCIM/20220106150745845.jpg</value>
                </Data>
                <Data name="photo_2">
                    <value>DCIM/20220106150755870.jpg</value>
                </Data>
                <Data name="constituency">
                    <value>35 - Velim</value>
                </Data>
                <Data name="status">
                    <value>Completed</value>
                </Data>
                <Data name="panchayat">
                    <value>Chinchinim-Deussua</value>
                </Data>
                <Data name="wb_type">
                    <value>Pond</value>
                </Data>
                <Data name="owner_type">
                    <value>Communidade</value>
                </Data>
                <Data name="purpose">
                    <value>Irrigation</value>
                </Data>
                <Data name="construction">
                    <value>Natural</value>
                </Data>
                <Data name="condition">
                    <value>Needs Maintenance</value>
                </Data>
                <Data name="print_order">
                    <value>046</value>
                </Data>
                <Data name="wb_id">
                    <value>Sc/Chin/37</value>
                </Data>
                <Data name="storage_capacity">
                    <value>254.0</value>
                </Data>
                <Data name="wb_surface_id">
                    <value>2938</value>
                </Data>
                <Data name="created_at">
                    <value>2021-12-14 08:19:25.858031</value>
                </Data>
                <Data name="updated_at">
                    <value>2023-07-22 14:03:14.307690</value>
                </Data>
                <Data name="book_id">
                    <value>3</value>
                </Data>
                <Data name="owners">
                    <value>Communidade of Chinchinim</value>
                </Data>
                <Data name="label_x">
                    <value>1008339.0</value>
                </Data>
                <Data name="label_y">
                    <value>976971.673307794</value>
                </Data>
            </ExtendedData>
            <Point id="53464">
                <coordinates>73.98269334,15.210486882,0.0</coordinates>
            </Point>
        </Placemark>
        <Placemark id="53497">
            <ExtendedData>
                <Data name="direction">
                    <value>https://maps.google.com?q=15.19268,73.98452&amp;t=h</value>
                </Data>
                <Data name="id">
                    <value>4138</value>
                </Data>
                <Data name="name">
                    <value>Quiterachi Batti</value>
                </Data>
                <Data name="taluka">
                    <value>Salcete</value>
                </Data>
                <Data name="syno">
                    <value>151</value>
                </Data>
                <Data name="subdiv">
                    <value>17</value>
                </Data>
                <Data name="village">
                    <value>Chinchinim</value>
                </Data>
                <Data name="latitude">
                    <value>15.19268</value>
                </Data>
                <Data name="longitude">
                    <value>73.98452</value>
                </Data>
                <Data name="photo_1">
                    <value>DCIM/20211210085355004.jpg</value>
                </Data>
                <Data name="photo_2">
                    <value>DCIM/20211210085410687.jpg</value>
                </Data>
                <Data name="constituency">
                    <value>35 - Velim</value>
                </Data>
                <Data name="status">
                    <value>Completed</value>
                </Data>
                <Data name="panchayat">
                    <value>Chinchinim-Deussua</value>
                </Data>
                <Data name="wb_type">
                    <value>Pond</value>
                </Data>
                <Data name="owner_type">
                    <value>Private</value>
                </Data>
                <Data name="purpose">
                    <value>Irrigation</value>
                </Data>
                <Data name="construction">
                    <value>Natural/Man Made</value>
                </Data>
                <Data name="condition">
                    <value>Good</value>
                </Data>
                <Data name="print_order">
                    <value>045</value>
                </Data>
                <Data name="wb_id">
                    <value>Sc/Chin/36</value>
                </Data>
                <Data name="storage_capacity">
                    <value>266.0</value>
                </Data>
                <Data name="wb_surface_id">
                    <value>2874</value>
                </Data>
                <Data name="created_at">
                    <value>2021-11-28 02:27:59.240900</value>
                </Data>
                <Data name="updated_at">
                    <value>2023-07-22 14:03:14.307690</value>
                </Data>
                <Data name="book_id">
                    <value>3</value>
                </Data>
                <Data name="owners">
                    <value>Avelino Pereira</value>
                </Data>
                <Data name="label_x">
                    <value>987639.0</value>
                </Data>
                <Data name="label_y">
                    <value>978229.730834663</value>
                </Data>
            </ExtendedData>
            <Point id="53496">
                <coordinates>73.984515817,15.19268461,0.0</coordinates>
            </Point>
        </Placemark>
        <Placemark id="53529">
            <ExtendedData>
                <Data name="direction">
                    <value>https://maps.google.com?q=15.21131,73.98309&amp;t=h</value>
                </Data>
                <Data name="id">
                    <value>1545</value>
                </Data>
                <Data name="name">
                    <value>Irajott</value>
                </Data>
                <Data name="taluka">
                    <value>Salcete</value>
                </Data>
                <Data name="syno">
                    <value>6</value>
                </Data>
                <Data name="subdiv">
                    <value>6</value>
                </Data>
                <Data name="village">
                    <value>Chinchinim</value>
                </Data>
                <Data name="latitude">
                    <value>15.21131</value>
                </Data>
                <Data name="longitude">
                    <value>73.98309</value>
                </Data>
                <Data name="photo_1">
                    <value>DCIM/20210825165852390.jpg</value>
                </Data>
                <Data name="photo_2">
                    <value>DCIM/20210825165906122.jpg</value>
                </Data>
                <Data name="constituency">
                    <value>35 - Velim</value>
                </Data>
                <Data name="status">
                    <value>Completed</value>
                </Data>
                <Data name="panchayat">
                    <value>Chinchinim-Deussua</value>
                </Data>
                <Data name="wb_type">
                    <value>Pond</value>
                </Data>
                <Data name="owner_type">
                    <value>Communidade</value>
                </Data>
                <Data name="purpose">
                    <value>Irrigation</value>
                </Data>
                <Data name="construction">
                    <value>Natural</value>
                </Data>
                <Data name="condition">
                    <value>Good</value>
                </Data>
                <Data name="print_order">
                    <value>021</value>
                </Data>
                <Data name="wb_id">
                    <value>Sc/Chin/12</value>
                </Data>
                <Data name="storage_capacity">
                    <value>1619.0</value>
                </Data>
                <Data name="wb_surface_id">
                    <value>1399</value>
                </Data>
                <Data name="created_at">
                    <value>2020-02-28 15:24:34</value>
                </Data>
                <Data name="updated_at">
                    <value>2023-07-22 14:03:14.307690</value>
                </Data>
                <Data name="book_id">
                    <value>3</value>
                </Data>
                <Data name="owners">
                    <value>Communidade of Chinchinim</value>
                </Data>
                <Data name="label_x">
                    <value>1008339.0</value>
                </Data>
                <Data name="label_y">
                    <value>979071.673307794</value>
                </Data>
            </ExtendedData>
            <Point id="53528">
                <coordinates>73.983089362,15.211306825,0.0</coordinates>
            </Point>
        </Placemark>
        <Placemark id="53561">
            <ExtendedData>
                <Data name="direction">
                    <value>https://maps.google.com?q=15.19248,73.98371&amp;t=h</value>
                </Data>
                <Data name="id">
                    <value>4137</value>
                </Data>
                <Data name="name">
                    <value>--</value>
                </Data>
                <Data name="taluka">
                    <value>Salcete</value>
                </Data>
                <Data name="syno">
                    <value>143</value>
                </Data>
                <Data name="subdiv">
                    <value>1</value>
                </Data>
                <Data name="village">
                    <value>Chinchinim</value>
                </Data>
                <Data name="latitude">
                    <value>15.19248</value>
                </Data>
                <Data name="longitude">
                    <value>73.98371</value>
                </Data>
                <Data name="photo_1">
                    <value>DCIM/20211210085916665.jpg</value>
                </Data>
                <Data name="photo_2">
                    <value>DCIM/20211210085927810.jpg</value>
                </Data>
                <Data name="constituency">
                    <value>35 - Velim</value>
                </Data>
                <Data name="status">
                    <value>Completed</value>
                </Data>
                <Data name="panchayat">
                    <value>Chinchinim-Deussua</value>
                </Data>
                <Data name="wb_type">
                    <value>Pond</value>
                </Data>
                <Data name="owner_type">
                    <value>Public</value>
                </Data>
                <Data name="purpose">
                    <value>Irrigation</value>
                </Data>
                <Data name="construction">
                    <value>Natural</value>
                </Data>
                <Data name="condition">
                    <value>Good</value>
                </Data>
                <Data name="print_order">
                    <value>023</value>
                </Data>
                <Data name="wb_id">
                    <value>Sc/Chin/14</value>
                </Data>
                <Data name="storage_capacity">
                    <value>887.0</value>
                </Data>
                <Data name="wb_surface_id">
                    <value>2875</value>
                </Data>
                <Data name="created_at">
                    <value>2021-11-28 02:27:59.240900</value>
                </Data>
                <Data name="updated_at">
                    <value>2023-07-22 14:03:14.307690</value>
                </Data>
                <Data name="book_id">
                    <value>3</value>
                </Data>
                <Data name="owners">
                    <value>Goverment Directorate of Agriculture</value>
                </Data>
                <Data name="label_x">
                    <value>987639.0</value>
                </Data>
                <Data name="label_y">
                    <value>977879.730834663</value>
                </Data>
            </ExtendedData>
            <Point id="53560">
                <coordinates>73.983710489,15.192477737,0.0</coordinates>
            </Point>
        </Placemark>
        <Placemark id="53593">
            <ExtendedData>
                <Data name="direction">
                    <value>https://maps.google.com?q=15.21159,73.98345&amp;t=h</value>
                </Data>
                <Data name="id">
                    <value>1547</value>
                </Data>
                <Data name="name">
                    <value>Irajott</value>
                </Data>
                <Data name="taluka">
                    <value>Salcete</value>
                </Data>
                <Data name="syno">
                    <value>6</value>
                </Data>
                <Data name="subdiv">
                    <value>5</value>
                </Data>
                <Data name="village">
                    <value>Chinchinim</value>
                </Data>
                <Data name="latitude">
                    <value>15.21159</value>
                </Data>
                <Data name="longitude">
                    <value>73.98345</value>
                </Data>
                <Data name="photo_1">
                    <value>DCIM/20210825171924784.jpg</value>
                </Data>
                <Data name="photo_2">
                    <value>DCIM/20210825171934110.jpg</value>
                </Data>
                <Data name="constituency">
                    <value>35 - Velim</value>
                </Data>
                <Data name="status">
                    <value>Completed</value>
                </Data>
                <Data name="panchayat">
                    <value>Chinchinim-Deussua</value>
                </Data>
                <Data name="wb_type">
                    <value>Pond</value>
                </Data>
                <Data name="owner_type">
                    <value>Communidade</value>
                </Data>
                <Data name="purpose">
                    <value>Irrigation</value>
                </Data>
                <Data name="construction">
                    <value>Natural</value>
                </Data>
                <Data name="condition">
                    <value>Good</value>
                </Data>
                <Data name="print_order">
                    <value>066</value>
                </Data>
                <Data name="wb_id">
                    <value>Sc/Chin/57</value>
                </Data>
                <Data name="storage_capacity">
                    <value>124.0</value>
                </Data>
                <Data name="wb_surface_id">
                    <value>1396</value>
                </Data>
                <Data name="created_at">
                    <value>2020-02-28 15:24:34</value>
                </Data>
                <Data name="updated_at">
                    <value>2023-07-22 14:03:14.307690</value>
                </Data>
                <Data name="book_id">
                    <value>3</value>
                </Data>
                <Data name="owners">
                    <value>Commundade of Chinchinim</value>
                </Data>
                <Data name="label_x">
                    <value>1008339.0</value>
                </Data>
                <Data name="label_y">
                    <value>979771.673307794</value>
                </Data>
            </ExtendedData>
            <Point id="53592">
                <coordinates>73.983445976,15.211591314,0.0</coordinates>
            </Point>
        </Placemark>
        <Placemark id="53625">
            <ExtendedData>
                <Data name="direction">
                    <value>https://maps.google.com?q=15.21571,73.97505&amp;t=h</value>
                </Data>
                <Data name="id">
                    <value>1588</value>
                </Data>
                <Data name="name">
                    <value>Morsaigalli</value>
                </Data>
                <Data name="taluka">
                    <value>Salcete</value>
                </Data>
                <Data name="syno">
                    <value>307</value>
                </Data>
                <Data name="subdiv">
                    <value>24</value>
                </Data>
                <Data name="village">
                    <value>Chinchinim</value>
                </Data>
                <Data name="latitude">
                    <value>15.21571</value>
                </Data>
                <Data name="longitude">
                    <value>73.97505</value>
                </Data>
                <Data name="photo_1">
                    <value>DCIM/20211210093913458.jpg</value>
                </Data>
                <Data name="photo_2">
                    <value>DCIM/20211210093925643.jpg</value>
                </Data>
                <Data name="constituency">
                    <value>35 - Velim</value>
                </Data>
                <Data name="status">
                    <value>Completed</value>
                </Data>
                <Data name="panchayat">
                    <value>Chinchinim-Deussua</value>
                </Data>
                <Data name="wb_type">
                    <value>Pond</value>
                </Data>
                <Data name="owner_type">
                    <value>Communidade</value>
                </Data>
                <Data name="purpose">
                    <value>Storage</value>
                </Data>
                <Data name="construction">
                    <value>Natural</value>
                </Data>
                <Data name="condition">
                    <value>Needs Maintenance</value>
                </Data>
                <Data name="print_order">
                    <value>029</value>
                </Data>
                <Data name="wb_id">
                    <value>Sc/Chin/20</value>
                </Data>
                <Data name="storage_capacity">
                    <value>584.0</value>
                </Data>
                <Data name="wb_surface_id">
                    <value>1412</value>
                </Data>
                <Data name="created_at">
                    <value>2020-02-28 15:24:34</value>
                </Data>
                <Data name="updated_at">
                    <value>2023-07-22 14:03:14.307690</value>
                </Data>
                <Data name="book_id">
                    <value>3</value>
                </Data>
                <Data name="owners">
                    <value>Communidade of Chinchinim</value>
                </Data>
                <Data name="label_x">
                    <value>987639.0</value>
                </Data>
                <Data name="label_y">
                    <value>988729.730834663</value>
                </Data>
            </ExtendedData>
            <Point id="53624">
                <coordinates>73.975048064,15.215710606,0.0</coordinates>
            </Point>
        </Placemark>
        <Placemark id="53657">
            <ExtendedData>
                <Data name="direction">
                    <value>https://maps.google.com?q=15.20636,73.97636&amp;t=h</value>
                </Data>
                <Data name="id">
                    <value>1556</value>
                </Data>
                <Data name="name">
                    <value>Vensole</value>
                </Data>
                <Data name="taluka">
                    <value>Salcete</value>
                </Data>
                <Data name="syno">
                    <value>276</value>
                </Data>
                <Data name="subdiv">
                    <value>4</value>
                </Data>
                <Data name="village">
                    <value>Chinchinim</value>
                </Data>
                <Data name="latitude">
                    <value>15.20636</value>
                </Data>
                <Data name="longitude">
                    <value>73.97636</value>
                </Data>
                <Data name="photo_1">
                    <value>DCIM/20210818162231915.jpg</value>
                </Data>
                <Data name="photo_2">
                    <value>DCIM/20210818162240980.jpg</value>
                </Data>
                <Data name="constituency">
                    <value>35 - Velim</value>
                </Data>
                <Data name="status">
                    <value>Completed</value>
                </Data>
                <Data name="panchayat">
                    <value>Chinchinim-Deussua</value>
                </Data>
                <Data name="wb_type">
                    <value>Pond</value>
                </Data>
                <Data name="owner_type">
                    <value>Communidade</value>
                </Data>
                <Data name="purpose">
                    <value>Irrigation</value>
                </Data>
                <Data name="construction">
                    <value>Natural</value>
                </Data>
                <Data name="condition">
                    <value>Needs Maintenance</value>
                </Data>
                <Data name="print_order">
                    <value>017</value>
                </Data>
                <Data name="wb_id">
                    <value>Sc/Chin/07</value>
                </Data>
                <Data name="storage_capacity">
                    <value>2862.0</value>
                </Data>
                <Data name="wb_surface_id">
                    <value>1406</value>
                </Data>
                <Data name="created_at">
                    <value>2020-02-28 15:24:34</value>
                </Data>
                <Data name="updated_at">
                    <value>2023-07-22 14:03:14.307690</value>
                </Data>
                <Data name="book_id">
                    <value>3</value>
                </Data>
                <Data name="owners">
                    <value>Communidade of Chinchinim</value>
                </Data>
                <Data name="label_x">
                    <value>987639.0</value>
                </Data>
                <Data name="label_y">
                    <value>983129.730834663</value>
                </Data>
            </ExtendedData>
            <Point id="53656">
                <coordinates>73.976364552,15.206362977,0.0</coordinates>
            </Point>
        </Placemark>
        <Placemark id="53689">
            <ExtendedData>
                <Data name="direction">
                    <value>https://maps.google.com?q=15.21046,73.98337&amp;t=h</value>
                </Data>
                <Data name="id">
                    <value>4210</value>
                </Data>
                <Data name="name">
                    <value>Irayazott</value>
                </Data>
                <Data name="taluka">
                    <value>Salcete</value>
                </Data>
                <Data name="syno">
                    <value>32</value>
                </Data>
                <Data name="subdiv">
                    <value>5</value>
                </Data>
                <Data name="village">
                    <value>Chinchinim</value>
                </Data>
                <Data name="latitude">
                    <value>15.21046</value>
                </Data>
                <Data name="longitude">
                    <value>73.98337</value>
                </Data>
                <Data name="photo_1">
                    <value>DCIM/20211210103047308.jpg</value>
                </Data>
                <Data name="photo_2">
                    <value>DCIM/20211210103057949.jpg</value>
                </Data>
                <Data name="constituency">
                    <value>35 - Velim</value>
                </Data>
                <Data name="status">
                    <value>Completed</value>
                </Data>
                <Data name="panchayat">
                    <value>Chinchinim-Deussua</value>
                </Data>
                <Data name="wb_type">
                    <value>Pond</value>
                </Data>
                <Data name="owner_type">
                    <value>Communidade</value>
                </Data>
                <Data name="purpose">
                    <value>Storage</value>
                </Data>
                <Data name="construction">
                    <value>Natural</value>
                </Data>
                <Data name="condition">
                    <value>Needs Maintenance</value>
                </Data>
                <Data name="print_order">
                    <value>068</value>
                </Data>
                <Data name="wb_id">
                    <value>Sc/Chin/59</value>
                </Data>
                <Data name="storage_capacity">
                    <value>117.0</value>
                </Data>
                <Data name="wb_surface_id">
                    <value>2937</value>
                </Data>
                <Data name="created_at">
                    <value>2021-12-10 00:00:00</value>
                </Data>
                <Data name="updated_at">
                    <value>2023-07-22 14:03:14.307690</value>
                </Data>
                <Data name="book_id">
                    <value>3</value>
                </Data>
                <Data name="owners">
                    <value>Communidade of Chinchinim</value>
                </Data>
                <Data name="label_x">
                    <value>1008339.0</value>
                </Data>
                <Data name="label_y">
                    <value>977671.673307794</value>
                </Data>
            </ExtendedData>
            <Point id="53688">
                <coordinates>73.983372268,15.210460809,0.0</coordinates>
            </Point>
        </Placemark>
        <Placemark id="53721">
            <ExtendedData>
                <Data name="direction">
                    <value>https://maps.google.com?q=15.2178,73.98769&amp;t=h</value>
                </Data>
                <Data name="id">
                    <value>1578</value>
                </Data>
                <Data name="name">
                    <value>Morad</value>
                </Data>
                <Data name="taluka">
                    <value>Salcete</value>
                </Data>
                <Data name="syno">
                    <value>384</value>
                </Data>
                <Data name="subdiv">
                    <value>5</value>
                </Data>
                <Data name="village">
                    <value>Chinchinim</value>
                </Data>
                <Data name="latitude">
                    <value>15.2178</value>
                </Data>
                <Data name="longitude">
                    <value>73.98769</value>
                </Data>
                <Data name="photo_1">
                    <value>DCIM/20211207093539870.jpg</value>
                </Data>
                <Data name="photo_2">
                    <value>DCIM/20211207093548953.jpg</value>
                </Data>
                <Data name="constituency">
                    <value>35 - Velim</value>
                </Data>
                <Data name="status">
                    <value>Completed</value>
                </Data>
                <Data name="panchayat">
                    <value>Chinchinim-Deussua</value>
                </Data>
                <Data name="wb_type">
                    <value>Pond</value>
                </Data>
                <Data name="owner_type">
                    <value>Private</value>
                </Data>
                <Data name="purpose">
                    <value>Storage</value>
                </Data>
                <Data name="construction">
                    <value>Natural</value>
                </Data>
                <Data name="condition">
                    <value>Needs Maintenance</value>
                </Data>
                <Data name="print_order">
                    <value>055</value>
                </Data>
                <Data name="wb_id">
                    <value>Sc/Chin/46</value>
                </Data>
                <Data name="storage_capacity">
                    <value>178.0</value>
                </Data>
                <Data name="wb_surface_id">
                    <value>1430</value>
                </Data>
                <Data name="created_at">
                    <value>2020-02-28 15:24:34</value>
                </Data>
                <Data name="updated_at">
                    <value>2023-07-22 14:03:14.307690</value>
                </Data>
                <Data name="book_id">
                    <value>3</value>
                </Data>
                <Data name="owners">
                    <value>Placido Coutinho</value>
                </Data>
                <Data name="label_x">
                    <value>1008339.0</value>
                </Data>
                <Data name="label_y">
                    <value>988171.673307794</value>
                </Data>
            </ExtendedData>
            <Point id="53720">
                <coordinates>73.987693289,15.217801006,0.0</coordinates>
            </Point>
        </Placemark>
        <Placemark id="53753">
            <ExtendedData>
                <Data name="direction">
                    <value>https://maps.google.com?q=15.2199,73.97898&amp;t=h</value>
                </Data>
                <Data name="id">
                    <value>1584</value>
                </Data>
                <Data name="name">
                    <value>Digabandh; Dinguem</value>
                </Data>
                <Data name="taluka">
                    <value>Salcete</value>
                </Data>
                <Data name="syno">
                    <value>323</value>
                </Data>
                <Data name="subdiv">
                    <value>9</value>
                </Data>
                <Data name="village">
                    <value>Chinchinim</value>
                </Data>
                <Data name="latitude">
                    <value>15.2199</value>
                </Data>
                <Data name="longitude">
                    <value>73.97898</value>
                </Data>
                <Data name="photo_1">
                    <value>DCIM/20210817181632605.jpg</value>
                </Data>
                <Data name="photo_2">
                    <value>DCIM/20210817181640844.jpg</value>
                </Data>
                <Data name="constituency">
                    <value>35 - Velim</value>
                </Data>
                <Data name="status">
                    <value>Completed</value>
                </Data>
                <Data name="panchayat">
                    <value>Chinchinim-Deussua</value>
                </Data>
                <Data name="wb_type">
                    <value>Tank</value>
                </Data>
                <Data name="owner_type">
                    <value>Public</value>
                </Data>
                <Data name="purpose">
                    <value>Irrigation</value>
                </Data>
                <Data name="construction">
                    <value>Natural/Man Made</value>
                </Data>
                <Data name="condition">
                    <value>Needs Maintenance</value>
                </Data>
                <Data name="print_order">
                    <value>147</value>
                </Data>
                <Data name="wb_id">
                    <value>Sc/Chin/05</value>
                </Data>
                <Data name="storage_capacity">
                    <value>6513.0</value>
                </Data>
                <Data name="wb_surface_id">
                    <value>1438</value>
                </Data>
                <Data name="created_at">
                    <value>2020-02-28 15:24:34</value>
                </Data>
                <Data name="updated_at">
                    <value>2023-07-22 14:03:14.307690</value>
                </Data>
                <Data name="book_id">
                    <value>3</value>
                </Data>
                <Data name="owners">
                    <value>Comunidade of Chinchinim
Government of Goa, Works Division X, Water Resources Dept., Pajimol, Sanguem.</value>
                </Data>
                <Data name="label_x">
                    <value>987639.0</value>
                </Data>
                <Data name="label_y">
                    <value>990129.730834663</value>
                </Data>
            </ExtendedData>
            <Point id="53752">
                <coordinates>73.978982291,15.219896614,0.0</coordinates>
            </Point>
        </Placemark>
        <Placemark id="53785">
            <ExtendedData>
                <Data name="direction">
                    <value>https://maps.google.com?q=15.21122,73.9844&amp;t=h</value>
                </Data>
                <Data name="id">
                    <value>1549</value>
                </Data>
                <Data name="name">
                    <value>Iraajott</value>
                </Data>
                <Data name="taluka">
                    <value>Salcete</value>
                </Data>
                <Data name="syno">
                    <value>7</value>
                </Data>
                <Data name="subdiv">
                    <value>24</value>
                </Data>
                <Data name="village">
                    <value>Chinchinim</value>
                </Data>
                <Data name="latitude">
                    <value>15.21122</value>
                </Data>
                <Data name="longitude">
                    <value>73.9844</value>
                </Data>
                <Data name="photo_1">
                    <value>DCIM/20211210103751132.jpg</value>
                </Data>
                <Data name="photo_2">
                    <value>DCIM/20211210103740692.jpg</value>
                </Data>
                <Data name="constituency">
                    <value>35 - Velim</value>
                </Data>
                <Data name="status">
                    <value>Completed</value>
                </Data>
                <Data name="panchayat">
                    <value>Chinchinim-Deussua</value>
                </Data>
                <Data name="wb_type">
                    <value>Pond</value>
                </Data>
                <Data name="owner_type">
                    <value>Communidade</value>
                </Data>
                <Data name="purpose">
                    <value>Irrigation</value>
                </Data>
                <Data name="construction">
                    <value>Natural</value>
                </Data>
                <Data name="condition">
                    <value>Needs Maintenance</value>
                </Data>
                <Data name="print_order">
                    <value>071</value>
                </Data>
                <Data name="wb_id">
                    <value>Sc/Chin/62</value>
                </Data>
                <Data name="storage_capacity">
                    <value>101.0</value>
                </Data>
                <Data name="wb_surface_id">
                    <value>1398</value>
                </Data>
                <Data name="created_at">
                    <value>2020-02-28 15:24:34</value>
                </Data>
                <Data name="updated_at">
                    <value>2023-07-22 14:03:14.307690</value>
                </Data>
                <Data name="book_id">
                    <value>3</value>
                </Data>
                <Data name="owners">
                    <value>Communidade of Chinchinim</value>
                </Data>
                <Data name="label_x">
                    <value>1008339.0</value>
                </Data>
                <Data name="label_y">
                    <value>979421.673307794</value>
                </Data>
            </ExtendedData>
            <Point id="53784">
                <coordinates>73.984395611,15.21122268,0.0</coordinates>
            </Point>
        </Placemark>
        <Placemark id="53817">
            <ExtendedData>
                <Data name="direction">
                    <value>https://maps.google.com?q=15.22733,73.98755&amp;t=h</value>
                </Data>
                <Data name="id">
                    <value>1634</value>
                </Data>
                <Data name="name">
                    <value>Carramorrod</value>
                </Data>
                <Data name="taluka">
                    <value>Salcete</value>
                </Data>
                <Data name="syno">
                    <value>0</value>
                </Data>
                <Data name="subdiv">
                    <value>North of 360</value>
                </Data>
                <Data name="village">
                    <value>Chinchinim</value>
                </Data>
                <Data name="latitude">
                    <value>15.22733</value>
                </Data>
                <Data name="longitude">
                    <value>73.98755</value>
                </Data>
                <Data name="photo_1">
                    <value>DCIM/20210824180353890.jpg</value>
                </Data>
                <Data name="photo_2">
                    <value>DCIM/20210824180402769.jpg</value>
                </Data>
                <Data name="constituency">
                    <value>35 - Velim</value>
                </Data>
                <Data name="status">
                    <value>Completed</value>
                </Data>
                <Data name="panchayat">
                    <value>Chinchinim-Deussua</value>
                </Data>
                <Data name="wb_type">
                    <value>Pond</value>
                </Data>
                <Data name="owner_type">
                    <value>Public</value>
                </Data>
                <Data name="purpose">
                    <value>Irrigation</value>
                </Data>
                <Data name="construction">
                    <value>Natural</value>
                </Data>
                <Data name="condition">
                    <value>Good</value>
                </Data>
                <Data name="print_order">
                    <value>028</value>
                </Data>
                <Data name="wb_id">
                    <value>Sc/Chin/19</value>
                </Data>
                <Data name="storage_capacity">
                    <value>625.0</value>
                </Data>
                <Data name="wb_surface_id">
                    <value>1383</value>
                </Data>
                <Data name="created_at">
                    <value>2020-02-28 15:24:34</value>
                </Data>
                <Data name="updated_at">
                    <value>2023-07-22 14:03:14.307690</value>
                </Data>
                <Data name="book_id">
                    <value>3</value>
                </Data>
                <Data name="owners">
                    <value>Govt. of Goa</value>
                </Data>
                <Data name="label_x">
                    <value>1008339.0</value>
                </Data>
                <Data name="label_y">
                    <value>989921.673307794</value>
                </Data>
            </ExtendedData>
            <Point id="53816">
                <coordinates>73.987547037,15.227331415,0.0</coordinates>
            </Point>
        </Placemark>
        <Placemark id="53849">
            <ExtendedData>
                <Data name="direction">
                    <value>https://maps.google.com?q=15.20335,73.97403&amp;t=h</value>
                </Data>
                <Data name="id">
                    <value>1595</value>
                </Data>
                <Data name="name">
                    <value>Tollea Bandh; Iria Tollem</value>
                </Data>
                <Data name="taluka">
                    <value>Salcete</value>
                </Data>
                <Data name="syno">
                    <value>273</value>
                </Data>
                <Data name="subdiv">
                    <value>10</value>
                </Data>
                <Data name="village">
                    <value>Chinchinim</value>
                </Data>
                <Data name="latitude">
                    <value>15.20335</value>
                </Data>
                <Data name="longitude">
                    <value>73.97403</value>
                </Data>
                <Data name="photo_1">
                    <value>DCIM/20210818170300767.jpg</value>
                </Data>
                <Data name="photo_2">
                    <value>DCIM/20210818170539200.jpg</value>
                </Data>
                <Data name="constituency">
                    <value>35 - Velim</value>
                </Data>
                <Data name="status">
                    <value>Completed</value>
                </Data>
                <Data name="panchayat">
                    <value>Chinchinim-Deussua</value>
                </Data>
                <Data name="wb_type">
                    <value>Lake</value>
                </Data>
                <Data name="owner_type">
                    <value>Public</value>
                </Data>
                <Data name="purpose">
                    <value>Irrigation</value>
                </Data>
                <Data name="construction">
                    <value>Natural</value>
                </Data>
                <Data name="condition">
                    <value>Good</value>
                </Data>
                <Data name="print_order">
                    <value>004</value>
                </Data>
                <Data name="wb_id">
                    <value>Sc/Chin/04</value>
                </Data>
                <Data name="storage_capacity">
                    <value>34754.0</value>
                </Data>
                <Data name="wb_surface_id">
                    <value>1224</value>
                </Data>
                <Data name="created_at">
                    <value>2020-02-28 15:24:34</value>
                </Data>
                <Data name="updated_at">
                    <value>2023-07-22 14:03:14.307690</value>
                </Data>
                <Data name="book_id">
                    <value>3</value>
                </Data>
                <Data name="owners">
                    <value>Communidade of Chinchinim
The Executive Engineer, Works Division VI (Roads-South), P.W.D., Fatorda, Margao Goa</value>
                </Data>
                <Data name="label_x">
                    <value>987639.0</value>
                </Data>
                <Data name="label_y">
                    <value>981379.730834663</value>
                </Data>
            </ExtendedData>
            <Point id="53848">
                <coordinates>73.974025757,15.203354132,0.0</coordinates>
            </Point>
        </Placemark>
        <Placemark id="53881">
            <ExtendedData>
                <Data name="direction">
                    <value>https://maps.google.com?q=15.20749,73.97875&amp;t=h</value>
                </Data>
                <Data name="id">
                    <value>1558</value>
                </Data>
                <Data name="name">
                    <value>Fariazoth</value>
                </Data>
                <Data name="taluka">
                    <value>Salcete</value>
                </Data>
                <Data name="syno">
                    <value>45</value>
                </Data>
                <Data name="subdiv">
                    <value>15</value>
                </Data>
                <Data name="village">
                    <value>Chinchinim</value>
                </Data>
                <Data name="latitude">
                    <value>15.20749</value>
                </Data>
                <Data name="longitude">
                    <value>73.97875</value>
                </Data>
                <Data name="photo_1">
                    <value>DCIM/20210818160947131.jpg</value>
                </Data>
                <Data name="photo_2">
                    <value>DCIM/20210818161054412.jpg</value>
                </Data>
                <Data name="constituency">
                    <value>35 - Velim</value>
                </Data>
                <Data name="status">
                    <value>Completed</value>
                </Data>
                <Data name="panchayat">
                    <value>Chinchinim-Deussua</value>
                </Data>
                <Data name="wb_type">
                    <value>Pond</value>
                </Data>
                <Data name="owner_type">
                    <value>Public</value>
                </Data>
                <Data name="purpose">
                    <value>Irrigation</value>
                </Data>
                <Data name="construction">
                    <value>Natural</value>
                </Data>
                <Data name="condition">
                    <value>Needs Maintenance</value>
                </Data>
                <Data name="print_order">
                    <value>067</value>
                </Data>
                <Data name="wb_id">
                    <value>Sc/Chin/58</value>
                </Data>
                <Data name="storage_capacity">
                    <value>121.0</value>
                </Data>
                <Data name="wb_surface_id">
                    <value>1403</value>
                </Data>
                <Data name="created_at">
                    <value>2020-02-28 15:24:34</value>
                </Data>
                <Data name="updated_at">
                    <value>2023-07-22 14:03:14.307690</value>
                </Data>
                <Data name="book_id">
                    <value>3</value>
                </Data>
                <Data name="owners">
                    <value>Communidade of Chinchinim
Government of Goa, The Executive Engineer, Work Division XIV, Water Resources Department, Gogal, Margao</value>
                </Data>
                <Data name="label_x">
                    <value>987639.0</value>
                </Data>
                <Data name="label_y">
                    <value>984529.730834663</value>
                </Data>
            </ExtendedData>
            <Point id="53880">
                <coordinates>73.978749891,15.20748825,0.0</coordinates>
            </Point>
        </Placemark>
        <Placemark id="53913">
            <ExtendedData>
                <Data name="direction">
                    <value>https://maps.google.com?q=15.19918,73.97627&amp;t=h</value>
                </Data>
                <Data name="id">
                    <value>1625</value>
                </Data>
                <Data name="name">
                    <value>Sucaldem</value>
                </Data>
                <Data name="taluka">
                    <value>Salcete</value>
                </Data>
                <Data name="syno">
                    <value>163</value>
                </Data>
                <Data name="subdiv">
                    <value>17</value>
                </Data>
                <Data name="village">
                    <value>Chinchinim</value>
                </Data>
                <Data name="latitude">
                    <value>15.19918</value>
                </Data>
                <Data name="longitude">
                    <value>73.97627</value>
                </Data>
                <Data name="photo_1">
                    <value>DCIM/20210818172405691.jpg</value>
                </Data>
                <Data name="photo_2">
                    <value>DCIM/20210818172416000.jpg</value>
                </Data>
                <Data name="constituency">
                    <value>35 - Velim</value>
                </Data>
                <Data name="status">
                    <value>Completed</value>
                </Data>
                <Data name="panchayat">
                    <value>Chinchinim-Deussua</value>
                </Data>
                <Data name="wb_type">
                    <value>Pond</value>
                </Data>
                <Data name="owner_type">
                    <value>Communidade</value>
                </Data>
                <Data name="purpose">
                    <value>Storage</value>
                </Data>
                <Data name="construction">
                    <value>Natural</value>
                </Data>
                <Data name="condition">
                    <value>Needs Maintenance</value>
                </Data>
                <Data name="print_order">
                    <value>031</value>
                </Data>
                <Data name="wb_id">
                    <value>Sc/Chin/22</value>
                </Data>
                <Data name="storage_capacity">
                    <value>514.0</value>
                </Data>
                <Data name="wb_surface_id">
                    <value>1225</value>
                </Data>
                <Data name="created_at">
                    <value>2020-02-28 15:24:34</value>
                </Data>
                <Data name="updated_at">
                    <value>2023-07-22 14:03:14.307690</value>
                </Data>
                <Data name="book_id">
                    <value>3</value>
                </Data>
                <Data name="owners">
                    <value>Communidade of Chinchinim</value>
                </Data>
                <Data name="label_x">
                    <value>987639.0</value>
                </Data>
                <Data name="label_y">
                    <value>980679.730834663</value>
                </Data>
            </ExtendedData>
            <Point id="53912">
                <coordinates>73.976271624,15.19918295,0.0</coordinates>
            </Point>
        </Placemark>
        <Placemark id="53945">
            <ExtendedData>
                <Data name="direction">
                    <value>https://maps.google.com?q=15.19904,73.97551&amp;t=h</value>
                </Data>
                <Data name="id">
                    <value>1624</value>
                </Data>
                <Data name="name">
                    <value>Dugh Vangdalem</value>
                </Data>
                <Data name="taluka">
                    <value>Salcete</value>
                </Data>
                <Data name="syno">
                    <value>263</value>
                </Data>
                <Data name="subdiv">
                    <value>9</value>
                </Data>
                <Data name="village">
                    <value>Chinchinim</value>
                </Data>
                <Data name="latitude">
                    <value>15.19904</value>
                </Data>
                <Data name="longitude">
                    <value>73.97551</value>
                </Data>
                <Data name="photo_1">
                    <value>DCIM/20210818173329758.jpg</value>
                </Data>
                <Data name="photo_2">
                    <value>DCIM/20210818173535874.jpg</value>
                </Data>
                <Data name="constituency">
                    <value>35 - Velim</value>
                </Data>
                <Data name="status">
                    <value>Completed</value>
                </Data>
                <Data name="panchayat">
                    <value>Chinchinim-Deussua</value>
                </Data>
                <Data name="wb_type">
                    <value>Pond</value>
                </Data>
                <Data name="owner_type">
                    <value>Communidade</value>
                </Data>
                <Data name="purpose">
                    <value>Storage</value>
                </Data>
                <Data name="construction">
                    <value>Man Made</value>
                </Data>
                <Data name="condition">
                    <value>Needs Maintenance</value>
                </Data>
                <Data name="print_order">
                    <value>020</value>
                </Data>
                <Data name="wb_id">
                    <value>Sc/Chin/11</value>
                </Data>
                <Data name="storage_capacity">
                    <value>1855.0</value>
                </Data>
                <Data name="wb_surface_id">
                    <value>1226</value>
                </Data>
                <Data name="created_at">
                    <value>2020-02-28 15:24:34</value>
                </Data>
                <Data name="updated_at">
                    <value>2023-07-22 14:03:14.307690</value>
                </Data>
                <Data name="book_id">
                    <value>3</value>
                </Data>
                <Data name="owners">
                    <value>Comunidade of Chinchinim</value>
                </Data>
                <Data name="label_x">
                    <value>987639.0</value>
                </Data>
                <Data name="label_y">
                    <value>980329.730834663</value>
                </Data>
            </ExtendedData>
            <Point id="53944">
                <coordinates>73.975505173,15.199041871,0.0</coordinates>
            </Point>
        </Placemark>
        <Placemark id="53977">
            <ExtendedData>
                <Data name="direction">
                    <value>https://maps.google.com?q=15.21596,73.98658&amp;t=h</value>
                </Data>
                <Data name="id">
                    <value>1573</value>
                </Data>
                <Data name="name">
                    <value>Pattiepolank</value>
                </Data>
                <Data name="taluka">
                    <value>Salcete</value>
                </Data>
                <Data name="syno">
                    <value>389</value>
                </Data>
                <Data name="subdiv">
                    <value>10</value>
                </Data>
                <Data name="village">
                    <value>Chinchinim</value>
                </Data>
                <Data name="latitude">
                    <value>15.21596</value>
                </Data>
                <Data name="longitude">
                    <value>73.98658</value>
                </Data>
                <Data name="photo_1">
                    <value>DCIM/20210824155342247.jpg</value>
                </Data>
                <Data name="photo_2">
                    <value>DCIM/20210824155350129.jpg</value>
                </Data>
                <Data name="constituency">
                    <value>35 - Velim</value>
                </Data>
                <Data name="status">
                    <value>Completed</value>
                </Data>
                <Data name="panchayat">
                    <value>Chinchinim-Deussua</value>
                </Data>
                <Data name="wb_type">
                    <value>Pond</value>
                </Data>
                <Data name="owner_type">
                    <value>Private</value>
                </Data>
                <Data name="purpose">
                    <value>Irrigation</value>
                </Data>
                <Data name="construction">
                    <value>Natural</value>
                </Data>
                <Data name="condition">
                    <value>Needs Maintenance</value>
                </Data>
                <Data name="print_order">
                    <value>042</value>
                </Data>
                <Data name="wb_id">
                    <value>Sc/Chin/33</value>
                </Data>
                <Data name="storage_capacity">
                    <value>280.0</value>
                </Data>
                <Data name="wb_surface_id">
                    <value>1425</value>
                </Data>
                <Data name="created_at">
                    <value>2020-02-28 15:24:34</value>
                </Data>
                <Data name="updated_at">
                    <value>2023-07-22 14:03:14.307690</value>
                </Data>
                <Data name="book_id">
                    <value>3</value>
                </Data>
                <Data name="owners">
                    <value>Clementina Morais</value>
                </Data>
                <Data name="label_x">
                    <value>1008339.0</value>
                </Data>
                <Data name="label_y">
                    <value>985721.673307794</value>
                </Data>
            </ExtendedData>
            <Point id="53976">
                <coordinates>73.986583378,15.215957832,0.0</coordinates>
            </Point>
        </Placemark>
        <Placemark id="54009">
            <ExtendedData>
                <Data name="direction">
                    <value>https://maps.google.com?q=15.21647,73.98583&amp;t=h</value>
                </Data>
                <Data name="id">
                    <value>1580</value>
                </Data>
                <Data name="name">
                    <value>--</value>
                </Data>
                <Data name="taluka">
                    <value>Salcete</value>
                </Data>
                <Data name="syno">
                    <value>388</value>
                </Data>
                <Data name="subdiv">
                    <value>22</value>
                </Data>
                <Data name="village">
                    <value>Chinchinim</value>
                </Data>
                <Data name="latitude">
                    <value>15.21647</value>
                </Data>
                <Data name="longitude">
                    <value>73.98583</value>
                </Data>
                <Data name="photo_1">
                    <value>DCIM/20211207092113939.jpg</value>
                </Data>
                <Data name="photo_2">
                    <value>DCIM/20211207092124842.jpg</value>
                </Data>
                <Data name="constituency">
                    <value>35 - Velim</value>
                </Data>
                <Data name="status">
                    <value>Completed</value>
                </Data>
                <Data name="panchayat">
                    <value>Chinchinim-Deussua</value>
                </Data>
                <Data name="wb_type">
                    <value>Pond</value>
                </Data>
                <Data name="owner_type">
                    <value>Private</value>
                </Data>
                <Data name="purpose">
                    <value>Irrigation</value>
                </Data>
                <Data name="construction">
                    <value>Natural</value>
                </Data>
                <Data name="condition">
                    <value>Needs Maintenance</value>
                </Data>
                <Data name="print_order">
                    <value>056</value>
                </Data>
                <Data name="wb_id">
                    <value>Sc/Chin/47</value>
                </Data>
                <Data name="storage_capacity">
                    <value>175.0</value>
                </Data>
                <Data name="wb_surface_id">
                    <value>1426</value>
                </Data>
                <Data name="created_at">
                    <value>2020-02-28 15:24:34</value>
                </Data>
                <Data name="updated_at">
                    <value>2023-07-22 14:03:14.307690</value>
                </Data>
                <Data name="book_id">
                    <value>3</value>
                </Data>
                <Data name="owners">
                    <value>Clementina Morais</value>
                </Data>
                <Data name="label_x">
                    <value>1008339.0</value>
                </Data>
                <Data name="label_y">
                    <value>987471.673307794</value>
                </Data>
            </ExtendedData>
            <Point id="54008">
                <coordinates>73.985830081,15.216470715,0.0</coordinates>
            </Point>
        </Placemark>
        <Placemark id="54041">
            <ExtendedData>
                <Data name="direction">
                    <value>https://maps.google.com?q=15.20867,73.97655&amp;t=h</value>
                </Data>
                <Data name="id">
                    <value>1555</value>
                </Data>
                <Data name="name">
                    <value>Vensale</value>
                </Data>
                <Data name="taluka">
                    <value>Salcete</value>
                </Data>
                <Data name="syno">
                    <value>277</value>
                </Data>
                <Data name="subdiv">
                    <value>1</value>
                </Data>
                <Data name="village">
                    <value>Chinchinim</value>
                </Data>
                <Data name="latitude">
                    <value>15.20867</value>
                </Data>
                <Data name="longitude">
                    <value>73.97655</value>
                </Data>
                <Data name="photo_1">
                    <value>DCIM/20210817184220963.jpg</value>
                </Data>
                <Data name="photo_2">
                    <value>DCIM/20210817184229895.jpg</value>
                </Data>
                <Data name="constituency">
                    <value>35 - Velim</value>
                </Data>
                <Data name="status">
                    <value>Completed</value>
                </Data>
                <Data name="panchayat">
                    <value>Chinchinim-Deussua</value>
                </Data>
                <Data name="wb_type">
                    <value>Tank</value>
                </Data>
                <Data name="owner_type">
                    <value>Private</value>
                </Data>
                <Data name="purpose">
                    <value>Storage</value>
                </Data>
                <Data name="construction">
                    <value>Man Made</value>
                </Data>
                <Data name="condition">
                    <value>Good</value>
                </Data>
                <Data name="print_order">
                    <value>148</value>
                </Data>
                <Data name="wb_id">
                    <value>Sc/Chin/06</value>
                </Data>
                <Data name="storage_capacity">
                    <value>4554.0</value>
                </Data>
                <Data name="wb_surface_id">
                    <value>1405</value>
                </Data>
                <Data name="created_at">
                    <value>2020-02-28 15:24:34</value>
                </Data>
                <Data name="updated_at">
                    <value>2023-07-22 14:03:14.307690</value>
                </Data>
                <Data name="book_id">
                    <value>3</value>
                </Data>
                <Data name="owners">
                    <value>Clube Recreativo e Cultural de Chinchini m</value>
                </Data>
                <Data name="label_x">
                    <value>987639.0</value>
                </Data>
                <Data name="label_y">
                    <value>985579.730834663</value>
                </Data>
            </ExtendedData>
            <Point id="54040">
                <coordinates>73.976550103,15.208674292,0.0</coordinates>
            </Point>
        </Placemark>
        <Placemark id="54073">
            <ExtendedData>
                <Data name="direction">
                    <value>https://maps.google.com?q=15.21754,73.98645&amp;t=h</value>
                </Data>
                <Data name="id">
                    <value>1575</value>
                </Data>
                <Data name="name">
                    <value>--</value>
                </Data>
                <Data name="taluka">
                    <value>Salcete</value>
                </Data>
                <Data name="syno">
                    <value>385</value>
                </Data>
                <Data name="subdiv">
                    <value>3</value>
                </Data>
                <Data name="village">
                    <value>Chinchinim</value>
                </Data>
                <Data name="latitude">
                    <value>15.21754</value>
                </Data>
                <Data name="longitude">
                    <value>73.98645</value>
                </Data>
                <Data name="photo_1">
                    <value>DCIM/20211207092656878.jpg</value>
                </Data>
                <Data name="photo_2">
                    <value>DCIM/20211207092722881.jpg</value>
                </Data>
                <Data name="constituency">
                    <value>35 - Velim</value>
                </Data>
                <Data name="status">
                    <value>Completed</value>
                </Data>
                <Data name="panchayat">
                    <value>Chinchinim-Deussua</value>
                </Data>
                <Data name="wb_type">
                    <value>Pond</value>
                </Data>
                <Data name="owner_type">
                    <value>Private</value>
                </Data>
                <Data name="purpose">
                    <value>Irrigation</value>
                </Data>
                <Data name="construction">
                    <value>Natural</value>
                </Data>
                <Data name="condition">
                    <value>Needs Maintenance</value>
                </Data>
                <Data name="print_order">
                    <value>060</value>
                </Data>
                <Data name="wb_id">
                    <value>Sc/Chin/51</value>
                </Data>
                <Data name="storage_capacity">
                    <value>166.0</value>
                </Data>
                <Data name="wb_surface_id">
                    <value>1432</value>
                </Data>
                <Data name="created_at">
                    <value>2020-02-28 15:24:34</value>
                </Data>
                <Data name="updated_at">
                    <value>2023-07-22 14:03:14.307690</value>
                </Data>
                <Data name="book_id">
                    <value>3</value>
                </Data>
                <Data name="owners">
                    <value>Cristavan Furtado</value>
                </Data>
                <Data name="label_x">
                    <value>1008339.0</value>
                </Data>
                <Data name="label_y">
                    <value>988521.673307794</value>
                </Data>
            </ExtendedData>
            <Point id="54072">
                <coordinates>73.98645115,15.217544564,0.0</coordinates>
            </Point>
        </Placemark>
        <Placemark id="54105">
            <ExtendedData>
                <Data name="direction">
                    <value>https://maps.google.com?q=15.21285,73.98475&amp;t=h</value>
                </Data>
                <Data name="id">
                    <value>1567</value>
                </Data>
                <Data name="name">
                    <value>Padri Chodd</value>
                </Data>
                <Data name="taluka">
                    <value>Salcete</value>
                </Data>
                <Data name="syno">
                    <value>13</value>
                </Data>
                <Data name="subdiv">
                    <value>21</value>
                </Data>
                <Data name="village">
                    <value>Chinchinim</value>
                </Data>
                <Data name="latitude">
                    <value>15.21285</value>
                </Data>
                <Data name="longitude">
                    <value>73.98475</value>
                </Data>
                <Data name="photo_1">
                    <value>DCIM/20210825172442895.jpg</value>
                </Data>
                <Data name="photo_2">
                    <value>DCIM/20210825172449949.jpg</value>
                </Data>
                <Data name="constituency">
                    <value>35 - Velim</value>
                </Data>
                <Data name="status">
                    <value>Completed</value>
                </Data>
                <Data name="panchayat">
                    <value>Chinchinim-Deussua</value>
                </Data>
                <Data name="wb_type">
                    <value>Pond</value>
                </Data>
                <Data name="owner_type">
                    <value>Private</value>
                </Data>
                <Data name="purpose">
                    <value>Irrigation</value>
                </Data>
                <Data name="construction">
                    <value>Natural</value>
                </Data>
                <Data name="condition">
                    <value>Needs Maintenance</value>
                </Data>
                <Data name="print_order">
                    <value>050</value>
                </Data>
                <Data name="wb_id">
                    <value>Sc/Chin/41</value>
                </Data>
                <Data name="storage_capacity">
                    <value>209.0</value>
                </Data>
                <Data name="wb_surface_id">
                    <value>1416</value>
                </Data>
                <Data name="created_at">
                    <value>2020-02-28 15:24:34</value>
                </Data>
                <Data name="updated_at">
                    <value>2023-07-22 14:03:14.307690</value>
                </Data>
                <Data name="book_id">
                    <value>3</value>
                </Data>
                <Data name="owners">
                    <value>Lino Martinho D`cota
Movin Socorro D`costa
Querobino Rodrigues</value>
                </Data>
                <Data name="label_x">
                    <value>1008339.0</value>
                </Data>
                <Data name="label_y">
                    <value>982571.673307794</value>
                </Data>
            </ExtendedData>
            <Point id="54104">
                <coordinates>73.984753571,15.212849356,0.0</coordinates>
            </Point>
        </Placemark>
        <Placemark id="54137">
            <ExtendedData>
                <Data name="direction">
                    <value>https://maps.google.com?q=15.21619,73.98732&amp;t=h</value>
                </Data>
                <Data name="id">
                    <value>3821</value>
                </Data>
                <Data name="name">
                    <value>Pernesukhol</value>
                </Data>
                <Data name="taluka">
                    <value>Salcete</value>
                </Data>
                <Data name="syno">
                    <value>390</value>
                </Data>
                <Data name="subdiv">
                    <value>3</value>
                </Data>
                <Data name="village">
                    <value>Chinchinim</value>
                </Data>
                <Data name="latitude">
                    <value>15.21619</value>
                </Data>
                <Data name="longitude">
                    <value>73.98732</value>
                </Data>
                <Data name="photo_1">
                    <value>DCIM/20210824102527431.jpg</value>
                </Data>
                <Data name="photo_2">
                    <value>DCIM/20210824102820417.jpg</value>
                </Data>
                <Data name="constituency">
                    <value>35 - Velim</value>
                </Data>
                <Data name="status">
                    <value>Completed</value>
                </Data>
                <Data name="panchayat">
                    <value>Chinchinim-Deussua</value>
                </Data>
                <Data name="wb_type">
                    <value>Pond</value>
                </Data>
                <Data name="owner_type">
                    <value>Private</value>
                </Data>
                <Data name="purpose">
                    <value>Irrigation</value>
                </Data>
                <Data name="construction">
                    <value>Natural</value>
                </Data>
                <Data name="condition">
                    <value>Needs Maintenance</value>
                </Data>
                <Data name="print_order">
                    <value>019</value>
                </Data>
                <Data name="wb_id">
                    <value>Sc/Chin/10</value>
                </Data>
                <Data name="storage_capacity">
                    <value>2062.0</value>
                </Data>
                <Data name="wb_surface_id">
                    <value>2533</value>
                </Data>
                <Data name="created_at">
                    <value>2021-08-24 00:00:00</value>
                </Data>
                <Data name="updated_at">
                    <value>2023-07-22 14:03:14.307690</value>
                </Data>
                <Data name="book_id">
                    <value>3</value>
                </Data>
                <Data name="owners">
                    <value>Alisha Almeida
Maria Filomena Almeida
Sarmento Lourencinho Almeida
Sucorina Almeida</value>
                </Data>
                <Data name="label_x">
                    <value>1008339.0</value>
                </Data>
                <Data name="label_y">
                    <value>985371.673307794</value>
                </Data>
            </ExtendedData>
            <Point id="54136">
                <coordinates>73.987315169,15.216186315,0.0</coordinates>
            </Point>
        </Placemark>
        <Placemark id="54169">
            <ExtendedData>
                <Data name="direction">
                    <value>https://maps.google.com?q=15.18773,73.97058&amp;t=h</value>
                </Data>
                <Data name="id">
                    <value>3832</value>
                </Data>
                <Data name="name">
                    <value>Para Agarchi Pedd</value>
                </Data>
                <Data name="taluka">
                    <value>Salcete</value>
                </Data>
                <Data name="syno">
                    <value>186</value>
                </Data>
                <Data name="subdiv">
                    <value>41</value>
                </Data>
                <Data name="village">
                    <value>Chinchinim</value>
                </Data>
                <Data name="latitude">
                    <value>15.18773</value>
                </Data>
                <Data name="longitude">
                    <value>73.97058</value>
                </Data>
                <Data name="photo_1">
                    <value>DCIM/20210825110144500.jpg</value>
                </Data>
                <Data name="photo_2">
                    <value>DCIM/20210825110152721.jpg</value>
                </Data>
                <Data name="constituency">
                    <value>35 - Velim</value>
                </Data>
                <Data name="status">
                    <value>Completed</value>
                </Data>
                <Data name="panchayat">
                    <value>Chinchinim-Deussua</value>
                </Data>
                <Data name="wb_type">
                    <value>Pond</value>
                </Data>
                <Data name="owner_type">
                    <value>Communidade</value>
                </Data>
                <Data name="purpose">
                    <value>Irrigation</value>
                </Data>
                <Data name="construction">
                    <value>Natural</value>
                </Data>
                <Data name="condition">
                    <value>Good</value>
                </Data>
                <Data name="print_order">
                    <value>022</value>
                </Data>
                <Data name="wb_id">
                    <value>Sc/Chin/13</value>
                </Data>
                <Data name="storage_capacity">
                    <value>1380.0</value>
                </Data>
                <Data name="wb_surface_id">
                    <value>2520</value>
                </Data>
                <Data name="created_at">
                    <value>2021-08-25 00:00:00</value>
                </Data>
                <Data name="updated_at">
                    <value>2023-07-22 14:03:14.307690</value>
                </Data>
                <Data name="book_id">
                    <value>3</value>
                </Data>
                <Data name="owners">
                    <value>Communidade Of Chinchinim</value>
                </Data>
                <Data name="label_x">
                    <value>987639.0</value>
                </Data>
                <Data name="label_y">
                    <value>977529.730834663</value>
                </Data>
            </ExtendedData>
            <Point id="54168">
                <coordinates>73.970582881,15.187725682,0.0</coordinates>
            </Point>
        </Placemark>
        <Placemark id="54201">
            <ExtendedData>
                <Data name="direction">
                    <value>https://maps.google.com?q=15.21922,73.99037&amp;t=h</value>
                </Data>
                <Data name="id">
                    <value>1583</value>
                </Data>
                <Data name="name">
                    <value>ashel Chadd</value>
                </Data>
                <Data name="taluka">
                    <value>Salcete</value>
                </Data>
                <Data name="syno">
                    <value>381</value>
                </Data>
                <Data name="subdiv">
                    <value>3</value>
                </Data>
                <Data name="village">
                    <value>Chinchinim</value>
                </Data>
                <Data name="latitude">
                    <value>15.21922</value>
                </Data>
                <Data name="longitude">
                    <value>73.99037</value>
                </Data>
                <Data name="photo_1">
                    <value>DCIM/20211207095929161.jpg</value>
                </Data>
                <Data name="photo_2">
                    <value>DCIM/20211207095951084.jpg</value>
                </Data>
                <Data name="constituency">
                    <value>35 - Velim</value>
                </Data>
                <Data name="status">
                    <value>Completed</value>
                </Data>
                <Data name="panchayat">
                    <value>Chinchinim-Deussua</value>
                </Data>
                <Data name="wb_type">
                    <value>Pond</value>
                </Data>
                <Data name="owner_type">
                    <value>Private</value>
                </Data>
                <Data name="purpose">
                    <value>Irrigation</value>
                </Data>
                <Data name="construction">
                    <value>Natural</value>
                </Data>
                <Data name="condition">
                    <value>Needs Maintenance</value>
                </Data>
                <Data name="print_order">
                    <value>074</value>
                </Data>
                <Data name="wb_id">
                    <value>Sc/Chin/65</value>
                </Data>
                <Data name="storage_capacity">
                    <value>71.0</value>
                </Data>
                <Data name="wb_surface_id">
                    <value>1384</value>
                </Data>
                <Data name="created_at">
                    <value>2020-02-28 15:24:34</value>
                </Data>
                <Data name="updated_at">
                    <value>2023-07-22 14:03:14.307690</value>
                </Data>
                <Data name="book_id">
                    <value>3</value>
                </Data>
                <Data name="owners">
                    <value>Communidade of Chinchinim</value>
                </Data>
                <Data name="label_x">
                    <value>1008339.0</value>
                </Data>
                <Data name="label_y">
                    <value>987821.673307794</value>
                </Data>
            </ExtendedData>
            <Point id="54200">
                <coordinates>73.990369897,15.219215441,0.0</coordinates>
            </Point>
        </Placemark>
        <Placemark id="54233">
            <ExtendedData>
                <Data name="direction">
                    <value>https://maps.google.com?q=15.2159,73.98554&amp;t=h</value>
                </Data>
                <Data name="id">
                    <value>1572</value>
                </Data>
                <Data name="name">
                    <value>Gaudem</value>
                </Data>
                <Data name="taluka">
                    <value>Salcete</value>
                </Data>
                <Data name="syno">
                    <value>440</value>
                </Data>
                <Data name="subdiv">
                    <value>1</value>
                </Data>
                <Data name="village">
                    <value>Chinchinim</value>
                </Data>
                <Data name="latitude">
                    <value>15.2159</value>
                </Data>
                <Data name="longitude">
                    <value>73.98554</value>
                </Data>
                <Data name="photo_1">
                    <value>DCIM/20211207091544478.jpg</value>
                </Data>
                <Data name="photo_2">
                    <value>DCIM/20211207091606813.jpg</value>
                </Data>
                <Data name="constituency">
                    <value>35 - Velim</value>
                </Data>
                <Data name="status">
                    <value>Completed</value>
                </Data>
                <Data name="panchayat">
                    <value>Chinchinim-Deussua</value>
                </Data>
                <Data name="wb_type">
                    <value>Pond</value>
                </Data>
                <Data name="owner_type">
                    <value>Private</value>
                </Data>
                <Data name="purpose">
                    <value>Irrigation</value>
                </Data>
                <Data name="construction">
                    <value>Natural</value>
                </Data>
                <Data name="condition">
                    <value>Needs Maintenance</value>
                </Data>
                <Data name="print_order">
                    <value>048</value>
                </Data>
                <Data name="wb_id">
                    <value>Sc/Chin/39</value>
                </Data>
                <Data name="storage_capacity">
                    <value>236.0</value>
                </Data>
                <Data name="wb_surface_id">
                    <value>1427</value>
                </Data>
                <Data name="created_at">
                    <value>2020-02-28 15:24:34</value>
                </Data>
                <Data name="updated_at">
                    <value>2023-07-22 14:03:14.307690</value>
                </Data>
                <Data name="book_id">
                    <value>3</value>
                </Data>
                <Data name="owners">
                    <value>Aleixinho D'Sa</value>
                </Data>
                <Data name="label_x">
                    <value>1008339.0</value>
                </Data>
                <Data name="label_y">
                    <value>986071.673307794</value>
                </Data>
            </ExtendedData>
            <Point id="54232">
                <coordinates>73.985541584,15.215901736,0.0</coordinates>
            </Point>
        </Placemark>
        <Placemark id="54265">
            <ExtendedData>
                <Data name="direction">
                    <value>https://maps.google.com?q=15.2168,73.98727&amp;t=h</value>
                </Data>
                <Data name="id">
                    <value>1576</value>
                </Data>
                <Data name="name">
                    <value>Pernesukhol</value>
                </Data>
                <Data name="taluka">
                    <value>Salcete</value>
                </Data>
                <Data name="syno">
                    <value>390</value>
                </Data>
                <Data name="subdiv">
                    <value>2</value>
                </Data>
                <Data name="village">
                    <value>Chinchinim</value>
                </Data>
                <Data name="latitude">
                    <value>15.2168</value>
                </Data>
                <Data name="longitude">
                    <value>73.98727</value>
                </Data>
                <Data name="photo_1">
                    <value>DCIM/20211207094444918.jpg</value>
                </Data>
                <Data name="photo_2">
                    <value>DCIM/20211207094456194.jpg</value>
                </Data>
                <Data name="constituency">
                    <value>35 - Velim</value>
                </Data>
                <Data name="status">
                    <value>Completed</value>
                </Data>
                <Data name="panchayat">
                    <value>Chinchinim-Deussua</value>
                </Data>
                <Data name="wb_type">
                    <value>Pond</value>
                </Data>
                <Data name="owner_type">
                    <value>Private</value>
                </Data>
                <Data name="purpose">
                    <value>Irrigation</value>
                </Data>
                <Data name="construction">
                    <value>Natural</value>
                </Data>
                <Data name="condition">
                    <value>Needs Maintenance</value>
                </Data>
                <Data name="print_order">
                    <value>070</value>
                </Data>
                <Data name="wb_id">
                    <value>Sc/Chin/61</value>
                </Data>
                <Data name="storage_capacity">
                    <value>106.0</value>
                </Data>
                <Data name="wb_surface_id">
                    <value>1428</value>
                </Data>
                <Data name="created_at">
                    <value>2020-02-28 15:24:34</value>
                </Data>
                <Data name="updated_at">
                    <value>2023-07-22 14:03:14.307690</value>
                </Data>
                <Data name="book_id">
                    <value>3</value>
                </Data>
                <Data name="owners">
                    <value>Franky Fernandes</value>
                </Data>
                <Data name="label_x">
                    <value>1008339.0</value>
                </Data>
                <Data name="label_y">
                    <value>986771.673307794</value>
                </Data>
            </ExtendedData>
            <Point id="54264">
                <coordinates>73.987272564,15.216803288,0.0</coordinates>
            </Point>
        </Placemark>
        <Placemark id="54297">
            <ExtendedData>
                <Data name="direction">
                    <value>https://maps.google.com?q=15.21305,73.98555&amp;t=h</value>
                </Data>
                <Data name="id">
                    <value>1566</value>
                </Data>
                <Data name="name">
                    <value>Xelipa</value>
                </Data>
                <Data name="taluka">
                    <value>Salcete</value>
                </Data>
                <Data name="syno">
                    <value>13</value>
                </Data>
                <Data name="subdiv">
                    <value>4</value>
                </Data>
                <Data name="village">
                    <value>Chinchinim</value>
                </Data>
                <Data name="latitude">
                    <value>15.21305</value>
                </Data>
                <Data name="longitude">
                    <value>73.98555</value>
                </Data>
                <Data name="photo_1">
                    <value>DCIM/20210825172702710.jpg</value>
                </Data>
                <Data name="photo_2">
                    <value>DCIM/20210825172713559.jpg</value>
                </Data>
                <Data name="constituency">
                    <value>35 - Velim</value>
                </Data>
                <Data name="status">
                    <value>Completed</value>
                </Data>
                <Data name="panchayat">
                    <value>Chinchinim-Deussua</value>
                </Data>
                <Data name="wb_type">
                    <value>Pond</value>
                </Data>
                <Data name="owner_type">
                    <value>Private / Public</value>
                </Data>
                <Data name="purpose">
                    <value>Irrigation</value>
                </Data>
                <Data name="construction">
                    <value>Natural</value>
                </Data>
                <Data name="condition">
                    <value>Needs Maintenance</value>
                </Data>
                <Data name="print_order">
                    <value>059</value>
                </Data>
                <Data name="wb_id">
                    <value>Sc/Chin/50</value>
                </Data>
                <Data name="storage_capacity">
                    <value>170.0</value>
                </Data>
                <Data name="wb_surface_id">
                    <value>1417</value>
                </Data>
                <Data name="created_at">
                    <value>2020-02-28 15:24:34</value>
                </Data>
                <Data name="updated_at">
                    <value>2023-07-22 14:03:14.307690</value>
                </Data>
                <Data name="book_id">
                    <value>3</value>
                </Data>
                <Data name="owners">
                    <value>Amelia Gomes
Baltazar Gomes
Government of Goa, The Executive Engineer, Work Division XIV, Water Resources Department, Gogal, Margao</value>
                </Data>
                <Data name="label_x">
                    <value>1008339.0</value>
                </Data>
                <Data name="label_y">
                    <value>983271.673307794</value>
                </Data>
            </ExtendedData>
            <Point id="54296">
                <coordinates>73.985545838,15.213046668,0.0</coordinates>
            </Point>
        </Placemark>
        <Placemark id="54329">
            <ExtendedData>
                <Data name="direction">
                    <value>https://maps.google.com?q=15.19804,73.98179&amp;t=h</value>
                </Data>
                <Data name="id">
                    <value>1627</value>
                </Data>
                <Data name="name">
                    <value>Galpa Band.</value>
                </Data>
                <Data name="taluka">
                    <value>Salcete</value>
                </Data>
                <Data name="syno">
                    <value>101</value>
                </Data>
                <Data name="subdiv">
                    <value>23</value>
                </Data>
                <Data name="village">
                    <value>Chinchinim</value>
                </Data>
                <Data name="latitude">
                    <value>15.19804</value>
                </Data>
                <Data name="longitude">
                    <value>73.98179</value>
                </Data>
                <Data name="photo_1">
                    <value>DCIM/20210818171725993.jpg</value>
                </Data>
                <Data name="photo_2">
                    <value>DCIM/20210818171738878.jpg</value>
                </Data>
                <Data name="constituency">
                    <value>35 - Velim</value>
                </Data>
                <Data name="status">
                    <value>Completed</value>
                </Data>
                <Data name="panchayat">
                    <value>Chinchinim-Deussua</value>
                </Data>
                <Data name="wb_type">
                    <value>Pond</value>
                </Data>
                <Data name="owner_type">
                    <value>Communidade</value>
                </Data>
                <Data name="purpose">
                    <value>Irrigation</value>
                </Data>
                <Data name="construction">
                    <value>Natural</value>
                </Data>
                <Data name="condition">
                    <value>Good</value>
                </Data>
                <Data name="print_order">
                    <value>041</value>
                </Data>
                <Data name="wb_id">
                    <value>Sc/Chin/32</value>
                </Data>
                <Data name="storage_capacity">
                    <value>309.0</value>
                </Data>
                <Data name="wb_surface_id">
                    <value>1221</value>
                </Data>
                <Data name="created_at">
                    <value>2020-02-28 15:24:34</value>
                </Data>
                <Data name="updated_at">
                    <value>2023-07-22 14:03:14.307690</value>
                </Data>
                <Data name="book_id">
                    <value>3</value>
                </Data>
                <Data name="owners">
                    <value>Communidade of Chinchinim</value>
                </Data>
                <Data name="label_x">
                    <value>987639.0</value>
                </Data>
                <Data name="label_y">
                    <value>979979.730834663</value>
                </Data>
            </ExtendedData>
            <Point id="54328">
                <coordinates>73.981789123,15.198036977,0.0</coordinates>
            </Point>
        </Placemark>
        <Placemark id="54361">
            <ExtendedData>
                <Data name="direction">
                    <value>https://maps.google.com?q=15.21546,73.98678&amp;t=h</value>
                </Data>
                <Data name="id">
                    <value>1574</value>
                </Data>
                <Data name="name">
                    <value>Pattiepolnk</value>
                </Data>
                <Data name="taluka">
                    <value>Salcete</value>
                </Data>
                <Data name="syno">
                    <value>389</value>
                </Data>
                <Data name="subdiv">
                    <value>4</value>
                </Data>
                <Data name="village">
                    <value>Chinchinim</value>
                </Data>
                <Data name="latitude">
                    <value>15.21546</value>
                </Data>
                <Data name="longitude">
                    <value>73.98678</value>
                </Data>
                <Data name="photo_1">
                    <value>DCIM/20211207090828321.jpg</value>
                </Data>
                <Data name="photo_2">
                    <value>DCIM/20211207090837187.jpg</value>
                </Data>
                <Data name="constituency">
                    <value>35 - Velim</value>
                </Data>
                <Data name="status">
                    <value>Completed</value>
                </Data>
                <Data name="panchayat">
                    <value>Chinchinim-Deussua</value>
                </Data>
                <Data name="wb_type">
                    <value>Pond</value>
                </Data>
                <Data name="owner_type">
                    <value>Private</value>
                </Data>
                <Data name="purpose">
                    <value>Irrigation</value>
                </Data>
                <Data name="construction">
                    <value>Natural</value>
                </Data>
                <Data name="condition">
                    <value>Needs Maintenance</value>
                </Data>
                <Data name="print_order">
                    <value>057</value>
                </Data>
                <Data name="wb_id">
                    <value>Sc/Chin/48</value>
                </Data>
                <Data name="storage_capacity">
                    <value>172.0</value>
                </Data>
                <Data name="wb_surface_id">
                    <value>1424</value>
                </Data>
                <Data name="created_at">
                    <value>2020-02-28 15:24:34</value>
                </Data>
                <Data name="updated_at">
                    <value>2023-07-22 14:03:14.307690</value>
                </Data>
                <Data name="book_id">
                    <value>3</value>
                </Data>
                <Data name="owners">
                    <value>Leoposian Fernandes
Piedade Fernandes</value>
                </Data>
                <Data name="label_x">
                    <value>1008339.0</value>
                </Data>
                <Data name="label_y">
                    <value>985021.673307794</value>
                </Data>
            </ExtendedData>
            <Point id="54360">
                <coordinates>73.986779716,15.215460977,0.0</coordinates>
            </Point>
        </Placemark>
        <Placemark id="54393">
            <ExtendedData>
                <Data name="direction">
                    <value>https://maps.google.com?q=15.21108,73.98709&amp;t=h</value>
                </Data>
                <Data name="id">
                    <value>1631</value>
                </Data>
                <Data name="name">
                    <value>Iria Azott</value>
                </Data>
                <Data name="taluka">
                    <value>Salcete</value>
                </Data>
                <Data name="syno">
                    <value>11</value>
                </Data>
                <Data name="subdiv">
                    <value>3</value>
                </Data>
                <Data name="village">
                    <value>Chinchinim</value>
                </Data>
                <Data name="latitude">
                    <value>15.21108</value>
                </Data>
                <Data name="longitude">
                    <value>73.98709</value>
                </Data>
                <Data name="photo_1">
                    <value>DCIM/20211207103624022.jpg</value>
                </Data>
                <Data name="photo_2">
                    <value>DCIM/20211207103639334.jpg</value>
                </Data>
                <Data name="constituency">
                    <value>35 - Velim</value>
                </Data>
                <Data name="status">
                    <value>Completed</value>
                </Data>
                <Data name="panchayat">
                    <value>Chinchinim-Deussua</value>
                </Data>
                <Data name="wb_type">
                    <value>Pond</value>
                </Data>
                <Data name="owner_type">
                    <value>Communidade</value>
                </Data>
                <Data name="purpose">
                    <value>Irrigation</value>
                </Data>
                <Data name="construction">
                    <value>Natural</value>
                </Data>
                <Data name="condition">
                    <value>Needs Maintenance</value>
                </Data>
                <Data name="print_order">
                    <value>032</value>
                </Data>
                <Data name="wb_id">
                    <value>Sc/Chin/23</value>
                </Data>
                <Data name="storage_capacity">
                    <value>486.0</value>
                </Data>
                <Data name="wb_surface_id">
                    <value>1395</value>
                </Data>
                <Data name="created_at">
                    <value>2020-02-28 15:24:34</value>
                </Data>
                <Data name="updated_at">
                    <value>2023-07-22 14:03:14.307690</value>
                </Data>
                <Data name="book_id">
                    <value>3</value>
                </Data>
                <Data name="owners">
                    <value>Communidade of Chinchinim</value>
                </Data>
                <Data name="label_x">
                    <value>1008339.0</value>
                </Data>
                <Data name="label_y">
                    <value>980471.673307794</value>
                </Data>
            </ExtendedData>
            <Point id="54392">
                <coordinates>73.987086244,15.211075426,0.0</coordinates>
            </Point>
        </Placemark>
        <Placemark id="54425">
            <ExtendedData>
                <Data name="direction">
                    <value>https://maps.google.com?q=15.22464,73.98851&amp;t=h</value>
                </Data>
                <Data name="id">
                    <value>4212</value>
                </Data>
                <Data name="name">
                    <value>Paca</value>
                </Data>
                <Data name="taluka">
                    <value>Salcete</value>
                </Data>
                <Data name="syno">
                    <value>362</value>
                </Data>
                <Data name="subdiv">
                    <value>7</value>
                </Data>
                <Data name="village">
                    <value>Chinchinim</value>
                </Data>
                <Data name="latitude">
                    <value>15.22464</value>
                </Data>
                <Data name="longitude">
                    <value>73.98851</value>
                </Data>
                <Data name="photo_1">
                    <value>DCIM/20211210060024561.jpg</value>
                </Data>
                <Data name="photo_2">
                    <value>DCIM/20211210113039538.jpg</value>
                </Data>
                <Data name="constituency">
                    <value>35 - Velim</value>
                </Data>
                <Data name="status">
                    <value>Completed</value>
                </Data>
                <Data name="panchayat">
                    <value>Chinchinim-Deussua</value>
                </Data>
                <Data name="wb_type">
                    <value>Pond</value>
                </Data>
                <Data name="owner_type">
                    <value>Communidade</value>
                </Data>
                <Data name="purpose">
                    <value>Storage</value>
                </Data>
                <Data name="construction">
                    <value>Natural</value>
                </Data>
                <Data name="condition">
                    <value>Needs Maintenance</value>
                </Data>
                <Data name="print_order">
                    <value>047</value>
                </Data>
                <Data name="wb_id">
                    <value>Sc/Chin/38</value>
                </Data>
                <Data name="storage_capacity">
                    <value>241.0</value>
                </Data>
                <Data name="wb_surface_id">
                    <value>2957</value>
                </Data>
                <Data name="created_at">
                    <value>2021-12-10 00:00:00</value>
                </Data>
                <Data name="updated_at">
                    <value>2023-07-22 14:03:14.307690</value>
                </Data>
                <Data name="book_id">
                    <value>3</value>
                </Data>
                <Data name="owners">
                    <value>Communidade of Chinchinim</value>
                </Data>
                <Data name="label_x">
                    <value>1008339.0</value>
                </Data>
                <Data name="label_y">
                    <value>989221.673307794</value>
                </Data>
            </ExtendedData>
            <Point id="54424">
                <coordinates>73.988510841,15.224643808,0.0</coordinates>
            </Point>
        </Placemark>
        <Placemark id="54457">
            <ExtendedData>
                <Data name="direction">
                    <value>https://maps.google.com?q=15.20921,73.98855&amp;t=h</value>
                </Data>
                <Data name="id">
                    <value>1551</value>
                </Data>
                <Data name="name">
                    <value>Iria Cum Cattem</value>
                </Data>
                <Data name="taluka">
                    <value>Salcete</value>
                </Data>
                <Data name="syno">
                    <value>16</value>
                </Data>
                <Data name="subdiv">
                    <value>15</value>
                </Data>
                <Data name="village">
                    <value>Chinchinim</value>
                </Data>
                <Data name="latitude">
                    <value>15.20921</value>
                </Data>
                <Data name="longitude">
                    <value>73.98855</value>
                </Data>
                <Data name="photo_1">
                    <value>DCIM/20211207101906788.jpg</value>
                </Data>
                <Data name="photo_2">
                    <value>DCIM/20211207101945231.jpg</value>
                </Data>
                <Data name="constituency">
                    <value>35 - Velim</value>
                </Data>
                <Data name="status">
                    <value>Completed</value>
                </Data>
                <Data name="panchayat">
                    <value>Chinchinim-Deussua</value>
                </Data>
                <Data name="wb_type">
                    <value>Pond</value>
                </Data>
                <Data name="owner_type">
                    <value>Communidade</value>
                </Data>
                <Data name="purpose">
                    <value>Irrigation</value>
                </Data>
                <Data name="construction">
                    <value>Natural/Man Made</value>
                </Data>
                <Data name="condition">
                    <value>Needs Maintenance</value>
                </Data>
                <Data name="print_order">
                    <value>024</value>
                </Data>
                <Data name="wb_id">
                    <value>Sc/Chin/15</value>
                </Data>
                <Data name="storage_capacity">
                    <value>839.0</value>
                </Data>
                <Data name="wb_surface_id">
                    <value>1392</value>
                </Data>
                <Data name="created_at">
                    <value>2020-02-28 15:24:34</value>
                </Data>
                <Data name="updated_at">
                    <value>2023-07-22 14:03:14.307690</value>
                </Data>
                <Data name="book_id">
                    <value>3</value>
                </Data>
                <Data name="owners">
                    <value>Communidade of Chinchinim</value>
                </Data>
                <Data name="label_x">
                    <value>1008339.0</value>
                </Data>
                <Data name="label_y">
                    <value>978371.673307794</value>
                </Data>
            </ExtendedData>
            <Point id="54456">
                <coordinates>73.988554772,15.209211216,0.0</coordinates>
            </Point>
        </Placemark>
        <Placemark id="54489">
            <ExtendedData>
                <Data name="direction">
                    <value>https://maps.google.com?q=15.21242,73.98454&amp;t=h</value>
                </Data>
                <Data name="id">
                    <value>1569</value>
                </Data>
                <Data name="name">
                    <value>Papa Agra</value>
                </Data>
                <Data name="taluka">
                    <value>Salcete</value>
                </Data>
                <Data name="syno">
                    <value>7</value>
                </Data>
                <Data name="subdiv">
                    <value>2</value>
                </Data>
                <Data name="village">
                    <value>Chinchinim</value>
                </Data>
                <Data name="latitude">
                    <value>15.21242</value>
                </Data>
                <Data name="longitude">
                    <value>73.98454</value>
                </Data>
                <Data name="photo_1">
                    <value>DCIM/20211207105502592.jpg</value>
                </Data>
                <Data name="photo_2">
                    <value>DCIM/20211207105510497.jpg</value>
                </Data>
                <Data name="constituency">
                    <value>35 - Velim</value>
                </Data>
                <Data name="status">
                    <value>Completed</value>
                </Data>
                <Data name="panchayat">
                    <value>Chinchinim-Deussua</value>
                </Data>
                <Data name="wb_type">
                    <value>Pond</value>
                </Data>
                <Data name="owner_type">
                    <value>Public</value>
                </Data>
                <Data name="purpose">
                    <value>Storage</value>
                </Data>
                <Data name="construction">
                    <value>Natural</value>
                </Data>
                <Data name="condition">
                    <value>Needs Maintenance</value>
                </Data>
                <Data name="print_order">
                    <value>069</value>
                </Data>
                <Data name="wb_id">
                    <value>Sc/Chin/60</value>
                </Data>
                <Data name="storage_capacity">
                    <value>106.0</value>
                </Data>
                <Data name="wb_surface_id">
                    <value>1415</value>
                </Data>
                <Data name="created_at">
                    <value>2020-02-28 15:24:34</value>
                </Data>
                <Data name="updated_at">
                    <value>2023-07-22 14:03:14.307690</value>
                </Data>
                <Data name="book_id">
                    <value>3</value>
                </Data>
                <Data name="owners">
                    <value>Communidade of Chinchinim
Government of Goa, The Executive Engineer, Work Division XIV, Water Resources Department, Gogal, Margao</value>
                </Data>
                <Data name="label_x">
                    <value>1008339.0</value>
                </Data>
                <Data name="label_y">
                    <value>982221.673307794</value>
                </Data>
            </ExtendedData>
            <Point id="54488">
                <coordinates>73.984536574,15.212417417,0.0</coordinates>
            </Point>
        </Placemark>
        <Placemark id="54521">
            <ExtendedData>
                <Data name="direction">
                    <value>https://maps.google.com?q=15.21459,73.98611&amp;t=h</value>
                </Data>
                <Data name="id">
                    <value>1563</value>
                </Data>
                <Data name="name">
                    <value>Suklemercha Potta,Suklemercho Patto</value>
                </Data>
                <Data name="taluka">
                    <value>Salcete</value>
                </Data>
                <Data name="syno">
                    <value>398</value>
                </Data>
                <Data name="subdiv">
                    <value>12,15</value>
                </Data>
                <Data name="village">
                    <value>Chinchinim</value>
                </Data>
                <Data name="latitude">
                    <value>15.21459</value>
                </Data>
                <Data name="longitude">
                    <value>73.98611</value>
                </Data>
                <Data name="photo_1">
                    <value>DCIM/20211207090224077.jpg</value>
                </Data>
                <Data name="photo_2">
                    <value>DCIM/20211207090233168.jpg</value>
                </Data>
                <Data name="constituency">
                    <value>35 - Velim</value>
                </Data>
                <Data name="status">
                    <value>Completed</value>
                </Data>
                <Data name="panchayat">
                    <value>Chinchinim-Deussua</value>
                </Data>
                <Data name="wb_type">
                    <value>Pond</value>
                </Data>
                <Data name="owner_type">
                    <value>Communidade</value>
                </Data>
                <Data name="purpose">
                    <value>Irrigation</value>
                </Data>
                <Data name="construction">
                    <value>Natural</value>
                </Data>
                <Data name="condition">
                    <value>Needs Maintenance</value>
                </Data>
                <Data name="print_order">
                    <value>063</value>
                </Data>
                <Data name="wb_id">
                    <value>Sc/Chin/54</value>
                </Data>
                <Data name="storage_capacity">
                    <value>149.0</value>
                </Data>
                <Data name="wb_surface_id">
                    <value>1423</value>
                </Data>
                <Data name="created_at">
                    <value>2020-02-28 15:24:34</value>
                </Data>
                <Data name="updated_at">
                    <value>2023-07-22 14:03:14.307690</value>
                </Data>
                <Data name="book_id">
                    <value>3</value>
                </Data>
                <Data name="owners">
                    <value>Communidade of Chinchinim</value>
                </Data>
                <Data name="label_x">
                    <value>1008339.0</value>
                </Data>
                <Data name="label_y">
                    <value>984671.673307794</value>
                </Data>
            </ExtendedData>
            <Point id="54520">
                <coordinates>73.986114571,15.214592482,0.0</coordinates>
            </Point>
        </Placemark>
        <Placemark id="54553">
            <ExtendedData>
                <Data name="direction">
                    <value>https://maps.google.com?q=15.21795,73.97672&amp;t=h</value>
                </Data>
                <Data name="id">
                    <value>3835</value>
                </Data>
                <Data name="name">
                    <value>Bamshet</value>
                </Data>
                <Data name="taluka">
                    <value>Salcete</value>
                </Data>
                <Data name="syno">
                    <value>309</value>
                </Data>
                <Data name="subdiv">
                    <value>15</value>
                </Data>
                <Data name="village">
                    <value>Chinchinim</value>
                </Data>
                <Data name="latitude">
                    <value>15.21795</value>
                </Data>
                <Data name="longitude">
                    <value>73.97672</value>
                </Data>
                <Data name="photo_1">
                    <value>DCIM/20210825125838860.jpg</value>
                </Data>
                <Data name="photo_2">
                    <value>DCIM/20210825125846805.jpg</value>
                </Data>
                <Data name="constituency">
                    <value>35 - Velim</value>
                </Data>
                <Data name="status">
                    <value>Completed</value>
                </Data>
                <Data name="panchayat">
                    <value>Chinchinim-Deussua</value>
                </Data>
                <Data name="wb_type">
                    <value>Pond</value>
                </Data>
                <Data name="owner_type">
                    <value>Communidade</value>
                </Data>
                <Data name="purpose">
                    <value>Irrigation</value>
                </Data>
                <Data name="construction">
                    <value>Natural</value>
                </Data>
                <Data name="condition">
                    <value>Needs Maintenance</value>
                </Data>
                <Data name="print_order">
                    <value>030</value>
                </Data>
                <Data name="wb_id">
                    <value>Sc/Chin/21</value>
                </Data>
                <Data name="storage_capacity">
                    <value>552.0</value>
                </Data>
                <Data name="wb_surface_id">
                    <value>2531</value>
                </Data>
                <Data name="created_at">
                    <value>2021-08-25 00:00:00</value>
                </Data>
                <Data name="updated_at">
                    <value>2023-07-22 14:03:14.307690</value>
                </Data>
                <Data name="book_id">
                    <value>3</value>
                </Data>
                <Data name="owners">
                    <value>Communidade of Deussua</value>
                </Data>
                <Data name="label_x">
                    <value>987639.0</value>
                </Data>
                <Data name="label_y">
                    <value>989779.730834663</value>
                </Data>
            </ExtendedData>
            <Point id="54552">
                <coordinates>73.976722406,15.217946265,0.0</coordinates>
            </Point>
        </Placemark>
        <Placemark id="54585">
            <ExtendedData>
                <Data name="direction">
                    <value>https://maps.google.com?q=15.2119,73.98405&amp;t=h</value>
                </Data>
                <Data name="id">
                    <value>3833</value>
                </Data>
                <Data name="name">
                    <value>Korpe Horan Agor</value>
                </Data>
                <Data name="taluka">
                    <value>Salcete</value>
                </Data>
                <Data name="syno">
                    <value>7</value>
                </Data>
                <Data name="subdiv">
                    <value>21</value>
                </Data>
                <Data name="village">
                    <value>Chinchinim</value>
                </Data>
                <Data name="latitude">
                    <value>15.2119</value>
                </Data>
                <Data name="longitude">
                    <value>73.98405</value>
                </Data>
                <Data name="photo_1">
                    <value>DCIM/20210825114533998.jpg</value>
                </Data>
                <Data name="photo_2">
                    <value>DCIM/20210825114541626.jpg</value>
                </Data>
                <Data name="constituency">
                    <value>35 - Velim</value>
                </Data>
                <Data name="status">
                    <value>Completed</value>
                </Data>
                <Data name="panchayat">
                    <value>Chinchinim-Deussua</value>
                </Data>
                <Data name="wb_type">
                    <value>Pond</value>
                </Data>
                <Data name="owner_type">
                    <value>Private / Public</value>
                </Data>
                <Data name="purpose">
                    <value>Irrigation</value>
                </Data>
                <Data name="construction">
                    <value>Natural</value>
                </Data>
                <Data name="condition">
                    <value>Needs Maintenance</value>
                </Data>
                <Data name="print_order">
                    <value>054</value>
                </Data>
                <Data name="wb_id">
                    <value>Sc/Chin/45</value>
                </Data>
                <Data name="storage_capacity">
                    <value>182.0</value>
                </Data>
                <Data name="wb_surface_id">
                    <value>2534</value>
                </Data>
                <Data name="created_at">
                    <value>2021-08-25 00:00:00</value>
                </Data>
                <Data name="updated_at">
                    <value>2023-07-22 14:03:14.307690</value>
                </Data>
                <Data name="book_id">
                    <value>3</value>
                </Data>
                <Data name="owners">
                    <value>Egidio Mendes
Government of Goa, The Executive Engineer, Work Division XIV, Water Resources Department, Gogal, Margao</value>
                </Data>
                <Data name="label_x">
                    <value>1008339.0</value>
                </Data>
                <Data name="label_y">
                    <value>981521.673307794</value>
                </Data>
            </ExtendedData>
            <Point id="54584">
                <coordinates>73.984047757,15.211896942,0.0</coordinates>
            </Point>
        </Placemark>
        <Placemark id="54617">
            <ExtendedData>
                <Data name="direction">
                    <value>https://maps.google.com?q=15.21255,73.97872&amp;t=h</value>
                </Data>
                <Data name="id">
                    <value>1591</value>
                </Data>
                <Data name="name">
                    <value>Kogkholo</value>
                </Data>
                <Data name="taluka">
                    <value>Salcete</value>
                </Data>
                <Data name="syno">
                    <value>439</value>
                </Data>
                <Data name="subdiv">
                    <value>7</value>
                </Data>
                <Data name="village">
                    <value>Chinchinim</value>
                </Data>
                <Data name="latitude">
                    <value>15.21255</value>
                </Data>
                <Data name="longitude">
                    <value>73.97872</value>
                </Data>
                <Data name="photo_1">
                    <value>DCIM/20210817182618658.jpg</value>
                </Data>
                <Data name="photo_2">
                    <value>DCIM/20210817182627093.jpg</value>
                </Data>
                <Data name="constituency">
                    <value>35 - Velim</value>
                </Data>
                <Data name="status">
                    <value>Completed</value>
                </Data>
                <Data name="panchayat">
                    <value>Chinchinim-Deussua</value>
                </Data>
                <Data name="wb_type">
                    <value>Pond</value>
                </Data>
                <Data name="owner_type">
                    <value>Communidade</value>
                </Data>
                <Data name="purpose">
                    <value>Storage</value>
                </Data>
                <Data name="construction">
                    <value>Natural</value>
                </Data>
                <Data name="condition">
                    <value>Needs Maintenance</value>
                </Data>
                <Data name="print_order">
                    <value>076</value>
                </Data>
                <Data name="wb_id">
                    <value>Sc/Chin/67</value>
                </Data>
                <Data name="storage_capacity">
                    <value>42.0</value>
                </Data>
                <Data name="wb_surface_id">
                    <value>1409</value>
                </Data>
                <Data name="created_at">
                    <value>2020-02-28 15:24:34</value>
                </Data>
                <Data name="updated_at">
                    <value>2023-07-22 14:03:14.307690</value>
                </Data>
                <Data name="book_id">
                    <value>3</value>
                </Data>
                <Data name="owners">
                    <value>Chinchinim Communidade</value>
                </Data>
                <Data name="label_x">
                    <value>987639.0</value>
                </Data>
                <Data name="label_y">
                    <value>988029.730834663</value>
                </Data>
            </ExtendedData>
            <Point id="54616">
                <coordinates>73.978717835,15.212547961,0.0</coordinates>
            </Point>
        </Placemark>
        <Placemark id="54649">
            <ExtendedData>
                <Data name="direction">
                    <value>https://maps.google.com?q=15.2129,73.98503&amp;t=h</value>
                </Data>
                <Data name="id">
                    <value>1568</value>
                </Data>
                <Data name="name">
                    <value>Xelipa</value>
                </Data>
                <Data name="taluka">
                    <value>Salcete</value>
                </Data>
                <Data name="syno">
                    <value>13</value>
                </Data>
                <Data name="subdiv">
                    <value>15</value>
                </Data>
                <Data name="village">
                    <value>Chinchinim</value>
                </Data>
                <Data name="latitude">
                    <value>15.2129</value>
                </Data>
                <Data name="longitude">
                    <value>73.98503</value>
                </Data>
                <Data name="photo_1">
                    <value>DCIM/20210825172534786.jpg</value>
                </Data>
                <Data name="photo_2">
                    <value>DCIM/20210825172543571.jpg</value>
                </Data>
                <Data name="constituency">
                    <value>35 - Velim</value>
                </Data>
                <Data name="status">
                    <value>Completed</value>
                </Data>
                <Data name="panchayat">
                    <value>Chinchinim-Deussua</value>
                </Data>
                <Data name="wb_type">
                    <value>Pond</value>
                </Data>
                <Data name="owner_type">
                    <value>Private / Public</value>
                </Data>
                <Data name="purpose">
                    <value>Irrigation</value>
                </Data>
                <Data name="construction">
                    <value>Natural</value>
                </Data>
                <Data name="condition">
                    <value>Needs Maintenance</value>
                </Data>
                <Data name="print_order">
                    <value>062</value>
                </Data>
                <Data name="wb_id">
                    <value>Sc/Chin/53</value>
                </Data>
                <Data name="storage_capacity">
                    <value>158.0</value>
                </Data>
                <Data name="wb_surface_id">
                    <value>1418</value>
                </Data>
                <Data name="created_at">
                    <value>2020-02-28 15:24:34</value>
                </Data>
                <Data name="updated_at">
                    <value>2023-07-22 14:03:14.307690</value>
                </Data>
                <Data name="book_id">
                    <value>3</value>
                </Data>
                <Data name="owners">
                    <value>Government of Goa, The Executive Engineer, Work Division XIV, Water Resources Department, Gogal, Margao
Querobino Rodrigues
Tadeo Condorceto Nuno Rodrigues</value>
                </Data>
                <Data name="label_x">
                    <value>1008339.0</value>
                </Data>
                <Data name="label_y">
                    <value>982921.673307794</value>
                </Data>
            </ExtendedData>
            <Point id="54648">
                <coordinates>73.985032708,15.212902572,0.0</coordinates>
            </Point>
        </Placemark>
        <Placemark id="54681">
            <ExtendedData>
                <Data name="direction">
                    <value>https://maps.google.com?q=15.21381,73.98635&amp;t=h</value>
                </Data>
                <Data name="id">
                    <value>1562</value>
                </Data>
                <Data name="name">
                    <value>Sokli Muecho Patto</value>
                </Data>
                <Data name="taluka">
                    <value>Salcete</value>
                </Data>
                <Data name="syno">
                    <value>410</value>
                </Data>
                <Data name="subdiv">
                    <value>2</value>
                </Data>
                <Data name="village">
                    <value>Chinchinim</value>
                </Data>
                <Data name="latitude">
                    <value>15.21381</value>
                </Data>
                <Data name="longitude">
                    <value>73.98635</value>
                </Data>
                <Data name="photo_1">
                    <value>DCIM/20210824154639459.jpg</value>
                </Data>
                <Data name="photo_2">
                    <value>DCIM/20210824154646455.jpg</value>
                </Data>
                <Data name="constituency">
                    <value>35 - Velim</value>
                </Data>
                <Data name="status">
                    <value>Completed</value>
                </Data>
                <Data name="panchayat">
                    <value>Chinchinim-Deussua</value>
                </Data>
                <Data name="wb_type">
                    <value>Pond</value>
                </Data>
                <Data name="owner_type">
                    <value>Communidade</value>
                </Data>
                <Data name="purpose">
                    <value>Irrigation</value>
                </Data>
                <Data name="construction">
                    <value>Natural</value>
                </Data>
                <Data name="condition">
                    <value>Good</value>
                </Data>
                <Data name="print_order">
                    <value>053</value>
                </Data>
                <Data name="wb_id">
                    <value>Sc/Chin/44</value>
                </Data>
                <Data name="storage_capacity">
                    <value>185.0</value>
                </Data>
                <Data name="wb_surface_id">
                    <value>1419</value>
                </Data>
                <Data name="created_at">
                    <value>2020-02-28 15:24:34</value>
                </Data>
                <Data name="updated_at">
                    <value>2023-07-22 14:03:14.307690</value>
                </Data>
                <Data name="book_id">
                    <value>3</value>
                </Data>
                <Data name="owners">
                    <value>Communidade of Chinchinim</value>
                </Data>
                <Data name="label_x">
                    <value>1008339.0</value>
                </Data>
                <Data name="label_y">
                    <value>983621.673307794</value>
                </Data>
            </ExtendedData>
            <Point id="54680">
                <coordinates>73.986346971,15.213811136,0.0</coordinates>
            </Point>
        </Placemark>
        <Placemark id="54713">
            <ExtendedData>
                <Data name="direction">
                    <value>https://maps.google.com?q=15.21141,73.97179&amp;t=h</value>
                </Data>
                <Data name="id">
                    <value>1559</value>
                </Data>
                <Data name="name">
                    <value>Sanckle Tolem</value>
                </Data>
                <Data name="taluka">
                    <value>Salcete</value>
                </Data>
                <Data name="syno">
                    <value>294</value>
                </Data>
                <Data name="subdiv">
                    <value>2</value>
                </Data>
                <Data name="village">
                    <value>Chinchinim</value>
                </Data>
                <Data name="latitude">
                    <value>15.21141</value>
                </Data>
                <Data name="longitude">
                    <value>73.97179</value>
                </Data>
                <Data name="photo_1">
                    <value>DCIM/20210817184937204.jpg</value>
                </Data>
                <Data name="photo_2">
                    <value>DCIM/20210817185009841.jpg</value>
                </Data>
                <Data name="constituency">
                    <value>35 - Velim</value>
                </Data>
                <Data name="status">
                    <value>Completed</value>
                </Data>
                <Data name="panchayat">
                    <value>Chinchinim-Deussua</value>
                </Data>
                <Data name="wb_type">
                    <value>Tank</value>
                </Data>
                <Data name="owner_type">
                    <value>Communidade</value>
                </Data>
                <Data name="purpose">
                    <value>Irrigation</value>
                </Data>
                <Data name="construction">
                    <value>Natural</value>
                </Data>
                <Data name="condition">
                    <value>Good</value>
                </Data>
                <Data name="print_order">
                    <value>146</value>
                </Data>
                <Data name="wb_id">
                    <value>Sc/Chin/02</value>
                </Data>
                <Data name="storage_capacity">
                    <value>95533.0</value>
                </Data>
                <Data name="wb_surface_id">
                    <value>1439</value>
                </Data>
                <Data name="created_at">
                    <value>2020-02-28 15:24:34</value>
                </Data>
                <Data name="updated_at">
                    <value>2023-07-22 14:03:14.307690</value>
                </Data>
                <Data name="book_id">
                    <value>3</value>
                </Data>
                <Data name="owners">
                    <value>Communidade of Chinchinim</value>
                </Data>
                <Data name="label_x">
                    <value>987639.0</value>
                </Data>
                <Data name="label_y">
                    <value>986629.730834663</value>
                </Data>
            </ExtendedData>
            <Point id="54712">
                <coordinates>73.971785901,15.211406997,0.0</coordinates>
            </Point>
        </Placemark>
        <Placemark id="54745">
            <ExtendedData>
                <Data name="direction">
                    <value>https://maps.google.com?q=15.21394,73.986&amp;t=h</value>
                </Data>
                <Data name="id">
                    <value>1561</value>
                </Data>
                <Data name="name">
                    <value>Sokle Muecho Patto</value>
                </Data>
                <Data name="taluka">
                    <value>Salcete</value>
                </Data>
                <Data name="syno">
                    <value>410</value>
                </Data>
                <Data name="subdiv">
                    <value>30</value>
                </Data>
                <Data name="village">
                    <value>Chinchinim</value>
                </Data>
                <Data name="latitude">
                    <value>15.21394</value>
                </Data>
                <Data name="longitude">
                    <value>73.986</value>
                </Data>
                <Data name="photo_1">
                    <value>DCIM/20210824154100296.jpg</value>
                </Data>
                <Data name="photo_2">
                    <value>DCIM/20210824154113918.jpg</value>
                </Data>
                <Data name="constituency">
                    <value>35 - Velim</value>
                </Data>
                <Data name="status">
                    <value>Completed</value>
                </Data>
                <Data name="panchayat">
                    <value>Chinchinim-Deussua</value>
                </Data>
                <Data name="wb_type">
                    <value>Pond</value>
                </Data>
                <Data name="owner_type">
                    <value>Communidade</value>
                </Data>
                <Data name="purpose">
                    <value>Storage</value>
                </Data>
                <Data name="construction">
                    <value>Natural</value>
                </Data>
                <Data name="condition">
                    <value>Good</value>
                </Data>
                <Data name="print_order">
                    <value>058</value>
                </Data>
                <Data name="wb_id">
                    <value>Sc/Chin/49</value>
                </Data>
                <Data name="storage_capacity">
                    <value>171.0</value>
                </Data>
                <Data name="wb_surface_id">
                    <value>1420</value>
                </Data>
                <Data name="created_at">
                    <value>2020-02-28 15:24:34</value>
                </Data>
                <Data name="updated_at">
                    <value>2023-07-22 14:03:14.307690</value>
                </Data>
                <Data name="book_id">
                    <value>3</value>
                </Data>
                <Data name="owners">
                    <value>Communidade of Chinchinim</value>
                </Data>
                <Data name="label_x">
                    <value>1008339.0</value>
                </Data>
                <Data name="label_y">
                    <value>983971.673307794</value>
                </Data>
            </ExtendedData>
            <Point id="54744">
                <coordinates>73.986003115,15.213937955,0.0</coordinates>
            </Point>
        </Placemark>
        <Placemark id="54777">
            <ExtendedData>
                <Data name="direction">
                    <value>https://maps.google.com?q=15.19776,73.98241&amp;t=h</value>
                </Data>
                <Data name="id">
                    <value>1628</value>
                </Data>
                <Data name="name">
                    <value>Galpa Band.</value>
                </Data>
                <Data name="taluka">
                    <value>Salcete</value>
                </Data>
                <Data name="syno">
                    <value>101</value>
                </Data>
                <Data name="subdiv">
                    <value>26</value>
                </Data>
                <Data name="village">
                    <value>Chinchinim</value>
                </Data>
                <Data name="latitude">
                    <value>15.19776</value>
                </Data>
                <Data name="longitude">
                    <value>73.98241</value>
                </Data>
                <Data name="photo_1">
                    <value>DCIM/20210818171444679.jpg</value>
                </Data>
                <Data name="photo_2">
                    <value>DCIM/20210818171456393.jpg</value>
                </Data>
                <Data name="constituency">
                    <value>35 - Velim</value>
                </Data>
                <Data name="status">
                    <value>Completed</value>
                </Data>
                <Data name="panchayat">
                    <value>Chinchinim-Deussua</value>
                </Data>
                <Data name="wb_type">
                    <value>Pond</value>
                </Data>
                <Data name="owner_type">
                    <value>Communidade</value>
                </Data>
                <Data name="purpose">
                    <value>Irrigation</value>
                </Data>
                <Data name="construction">
                    <value>Natural</value>
                </Data>
                <Data name="condition">
                    <value>Good</value>
                </Data>
                <Data name="print_order">
                    <value>026</value>
                </Data>
                <Data name="wb_id">
                    <value>Sc/Chin/17</value>
                </Data>
                <Data name="storage_capacity">
                    <value>746.0</value>
                </Data>
                <Data name="wb_surface_id">
                    <value>1222</value>
                </Data>
                <Data name="created_at">
                    <value>2020-02-28 15:24:34</value>
                </Data>
                <Data name="updated_at">
                    <value>2023-07-22 14:03:14.307690</value>
                </Data>
                <Data name="book_id">
                    <value>3</value>
                </Data>
                <Data name="owners">
                    <value>Communidade of Chinchinim</value>
                </Data>
                <Data name="label_x">
                    <value>987639.0</value>
                </Data>
                <Data name="label_y">
                    <value>979629.730834663</value>
                </Data>
            </ExtendedData>
            <Point id="54776">
                <coordinates>73.982406186,15.197756494,0.0</coordinates>
            </Point>
        </Placemark>
        <Placemark id="54809">
            <ExtendedData>
                <Data name="direction">
                    <value>https://maps.google.com?q=15.20822,73.97873&amp;t=h</value>
                </Data>
                <Data name="id">
                    <value>3805</value>
                </Data>
                <Data name="name">
                    <value>Fariazoth</value>
                </Data>
                <Data name="taluka">
                    <value>Salcete</value>
                </Data>
                <Data name="syno">
                    <value>45</value>
                </Data>
                <Data name="subdiv">
                    <value>1</value>
                </Data>
                <Data name="village">
                    <value>Chinchinim</value>
                </Data>
                <Data name="latitude">
                    <value>15.20822</value>
                </Data>
                <Data name="longitude">
                    <value>73.97873</value>
                </Data>
                <Data name="photo_1">
                    <value>DCIM/20210818104418108.jpg</value>
                </Data>
                <Data name="photo_2">
                    <value>DCIM/20210818104426163.jpg</value>
                </Data>
                <Data name="constituency">
                    <value>35 - Velim</value>
                </Data>
                <Data name="status">
                    <value>Completed</value>
                </Data>
                <Data name="panchayat">
                    <value>Chinchinim-Deussua</value>
                </Data>
                <Data name="wb_type">
                    <value>Pond</value>
                </Data>
                <Data name="owner_type">
                    <value>Communidade</value>
                </Data>
                <Data name="purpose">
                    <value>Irrigation</value>
                </Data>
                <Data name="construction">
                    <value>Natural</value>
                </Data>
                <Data name="condition">
                    <value>Good</value>
                </Data>
                <Data name="print_order">
                    <value>049</value>
                </Data>
                <Data name="wb_id">
                    <value>Sc/Chin/40</value>
                </Data>
                <Data name="storage_capacity">
                    <value>223.0</value>
                </Data>
                <Data name="wb_surface_id">
                    <value>2535</value>
                </Data>
                <Data name="created_at">
                    <value>2021-08-18 00:00:00</value>
                </Data>
                <Data name="updated_at">
                    <value>2023-07-22 14:03:14.307690</value>
                </Data>
                <Data name="book_id">
                    <value>3</value>
                </Data>
                <Data name="owners">
                    <value>Communidade of Chinchinim</value>
                </Data>
                <Data name="label_x">
                    <value>987639.0</value>
                </Data>
                <Data name="label_y">
                    <value>986979.730834663</value>
                </Data>
            </ExtendedData>
            <Point id="54808">
                <coordinates>73.978726144,15.208224565,0.0</coordinates>
            </Point>
        </Placemark>
        <Placemark id="54841">
            <ExtendedData>
                <Data name="direction">
                    <value>https://maps.google.com?q=15.20937,73.98229&amp;t=h</value>
                </Data>
                <Data name="id">
                    <value>1553</value>
                </Data>
                <Data name="name">
                    <value>Cumar Galle</value>
                </Data>
                <Data name="taluka">
                    <value>Salcete</value>
                </Data>
                <Data name="syno">
                    <value>32</value>
                </Data>
                <Data name="subdiv">
                    <value>37</value>
                </Data>
                <Data name="village">
                    <value>Chinchinim</value>
                </Data>
                <Data name="latitude">
                    <value>15.20937</value>
                </Data>
                <Data name="longitude">
                    <value>73.98229</value>
                </Data>
                <Data name="photo_1">
                    <value>DCIM/20210825165146477.jpg</value>
                </Data>
                <Data name="photo_2">
                    <value>DCIM/20210825165207734.jpg</value>
                </Data>
                <Data name="constituency">
                    <value>35 - Velim</value>
                </Data>
                <Data name="status">
                    <value>Completed</value>
                </Data>
                <Data name="panchayat">
                    <value>Chinchinim-Deussua</value>
                </Data>
                <Data name="wb_type">
                    <value>Pond</value>
                </Data>
                <Data name="owner_type">
                    <value>Communidade</value>
                </Data>
                <Data name="purpose">
                    <value>Irrigation</value>
                </Data>
                <Data name="construction">
                    <value>Natural</value>
                </Data>
                <Data name="condition">
                    <value>Needs Maintenance</value>
                </Data>
                <Data name="print_order">
                    <value>027</value>
                </Data>
                <Data name="wb_id">
                    <value>Sc/Chin/18</value>
                </Data>
                <Data name="storage_capacity">
                    <value>731.0</value>
                </Data>
                <Data name="wb_surface_id">
                    <value>1401</value>
                </Data>
                <Data name="created_at">
                    <value>2020-02-28 15:24:34</value>
                </Data>
                <Data name="updated_at">
                    <value>2023-07-22 14:03:14.307690</value>
                </Data>
                <Data name="book_id">
                    <value>3</value>
                </Data>
                <Data name="owners">
                    <value>Communidade of Chinchinim</value>
                </Data>
                <Data name="label_x">
                    <value>1008339.0</value>
                </Data>
                <Data name="label_y">
                    <value>975571.673307794</value>
                </Data>
            </ExtendedData>
            <Point id="54840">
                <coordinates>73.98229213,15.209373641,0.0</coordinates>
            </Point>
        </Placemark>
        <Placemark id="54873">
            <ExtendedData>
                <Data name="direction">
                    <value>https://maps.google.com?q=15.19344,73.98191&amp;t=h</value>
                </Data>
                <Data name="id">
                    <value>4136</value>
                </Data>
                <Data name="name">
                    <value>Durga Bandh; Hetem</value>
                </Data>
                <Data name="taluka">
                    <value>Salcete</value>
                </Data>
                <Data name="syno">
                    <value>153</value>
                </Data>
                <Data name="subdiv">
                    <value>3</value>
                </Data>
                <Data name="village">
                    <value>Chinchinim</value>
                </Data>
                <Data name="latitude">
                    <value>15.19344</value>
                </Data>
                <Data name="longitude">
                    <value>73.98191</value>
                </Data>
                <Data name="photo_1">
                    <value>DCIM/20211210090317532.jpg</value>
                </Data>
                <Data name="photo_2">
                    <value>DCIM/20211210090408950.jpg</value>
                </Data>
                <Data name="constituency">
                    <value>35 - Velim</value>
                </Data>
                <Data name="status">
                    <value>Completed</value>
                </Data>
                <Data name="panchayat">
                    <value>Chinchinim-Deussua</value>
                </Data>
                <Data name="wb_type">
                    <value>Lake</value>
                </Data>
                <Data name="owner_type">
                    <value>Private</value>
                </Data>
                <Data name="purpose">
                    <value>Irrigation</value>
                </Data>
                <Data name="construction">
                    <value>Natural/Man Made</value>
                </Data>
                <Data name="condition">
                    <value>Needs Maintenance</value>
                </Data>
                <Data name="print_order">
                    <value>002</value>
                </Data>
                <Data name="wb_id">
                    <value>Sc/Chin/01</value>
                </Data>
                <Data name="storage_capacity">
                    <value>96999.0</value>
                </Data>
                <Data name="wb_surface_id">
                    <value>2873</value>
                </Data>
                <Data name="created_at">
                    <value>2021-11-28 02:26:33.991755</value>
                </Data>
                <Data name="updated_at">
                    <value>2023-07-22 14:03:14.307690</value>
                </Data>
                <Data name="book_id">
                    <value>3</value>
                </Data>
                <Data name="owners">
                    <value>Maria Clotilda Pereira
Maria Florinda Pereira</value>
                </Data>
                <Data name="label_x">
                    <value>987639.0</value>
                </Data>
                <Data name="label_y">
                    <value>978579.730834663</value>
                </Data>
            </ExtendedData>
            <Point id="54872">
                <coordinates>73.981907738,15.193436372,0.0</coordinates>
            </Point>
        </Placemark>
        <Placemark id="54905">
            <ExtendedData>
                <Data name="direction">
                    <value>https://maps.google.com?q=15.2101,73.98291&amp;t=h</value>
                </Data>
                <Data name="id">
                    <value>4209</value>
                </Data>
                <Data name="name">
                    <value>Cum Cattem</value>
                </Data>
                <Data name="taluka">
                    <value>Salcete</value>
                </Data>
                <Data name="syno">
                    <value>32</value>
                </Data>
                <Data name="subdiv">
                    <value>18</value>
                </Data>
                <Data name="village">
                    <value>Chinchinim</value>
                </Data>
                <Data name="latitude">
                    <value>15.2101</value>
                </Data>
                <Data name="longitude">
                    <value>73.98291</value>
                </Data>
                <Data name="photo_1">
                    <value>DCIM/20211210102822741.jpg</value>
                </Data>
                <Data name="photo_2">
                    <value>DCIM/20211210102831406.jpg</value>
                </Data>
                <Data name="constituency">
                    <value>35 - Velim</value>
                </Data>
                <Data name="status">
                    <value>Completed</value>
                </Data>
                <Data name="panchayat">
                    <value>Chinchinim-Deussua</value>
                </Data>
                <Data name="wb_type">
                    <value>Pond</value>
                </Data>
                <Data name="owner_type">
                    <value>Communidade</value>
                </Data>
                <Data name="purpose">
                    <value>Storage</value>
                </Data>
                <Data name="construction">
                    <value>Natural</value>
                </Data>
                <Data name="condition">
                    <value>Needs Maintenance</value>
                </Data>
                <Data name="print_order">
                    <value>043</value>
                </Data>
                <Data name="wb_id">
                    <value>Sc/Chin/34</value>
                </Data>
                <Data name="storage_capacity">
                    <value>279.0</value>
                </Data>
                <Data name="wb_surface_id">
                    <value>2936</value>
                </Data>
                <Data name="created_at">
                    <value>2021-12-10 00:00:00</value>
                </Data>
                <Data name="updated_at">
                    <value>2023-07-22 14:03:14.307690</value>
                </Data>
                <Data name="book_id">
                    <value>3</value>
                </Data>
                <Data name="owners">
                    <value>Communidade of Chinchinim</value>
                </Data>
                <Data name="label_x">
                    <value>1008339.0</value>
                </Data>
                <Data name="label_y">
                    <value>976621.673307794</value>
                </Data>
            </ExtendedData>
            <Point id="54904">
                <coordinates>73.982910969,15.210100356,0.0</coordinates>
            </Point>
        </Placemark>
        <Placemark id="54937">
            <ExtendedData>
                <Data name="direction">
                    <value>https://maps.google.com?q=15.21802,73.99079&amp;t=h</value>
                </Data>
                <Data name="id">
                    <value>4198</value>
                </Data>
                <Data name="name">
                    <value>ashel Chadd</value>
                </Data>
                <Data name="taluka">
                    <value>Salcete</value>
                </Data>
                <Data name="syno">
                    <value>392</value>
                </Data>
                <Data name="subdiv">
                    <value>11</value>
                </Data>
                <Data name="village">
                    <value>Chinchinim</value>
                </Data>
                <Data name="latitude">
                    <value>15.21802</value>
                </Data>
                <Data name="longitude">
                    <value>73.99079</value>
                </Data>
                <Data name="photo_1">
                    <value>DCIM/20211207043446831.jpg</value>
                </Data>
                <Data name="photo_2">
                    <value>DCIM/20211207100506236.jpg</value>
                </Data>
                <Data name="constituency">
                    <value>35 - Velim</value>
                </Data>
                <Data name="status">
                    <value>Completed</value>
                </Data>
                <Data name="panchayat">
                    <value>Chinchinim-Deussua</value>
                </Data>
                <Data name="wb_type">
                    <value>Pond</value>
                </Data>
                <Data name="owner_type">
                    <value>Communidade</value>
                </Data>
                <Data name="purpose">
                    <value>Irrigation</value>
                </Data>
                <Data name="construction">
                    <value>Natural</value>
                </Data>
                <Data name="condition">
                    <value>Needs Maintenance</value>
                </Data>
                <Data name="print_order">
                    <value>064</value>
                </Data>
                <Data name="wb_id">
                    <value>Sc/Chin/55</value>
                </Data>
                <Data name="storage_capacity">
                    <value>148.0</value>
                </Data>
                <Data name="wb_surface_id">
                    <value>2919</value>
                </Data>
                <Data name="created_at">
                    <value>2021-12-07 00:00:00</value>
                </Data>
                <Data name="updated_at">
                    <value>2023-07-22 14:03:14.307690</value>
                </Data>
                <Data name="book_id">
                    <value>3</value>
                </Data>
                <Data name="owners">
                    <value>Communidade of Chinchinim</value>
                </Data>
                <Data name="label_x">
                    <value>1008339.0</value>
                </Data>
                <Data name="label_y">
                    <value>986421.673307794</value>
                </Data>
            </ExtendedData>
            <Point id="54936">
                <coordinates>73.990787757,15.218021719,0.0</coordinates>
            </Point>
        </Placemark>
        <Placemark id="54969">
            <ExtendedData>
                <Data name="direction">
                    <value>https://maps.google.com?q=15.20897,73.9865&amp;t=h</value>
                </Data>
                <Data name="id">
                    <value>1550</value>
                </Data>
                <Data name="name">
                    <value>--</value>
                </Data>
                <Data name="taluka">
                    <value>Salcete</value>
                </Data>
                <Data name="syno">
                    <value>28</value>
                </Data>
                <Data name="subdiv">
                    <value>21</value>
                </Data>
                <Data name="village">
                    <value>Chinchinim</value>
                </Data>
                <Data name="latitude">
                    <value>15.20897</value>
                </Data>
                <Data name="longitude">
                    <value>73.9865</value>
                </Data>
                <Data name="photo_1">
                    <value>DCIM/20211207103022690.jpg</value>
                </Data>
                <Data name="photo_2">
                    <value>DCIM/20211207103031489.jpg</value>
                </Data>
                <Data name="constituency">
                    <value>35 - Velim</value>
                </Data>
                <Data name="status">
                    <value>Completed</value>
                </Data>
                <Data name="panchayat">
                    <value>Chinchinim-Deussua</value>
                </Data>
                <Data name="wb_type">
                    <value>Pond</value>
                </Data>
                <Data name="owner_type">
                    <value>Private</value>
                </Data>
                <Data name="purpose">
                    <value>Irrigation</value>
                </Data>
                <Data name="construction">
                    <value>Natural</value>
                </Data>
                <Data name="condition">
                    <value>Needs Maintenance</value>
                </Data>
                <Data name="print_order">
                    <value>036</value>
                </Data>
                <Data name="wb_id">
                    <value>Sc/Chin/27</value>
                </Data>
                <Data name="storage_capacity">
                    <value>423.0</value>
                </Data>
                <Data name="wb_surface_id">
                    <value>1393</value>
                </Data>
                <Data name="created_at">
                    <value>2020-02-28 15:24:34</value>
                </Data>
                <Data name="updated_at">
                    <value>2023-07-22 14:03:14.307690</value>
                </Data>
                <Data name="book_id">
                    <value>3</value>
                </Data>
                <Data name="owners">
                    <value>Ida Furtado</value>
                </Data>
                <Data name="label_x">
                    <value>1008339.0</value>
                </Data>
                <Data name="label_y">
                    <value>977321.673307794</value>
                </Data>
            </ExtendedData>
            <Point id="54968">
                <coordinates>73.98650324,15.208970803,0.0</coordinates>
            </Point>
        </Placemark>
        <Placemark id="55001">
            <ExtendedData>
                <Data name="direction">
                    <value>https://maps.google.com?q=15.21382,73.97761&amp;t=h</value>
                </Data>
                <Data name="id">
                    <value>1589</value>
                </Data>
                <Data name="name">
                    <value>Eria Mangem</value>
                </Data>
                <Data name="taluka">
                    <value>Salcete</value>
                </Data>
                <Data name="syno">
                    <value>436</value>
                </Data>
                <Data name="subdiv">
                    <value>5</value>
                </Data>
                <Data name="village">
                    <value>Chinchinim</value>
                </Data>
                <Data name="latitude">
                    <value>15.21382</value>
                </Data>
                <Data name="longitude">
                    <value>73.97761</value>
                </Data>
                <Data name="photo_1">
                    <value>DCIM/20210817182027308.jpg</value>
                </Data>
                <Data name="photo_2">
                    <value>DCIM/20210817182200906.jpg</value>
                </Data>
                <Data name="constituency">
                    <value>35 - Velim</value>
                </Data>
                <Data name="status">
                    <value>Completed</value>
                </Data>
                <Data name="panchayat">
                    <value>Chinchinim-Deussua</value>
                </Data>
                <Data name="wb_type">
                    <value>Pond</value>
                </Data>
                <Data name="owner_type">
                    <value>Communidade</value>
                </Data>
                <Data name="purpose">
                    <value>Irrigation</value>
                </Data>
                <Data name="construction">
                    <value>Natural</value>
                </Data>
                <Data name="condition">
                    <value>Needs Maintenance</value>
                </Data>
                <Data name="print_order">
                    <value>018</value>
                </Data>
                <Data name="wb_id">
                    <value>Sc/Chin/09</value>
                </Data>
                <Data name="storage_capacity">
                    <value>2331.0</value>
                </Data>
                <Data name="wb_surface_id">
                    <value>1411</value>
                </Data>
                <Data name="created_at">
                    <value>2020-02-28 15:24:34</value>
                </Data>
                <Data name="updated_at">
                    <value>2023-07-22 14:03:14.307690</value>
                </Data>
                <Data name="book_id">
                    <value>3</value>
                </Data>
                <Data name="owners">
                    <value>Chinchinim Communidade</value>
                </Data>
                <Data name="label_x">
                    <value>987639.0</value>
                </Data>
                <Data name="label_y">
                    <value>988379.730834663</value>
                </Data>
            </ExtendedData>
            <Point id="55000">
                <coordinates>73.97761107,15.213824565,0.0</coordinates>
            </Point>
        </Placemark>
        <Placemark id="55033">
            <ExtendedData>
                <Data name="direction">
                    <value>https://maps.google.com?q=15.20486,73.98288&amp;t=h</value>
                </Data>
                <Data name="id">
                    <value>1630</value>
                </Data>
                <Data name="name">
                    <value>Baida Lake; Baide Band Sanesme</value>
                </Data>
                <Data name="taluka">
                    <value>Salcete</value>
                </Data>
                <Data name="syno">
                    <value>55</value>
                </Data>
                <Data name="subdiv">
                    <value>5,7</value>
                </Data>
                <Data name="village">
                    <value>Chinchinim</value>
                </Data>
                <Data name="latitude">
                    <value>15.20486</value>
                </Data>
                <Data name="longitude">
                    <value>73.98288</value>
                </Data>
                <Data name="photo_1">
                    <value>DCIM/20210825164253921.jpg</value>
                </Data>
                <Data name="photo_2">
                    <value>DCIM/20210825164303655.jpg</value>
                </Data>
                <Data name="constituency">
                    <value>35 - Velim</value>
                </Data>
                <Data name="status">
                    <value>Completed</value>
                </Data>
                <Data name="panchayat">
                    <value>Chinchinim-Deussua</value>
                </Data>
                <Data name="wb_type">
                    <value>Lake</value>
                </Data>
                <Data name="owner_type">
                    <value>Private / Public</value>
                </Data>
                <Data name="purpose">
                    <value>Irrigation</value>
                </Data>
                <Data name="construction">
                    <value>Natural/Man Made</value>
                </Data>
                <Data name="condition">
                    <value>Needs Maintenance</value>
                </Data>
                <Data name="print_order">
                    <value>003</value>
                </Data>
                <Data name="wb_id">
                    <value>Sc/Chin/03</value>
                </Data>
                <Data name="storage_capacity">
                    <value>44612.0</value>
                </Data>
                <Data name="wb_surface_id">
                    <value>1390</value>
                </Data>
                <Data name="created_at">
                    <value>2020-02-28 15:24:34</value>
                </Data>
                <Data name="updated_at">
                    <value>2023-07-22 14:03:14.307690</value>
                </Data>
                <Data name="book_id">
                    <value>3</value>
                </Data>
                <Data name="owners">
                    <value>Cristovam A.Furtado
Government of Goa, The Executive Engineer, Works Div. XIV, Water Resources Department, Gogol, Margao, Goa</value>
                </Data>
                <Data name="label_x">
                    <value>987639.0</value>
                </Data>
                <Data name="label_y">
                    <value>982779.730834663</value>
                </Data>
            </ExtendedData>
            <Point id="55032">
                <coordinates>73.982881521,15.204858088,0.0</coordinates>
            </Point>
        </Placemark>
    </Document>
</kml>
