<?xml version="1.0" encoding="UTF-8"?>
<kml xmlns="http://www.opengis.net/kml/2.2" xmlns:gx="http://www.google.com/kml/ext/2.2">
    <Document id="57477">
        <Placemark id="57479">
            <ExtendedData>
                <Data name="direction">
                    <value>https://maps.google.com?q=15.23273,73.98983&amp;t=h</value>
                </Data>
                <Data name="id">
                    <value>1767</value>
                </Data>
                <Data name="name">
                    <value>--</value>
                </Data>
                <Data name="taluka">
                    <value>Salcete</value>
                </Data>
                <Data name="syno">
                    <value>0</value>
                </Data>
                <Data name="subdiv">
                    <value>East of 55</value>
                </Data>
                <Data name="village">
                    <value>Dramapur</value>
                </Data>
                <Data name="latitude">
                    <value>15.23273</value>
                </Data>
                <Data name="longitude">
                    <value>73.98983</value>
                </Data>
                <Data name="photo_1">
                    <value>DCIM/20210824174327169.jpg</value>
                </Data>
                <Data name="photo_2">
                    <value>DCIM/20210824174334455.jpg</value>
                </Data>
                <Data name="constituency">
                    <value>35 - Velim</value>
                </Data>
                <Data name="status">
                    <value>Completed</value>
                </Data>
                <Data name="panchayat">
                    <value>Dramapur</value>
                </Data>
                <Data name="wb_type">
                    <value>Pond</value>
                </Data>
                <Data name="owner_type">
                    <value>Public</value>
                </Data>
                <Data name="purpose">
                    <value>Storage</value>
                </Data>
                <Data name="construction">
                    <value>Natural</value>
                </Data>
                <Data name="condition">
                    <value>Needs Maintenance</value>
                </Data>
                <Data name="print_order">
                    <value>116</value>
                </Data>
                <Data name="wb_id">
                    <value>Sc/Dram/17</value>
                </Data>
                <Data name="storage_capacity">
                    <value>611.0</value>
                </Data>
                <Data name="wb_surface_id">
                    <value>1467</value>
                </Data>
                <Data name="created_at">
                    <value>2020-02-28 15:24:34</value>
                </Data>
                <Data name="updated_at">
                    <value>2023-07-22 14:03:14.307690</value>
                </Data>
                <Data name="book_id">
                    <value>3</value>
                </Data>
                <Data name="owners">
                    <value>Govt. of Goa</value>
                </Data>
                <Data name="label_x">
                    <value>1008339.0</value>
                </Data>
                <Data name="label_y">
                    <value>990971.673307794</value>
                </Data>
            </ExtendedData>
            <Point id="57478">
                <coordinates>73.989828137,15.23272652,0.0</coordinates>
            </Point>
        </Placemark>
        <Placemark id="57511">
            <ExtendedData>
                <Data name="direction">
                    <value>https://maps.google.com?q=15.24182,73.97432&amp;t=h</value>
                </Data>
                <Data name="id">
                    <value>1748</value>
                </Data>
                <Data name="name">
                    <value>Nomos</value>
                </Data>
                <Data name="taluka">
                    <value>Salcete</value>
                </Data>
                <Data name="syno">
                    <value>166</value>
                </Data>
                <Data name="subdiv">
                    <value>60</value>
                </Data>
                <Data name="village">
                    <value>Dramapur</value>
                </Data>
                <Data name="latitude">
                    <value>15.24182</value>
                </Data>
                <Data name="longitude">
                    <value>73.97432</value>
                </Data>
                <Data name="photo_1">
                    <value>DCIM/20211106143856712.jpg</value>
                </Data>
                <Data name="photo_2">
                    <value>DCIM/20211106143906171.jpg</value>
                </Data>
                <Data name="constituency">
                    <value>35 - Velim</value>
                </Data>
                <Data name="status">
                    <value>Completed</value>
                </Data>
                <Data name="panchayat">
                    <value>Dramapur</value>
                </Data>
                <Data name="wb_type">
                    <value>Pond</value>
                </Data>
                <Data name="owner_type">
                    <value>Private</value>
                </Data>
                <Data name="purpose">
                    <value>Storage</value>
                </Data>
                <Data name="construction">
                    <value>Natural</value>
                </Data>
                <Data name="condition">
                    <value>Needs Maintenance</value>
                </Data>
                <Data name="print_order">
                    <value>114</value>
                </Data>
                <Data name="wb_id">
                    <value>Sc/Dram/15</value>
                </Data>
                <Data name="storage_capacity">
                    <value>638.0</value>
                </Data>
                <Data name="wb_surface_id">
                    <value>1514</value>
                </Data>
                <Data name="created_at">
                    <value>2020-02-28 15:24:34</value>
                </Data>
                <Data name="updated_at">
                    <value>2023-07-22 14:03:14.307690</value>
                </Data>
                <Data name="book_id">
                    <value>3</value>
                </Data>
                <Data name="owners">
                    <value>Anjelina Menezes
Constantino Gonsalves
Minino Francisco Gonsalves
Santarito Dias</value>
                </Data>
                <Data name="label_x">
                    <value>987639.0</value>
                </Data>
                <Data name="label_y">
                    <value>997829.730834663</value>
                </Data>
            </ExtendedData>
            <Point id="57510">
                <coordinates>73.974321491,15.241823317,0.0</coordinates>
            </Point>
        </Placemark>
        <Placemark id="57543">
            <ExtendedData>
                <Data name="direction">
                    <value>https://maps.google.com?q=15.23876,73.97393&amp;t=h</value>
                </Data>
                <Data name="id">
                    <value>1751</value>
                </Data>
                <Data name="name">
                    <value>Katolem</value>
                </Data>
                <Data name="taluka">
                    <value>Salcete</value>
                </Data>
                <Data name="syno">
                    <value>149</value>
                </Data>
                <Data name="subdiv">
                    <value>1</value>
                </Data>
                <Data name="village">
                    <value>Dramapur</value>
                </Data>
                <Data name="latitude">
                    <value>15.23876</value>
                </Data>
                <Data name="longitude">
                    <value>73.97393</value>
                </Data>
                <Data name="photo_1">
                    <value>DCIM/20220106110041757.jpg</value>
                </Data>
                <Data name="photo_2">
                    <value>DCIM/20220106110049483.jpg</value>
                </Data>
                <Data name="constituency">
                    <value>35 - Velim</value>
                </Data>
                <Data name="status">
                    <value>Completed</value>
                </Data>
                <Data name="panchayat">
                    <value>Dramapur</value>
                </Data>
                <Data name="wb_type">
                    <value>Pond</value>
                </Data>
                <Data name="owner_type">
                    <value>Communidade</value>
                </Data>
                <Data name="purpose">
                    <value>Irrigation</value>
                </Data>
                <Data name="construction">
                    <value>Natural</value>
                </Data>
                <Data name="condition">
                    <value>Good</value>
                </Data>
                <Data name="print_order">
                    <value>118</value>
                </Data>
                <Data name="wb_id">
                    <value>Sc/Dram/20</value>
                </Data>
                <Data name="storage_capacity">
                    <value>490.0</value>
                </Data>
                <Data name="wb_surface_id">
                    <value>1518</value>
                </Data>
                <Data name="created_at">
                    <value>2020-02-28 15:24:34</value>
                </Data>
                <Data name="updated_at">
                    <value>2023-07-22 14:03:14.307690</value>
                </Data>
                <Data name="book_id">
                    <value>3</value>
                </Data>
                <Data name="owners">
                    <value>Communidade of Dramapur</value>
                </Data>
                <Data name="label_x">
                    <value>987639.0</value>
                </Data>
                <Data name="label_y">
                    <value>995029.730834663</value>
                </Data>
            </ExtendedData>
            <Point id="57542">
                <coordinates>73.973925806,15.238756755,0.0</coordinates>
            </Point>
        </Placemark>
        <Placemark id="57575">
            <ExtendedData>
                <Data name="direction">
                    <value>https://maps.google.com?q=15.23418,73.97901&amp;t=h</value>
                </Data>
                <Data name="id">
                    <value>1758</value>
                </Data>
                <Data name="name">
                    <value>Mollar</value>
                </Data>
                <Data name="taluka">
                    <value>Salcete</value>
                </Data>
                <Data name="syno">
                    <value>116</value>
                </Data>
                <Data name="subdiv">
                    <value>1</value>
                </Data>
                <Data name="village">
                    <value>Dramapur</value>
                </Data>
                <Data name="latitude">
                    <value>15.23418</value>
                </Data>
                <Data name="longitude">
                    <value>73.97901</value>
                </Data>
                <Data name="photo_1">
                    <value>DCIM/20210824182933188.jpg</value>
                </Data>
                <Data name="photo_2">
                    <value>DCIM/20210824182946077.jpg</value>
                </Data>
                <Data name="constituency">
                    <value>35 - Velim</value>
                </Data>
                <Data name="status">
                    <value>Completed</value>
                </Data>
                <Data name="panchayat">
                    <value>Dramapur</value>
                </Data>
                <Data name="wb_type">
                    <value>Pond</value>
                </Data>
                <Data name="owner_type">
                    <value>Communidade</value>
                </Data>
                <Data name="purpose">
                    <value>Storage</value>
                </Data>
                <Data name="construction">
                    <value>Natural</value>
                </Data>
                <Data name="condition">
                    <value>Needs Maintenance</value>
                </Data>
                <Data name="print_order">
                    <value>117</value>
                </Data>
                <Data name="wb_id">
                    <value>Sc/Dram/19</value>
                </Data>
                <Data name="storage_capacity">
                    <value>491.0</value>
                </Data>
                <Data name="wb_surface_id">
                    <value>1505</value>
                </Data>
                <Data name="created_at">
                    <value>2020-02-28 15:24:34</value>
                </Data>
                <Data name="updated_at">
                    <value>2023-07-22 14:03:14.307690</value>
                </Data>
                <Data name="book_id">
                    <value>3</value>
                </Data>
                <Data name="owners">
                    <value>Communidade Of Dramapur</value>
                </Data>
                <Data name="label_x">
                    <value>987639.0</value>
                </Data>
                <Data name="label_y">
                    <value>996779.730834663</value>
                </Data>
            </ExtendedData>
            <Point id="57574">
                <coordinates>73.979014277,15.234177001,0.0</coordinates>
            </Point>
        </Placemark>
        <Placemark id="57607">
            <ExtendedData>
                <Data name="direction">
                    <value>https://maps.google.com?q=15.23548,73.98257&amp;t=h</value>
                </Data>
                <Data name="id">
                    <value>3824</value>
                </Data>
                <Data name="name">
                    <value>Connote</value>
                </Data>
                <Data name="taluka">
                    <value>Salcete</value>
                </Data>
                <Data name="syno">
                    <value>106</value>
                </Data>
                <Data name="subdiv">
                    <value>9</value>
                </Data>
                <Data name="village">
                    <value>Dramapur</value>
                </Data>
                <Data name="latitude">
                    <value>15.23548</value>
                </Data>
                <Data name="longitude">
                    <value>73.98257</value>
                </Data>
                <Data name="photo_1">
                    <value>DCIM/20210824131703331.jpg</value>
                </Data>
                <Data name="photo_2">
                    <value>DCIM/20210824131718548.jpg</value>
                </Data>
                <Data name="constituency">
                    <value>35 - Velim</value>
                </Data>
                <Data name="status">
                    <value>Completed</value>
                </Data>
                <Data name="panchayat">
                    <value>Dramapur</value>
                </Data>
                <Data name="wb_type">
                    <value>Pond</value>
                </Data>
                <Data name="owner_type">
                    <value>Communidade</value>
                </Data>
                <Data name="purpose">
                    <value>Storage</value>
                </Data>
                <Data name="construction">
                    <value>Natural</value>
                </Data>
                <Data name="condition">
                    <value>Needs Maintenance</value>
                </Data>
                <Data name="print_order">
                    <value>127</value>
                </Data>
                <Data name="wb_id">
                    <value>Sc/Dram/29</value>
                </Data>
                <Data name="storage_capacity">
                    <value>82.0</value>
                </Data>
                <Data name="wb_surface_id">
                    <value>2526</value>
                </Data>
                <Data name="created_at">
                    <value>2021-08-24 00:00:00</value>
                </Data>
                <Data name="updated_at">
                    <value>2023-07-22 14:03:14.307690</value>
                </Data>
                <Data name="book_id">
                    <value>3</value>
                </Data>
                <Data name="owners">
                    <value>Communidade Of Dramapur</value>
                </Data>
                <Data name="label_x">
                    <value>987639.0</value>
                </Data>
                <Data name="label_y">
                    <value>1001329.730834663</value>
                </Data>
            </ExtendedData>
            <Point id="57606">
                <coordinates>73.982567276,15.235483759,0.0</coordinates>
            </Point>
        </Placemark>
        <Placemark id="57639">
            <ExtendedData>
                <Data name="direction">
                    <value>https://maps.google.com?q=15.23293,73.97928&amp;t=h</value>
                </Data>
                <Data name="id">
                    <value>1761</value>
                </Data>
                <Data name="name">
                    <value>Morobat</value>
                </Data>
                <Data name="taluka">
                    <value>Salcete</value>
                </Data>
                <Data name="syno">
                    <value>113</value>
                </Data>
                <Data name="subdiv">
                    <value>1</value>
                </Data>
                <Data name="village">
                    <value>Dramapur</value>
                </Data>
                <Data name="latitude">
                    <value>15.23293</value>
                </Data>
                <Data name="longitude">
                    <value>73.97928</value>
                </Data>
                <Data name="photo_1">
                    <value>DCIM/20211221122723589.jpg</value>
                </Data>
                <Data name="photo_2">
                    <value>DCIM/20211221122731760.jpg</value>
                </Data>
                <Data name="constituency">
                    <value>35 - Velim</value>
                </Data>
                <Data name="status">
                    <value>Completed</value>
                </Data>
                <Data name="panchayat">
                    <value>Dramapur</value>
                </Data>
                <Data name="wb_type">
                    <value>Pond</value>
                </Data>
                <Data name="owner_type">
                    <value>Private</value>
                </Data>
                <Data name="purpose">
                    <value>Storage</value>
                </Data>
                <Data name="construction">
                    <value>Natural</value>
                </Data>
                <Data name="condition">
                    <value>Needs Maintenance</value>
                </Data>
                <Data name="print_order">
                    <value>123</value>
                </Data>
                <Data name="wb_id">
                    <value>Sc/Dram/25</value>
                </Data>
                <Data name="storage_capacity">
                    <value>338.0</value>
                </Data>
                <Data name="wb_surface_id">
                    <value>1507</value>
                </Data>
                <Data name="created_at">
                    <value>2020-02-28 15:24:34</value>
                </Data>
                <Data name="updated_at">
                    <value>2023-07-22 14:03:14.307690</value>
                </Data>
                <Data name="book_id">
                    <value>3</value>
                </Data>
                <Data name="owners">
                    <value>Edviges Rodrigues
Floriano Soares
Mariano Rodrigues
Minguel Piedade Vaz</value>
                </Data>
                <Data name="label_x">
                    <value>987639.0</value>
                </Data>
                <Data name="label_y">
                    <value>995379.730834663</value>
                </Data>
            </ExtendedData>
            <Point id="57638">
                <coordinates>73.979276072,15.232931608,0.0</coordinates>
            </Point>
        </Placemark>
        <Placemark id="57671">
            <ExtendedData>
                <Data name="direction">
                    <value>https://maps.google.com?q=15.23076,73.99041&amp;t=h</value>
                </Data>
                <Data name="id">
                    <value>1764</value>
                </Data>
                <Data name="name">
                    <value>Fatradi</value>
                </Data>
                <Data name="taluka">
                    <value>Salcete</value>
                </Data>
                <Data name="syno">
                    <value>49</value>
                </Data>
                <Data name="subdiv">
                    <value>2</value>
                </Data>
                <Data name="village">
                    <value>Dramapur</value>
                </Data>
                <Data name="latitude">
                    <value>15.23076</value>
                </Data>
                <Data name="longitude">
                    <value>73.99041</value>
                </Data>
                <Data name="photo_1">
                    <value>DCIM/20210824173513725.jpg</value>
                </Data>
                <Data name="photo_2">
                    <value>DCIM/20210824173521875.jpg</value>
                </Data>
                <Data name="constituency">
                    <value>35 - Velim</value>
                </Data>
                <Data name="status">
                    <value>Completed</value>
                </Data>
                <Data name="panchayat">
                    <value>Dramapur</value>
                </Data>
                <Data name="wb_type">
                    <value>Pond</value>
                </Data>
                <Data name="owner_type">
                    <value>Communidade</value>
                </Data>
                <Data name="purpose">
                    <value>Irrigation</value>
                </Data>
                <Data name="construction">
                    <value>Natural</value>
                </Data>
                <Data name="condition">
                    <value>Needs Maintenance</value>
                </Data>
                <Data name="print_order">
                    <value>106</value>
                </Data>
                <Data name="wb_id">
                    <value>Sc/Dram/07</value>
                </Data>
                <Data name="storage_capacity">
                    <value>1090.0</value>
                </Data>
                <Data name="wb_surface_id">
                    <value>1464</value>
                </Data>
                <Data name="created_at">
                    <value>2020-02-28 15:24:34</value>
                </Data>
                <Data name="updated_at">
                    <value>2023-07-22 14:03:14.307690</value>
                </Data>
                <Data name="book_id">
                    <value>3</value>
                </Data>
                <Data name="owners">
                    <value>Communidade Of Dramapur</value>
                </Data>
                <Data name="label_x">
                    <value>1008339.0</value>
                </Data>
                <Data name="label_y">
                    <value>990621.673307794</value>
                </Data>
            </ExtendedData>
            <Point id="57670">
                <coordinates>73.990411676,15.230756846,0.0</coordinates>
            </Point>
        </Placemark>
        <Placemark id="57703">
            <ExtendedData>
                <Data name="direction">
                    <value>https://maps.google.com?q=15.23461,73.97433&amp;t=h</value>
                </Data>
                <Data name="id">
                    <value>4221</value>
                </Data>
                <Data name="name">
                    <value>Morti Naikal Shirauto</value>
                </Data>
                <Data name="taluka">
                    <value>Salcete</value>
                </Data>
                <Data name="syno">
                    <value>134</value>
                </Data>
                <Data name="subdiv">
                    <value>8</value>
                </Data>
                <Data name="village">
                    <value>Dramapur</value>
                </Data>
                <Data name="latitude">
                    <value>15.23461</value>
                </Data>
                <Data name="longitude">
                    <value>73.97433</value>
                </Data>
                <Data name="photo_1">
                    <value>DCIM/20211221123813589.jpg</value>
                </Data>
                <Data name="photo_2">
                    <value>DCIM/20211221123753226.jpg</value>
                </Data>
                <Data name="constituency">
                    <value>35 - Velim</value>
                </Data>
                <Data name="status">
                    <value>Completed</value>
                </Data>
                <Data name="panchayat">
                    <value>Dramapur</value>
                </Data>
                <Data name="wb_type">
                    <value>Tank</value>
                </Data>
                <Data name="owner_type">
                    <value>Communidade</value>
                </Data>
                <Data name="purpose">
                    <value>Irrigation</value>
                </Data>
                <Data name="construction">
                    <value>Man Made</value>
                </Data>
                <Data name="condition">
                    <value>Good</value>
                </Data>
                <Data name="print_order">
                    <value>159</value>
                </Data>
                <Data name="wb_id">
                    <value>Sc/Dram/03</value>
                </Data>
                <Data name="storage_capacity">
                    <value>1887.0</value>
                </Data>
                <Data name="wb_surface_id">
                    <value>2949</value>
                </Data>
                <Data name="created_at">
                    <value>2021-12-10 00:00:00</value>
                </Data>
                <Data name="updated_at">
                    <value>2023-07-22 14:03:14.307690</value>
                </Data>
                <Data name="book_id">
                    <value>3</value>
                </Data>
                <Data name="owners">
                    <value>Communidade of Draamapur</value>
                </Data>
                <Data name="label_x">
                    <value>987639.0</value>
                </Data>
                <Data name="label_y">
                    <value>990829.730834663</value>
                </Data>
            </ExtendedData>
            <Point id="57702">
                <coordinates>73.974334155,15.234611814,0.0</coordinates>
            </Point>
        </Placemark>
        <Placemark id="57735">
            <ExtendedData>
                <Data name="direction">
                    <value>https://maps.google.com?q=15.23433,73.97536&amp;t=h</value>
                </Data>
                <Data name="id">
                    <value>4219</value>
                </Data>
                <Data name="name">
                    <value>Gorva Galtem</value>
                </Data>
                <Data name="taluka">
                    <value>Salcete</value>
                </Data>
                <Data name="syno">
                    <value>137</value>
                </Data>
                <Data name="subdiv">
                    <value>39</value>
                </Data>
                <Data name="village">
                    <value>Dramapur</value>
                </Data>
                <Data name="latitude">
                    <value>15.23433</value>
                </Data>
                <Data name="longitude">
                    <value>73.97536</value>
                </Data>
                <Data name="photo_1">
                    <value>DCIM/20211221123202248.jpg</value>
                </Data>
                <Data name="photo_2">
                    <value>DCIM/20211221123218303.jpg</value>
                </Data>
                <Data name="constituency">
                    <value>35 - Velim</value>
                </Data>
                <Data name="status">
                    <value>Completed</value>
                </Data>
                <Data name="panchayat">
                    <value>Dramapur</value>
                </Data>
                <Data name="wb_type">
                    <value>Pond</value>
                </Data>
                <Data name="owner_type">
                    <value>Private</value>
                </Data>
                <Data name="purpose">
                    <value>Storage</value>
                </Data>
                <Data name="construction">
                    <value>Natural</value>
                </Data>
                <Data name="condition">
                    <value>Good</value>
                </Data>
                <Data name="print_order">
                    <value>119</value>
                </Data>
                <Data name="wb_id">
                    <value>Sc/Dram/21</value>
                </Data>
                <Data name="storage_capacity">
                    <value>445.0</value>
                </Data>
                <Data name="wb_surface_id">
                    <value>2950</value>
                </Data>
                <Data name="created_at">
                    <value>2021-12-10 00:00:00</value>
                </Data>
                <Data name="updated_at">
                    <value>2023-07-22 14:03:14.307690</value>
                </Data>
                <Data name="book_id">
                    <value>3</value>
                </Data>
                <Data name="owners">
                    <value>J.P.D.Costa</value>
                </Data>
                <Data name="label_x">
                    <value>987639.0</value>
                </Data>
                <Data name="label_y">
                    <value>991179.730834663</value>
                </Data>
            </ExtendedData>
            <Point id="57734">
                <coordinates>73.975361686,15.234333215,0.0</coordinates>
            </Point>
        </Placemark>
        <Placemark id="57767">
            <ExtendedData>
                <Data name="direction">
                    <value>https://maps.google.com?q=15.23405,73.97485&amp;t=h</value>
                </Data>
                <Data name="id">
                    <value>4248</value>
                </Data>
                <Data name="name">
                    <value>Oudi Galtem</value>
                </Data>
                <Data name="taluka">
                    <value>Salcete</value>
                </Data>
                <Data name="syno">
                    <value>138</value>
                </Data>
                <Data name="subdiv">
                    <value>12</value>
                </Data>
                <Data name="village">
                    <value>Dramapur</value>
                </Data>
                <Data name="latitude">
                    <value>15.23405</value>
                </Data>
                <Data name="longitude">
                    <value>73.97485</value>
                </Data>
                <Data name="photo_1">
                    <value>DCIM/20211221123535579.jpg</value>
                </Data>
                <Data name="photo_2">
                    <value>DCIM/20211221123555936.jpg</value>
                </Data>
                <Data name="constituency">
                    <value>35 - Velim</value>
                </Data>
                <Data name="status">
                    <value>Completed</value>
                </Data>
                <Data name="panchayat">
                    <value>Dramapur</value>
                </Data>
                <Data name="wb_type">
                    <value>Tank</value>
                </Data>
                <Data name="owner_type">
                    <value>Public</value>
                </Data>
                <Data name="purpose">
                    <value>Storage</value>
                </Data>
                <Data name="construction">
                    <value>Man Made</value>
                </Data>
                <Data name="condition">
                    <value>Needs Maintenance</value>
                </Data>
                <Data name="print_order">
                    <value>160</value>
                </Data>
                <Data name="wb_id">
                    <value>Sc/Dram/18</value>
                </Data>
                <Data name="storage_capacity">
                    <value>533.0</value>
                </Data>
                <Data name="wb_surface_id">
                    <value>2964</value>
                </Data>
                <Data name="created_at">
                    <value>2021-12-21 00:00:00</value>
                </Data>
                <Data name="updated_at">
                    <value>2023-07-22 14:03:14.307690</value>
                </Data>
                <Data name="book_id">
                    <value>3</value>
                </Data>
                <Data name="owners">
                    <value>Cristo Rei Tito Mascarenhas
Deudita Lourdina Rodrigues
Meinardo Sergio Messias Mascarenhas</value>
                </Data>
                <Data name="label_x">
                    <value>987639.0</value>
                </Data>
                <Data name="label_y">
                    <value>990479.730834663</value>
                </Data>
            </ExtendedData>
            <Point id="57766">
                <coordinates>73.974846667,15.234045,0.0</coordinates>
            </Point>
        </Placemark>
        <Placemark id="57799">
            <ExtendedData>
                <Data name="direction">
                    <value>https://maps.google.com?q=15.23377,73.98071&amp;t=h</value>
                </Data>
                <Data name="id">
                    <value>1756</value>
                </Data>
                <Data name="name">
                    <value>Batiexet</value>
                </Data>
                <Data name="taluka">
                    <value>Salcete</value>
                </Data>
                <Data name="syno">
                    <value>106</value>
                </Data>
                <Data name="subdiv">
                    <value>69</value>
                </Data>
                <Data name="village">
                    <value>Dramapur</value>
                </Data>
                <Data name="latitude">
                    <value>15.23377</value>
                </Data>
                <Data name="longitude">
                    <value>73.98071</value>
                </Data>
                <Data name="photo_1">
                    <value>DCIM/20210824182246448.jpg</value>
                </Data>
                <Data name="photo_2">
                    <value>DCIM/20210824182255531.jpg</value>
                </Data>
                <Data name="constituency">
                    <value>35 - Velim</value>
                </Data>
                <Data name="status">
                    <value>Completed</value>
                </Data>
                <Data name="panchayat">
                    <value>Dramapur</value>
                </Data>
                <Data name="wb_type">
                    <value>Pond</value>
                </Data>
                <Data name="owner_type">
                    <value>Communidade</value>
                </Data>
                <Data name="purpose">
                    <value>Irrigation</value>
                </Data>
                <Data name="construction">
                    <value>Natural</value>
                </Data>
                <Data name="condition">
                    <value>Needs Maintenance</value>
                </Data>
                <Data name="print_order">
                    <value>107</value>
                </Data>
                <Data name="wb_id">
                    <value>Sc/Dram/08</value>
                </Data>
                <Data name="storage_capacity">
                    <value>842.0</value>
                </Data>
                <Data name="wb_surface_id">
                    <value>1506</value>
                </Data>
                <Data name="created_at">
                    <value>2020-02-28 15:24:34</value>
                </Data>
                <Data name="updated_at">
                    <value>2023-07-22 14:03:14.307690</value>
                </Data>
                <Data name="book_id">
                    <value>3</value>
                </Data>
                <Data name="owners">
                    <value>Communidade Of Dramapur</value>
                </Data>
                <Data name="label_x">
                    <value>987639.0</value>
                </Data>
                <Data name="label_y">
                    <value>999229.730834663</value>
                </Data>
            </ExtendedData>
            <Point id="57798">
                <coordinates>73.980711883,15.233769674,0.0</coordinates>
            </Point>
        </Placemark>
        <Placemark id="57831">
            <ExtendedData>
                <Data name="direction">
                    <value>https://maps.google.com?q=15.23406,73.97732&amp;t=h</value>
                </Data>
                <Data name="id">
                    <value>4220</value>
                </Data>
                <Data name="name">
                    <value>Consri</value>
                </Data>
                <Data name="taluka">
                    <value>Salcete</value>
                </Data>
                <Data name="syno">
                    <value>124</value>
                </Data>
                <Data name="subdiv">
                    <value>11</value>
                </Data>
                <Data name="village">
                    <value>Dramapur</value>
                </Data>
                <Data name="latitude">
                    <value>15.23406</value>
                </Data>
                <Data name="longitude">
                    <value>73.97732</value>
                </Data>
                <Data name="photo_1">
                    <value>DCIM/20220106110450602.jpg</value>
                </Data>
                <Data name="photo_2">
                    <value>DCIM/20220106110459345.jpg</value>
                </Data>
                <Data name="constituency">
                    <value>35 - Velim</value>
                </Data>
                <Data name="status">
                    <value>Completed</value>
                </Data>
                <Data name="panchayat">
                    <value>Dramapur</value>
                </Data>
                <Data name="wb_type">
                    <value>Pond</value>
                </Data>
                <Data name="owner_type">
                    <value>Private</value>
                </Data>
                <Data name="purpose">
                    <value>Storage</value>
                </Data>
                <Data name="construction">
                    <value>Natural</value>
                </Data>
                <Data name="condition">
                    <value>Needs Maintenance</value>
                </Data>
                <Data name="print_order">
                    <value>122</value>
                </Data>
                <Data name="wb_id">
                    <value>Sc/Dram/24</value>
                </Data>
                <Data name="storage_capacity">
                    <value>348.0</value>
                </Data>
                <Data name="wb_surface_id">
                    <value>2933</value>
                </Data>
                <Data name="created_at">
                    <value>2021-12-10 00:00:00</value>
                </Data>
                <Data name="updated_at">
                    <value>2023-07-22 14:03:14.307690</value>
                </Data>
                <Data name="book_id">
                    <value>3</value>
                </Data>
                <Data name="owners">
                    <value>Antoneto Ferrao
Josephina Correio E Dias</value>
                </Data>
                <Data name="label_x">
                    <value>987639.0</value>
                </Data>
                <Data name="label_y">
                    <value>994679.730834663</value>
                </Data>
            </ExtendedData>
            <Point id="57830">
                <coordinates>73.977318115,15.234058844,0.0</coordinates>
            </Point>
        </Placemark>
        <Placemark id="57863">
            <ExtendedData>
                <Data name="direction">
                    <value>https://maps.google.com?q=15.23058,73.98465&amp;t=h</value>
                </Data>
                <Data name="id">
                    <value>1762</value>
                </Data>
                <Data name="name">
                    <value>Dhaktem Vaddem Baman Vaddo and Kamra Vod</value>
                </Data>
                <Data name="taluka">
                    <value>Salcete</value>
                </Data>
                <Data name="syno">
                    <value>86</value>
                </Data>
                <Data name="subdiv">
                    <value>3</value>
                </Data>
                <Data name="village">
                    <value>Dramapur</value>
                </Data>
                <Data name="latitude">
                    <value>15.23058</value>
                </Data>
                <Data name="longitude">
                    <value>73.98465</value>
                </Data>
                <Data name="photo_1">
                    <value>DCIM/20210824175332887.jpg</value>
                </Data>
                <Data name="photo_2">
                    <value>DCIM/20210824175351479.jpg</value>
                </Data>
                <Data name="constituency">
                    <value>35 - Velim</value>
                </Data>
                <Data name="status">
                    <value>Completed</value>
                </Data>
                <Data name="panchayat">
                    <value>Dramapur</value>
                </Data>
                <Data name="wb_type">
                    <value>Pond</value>
                </Data>
                <Data name="owner_type">
                    <value>Communidade</value>
                </Data>
                <Data name="purpose">
                    <value>Irrigation</value>
                </Data>
                <Data name="construction">
                    <value>Natural</value>
                </Data>
                <Data name="condition">
                    <value>Good</value>
                </Data>
                <Data name="print_order">
                    <value>110</value>
                </Data>
                <Data name="wb_id">
                    <value>Sc/Dram/11</value>
                </Data>
                <Data name="storage_capacity">
                    <value>701.0</value>
                </Data>
                <Data name="wb_surface_id">
                    <value>1466</value>
                </Data>
                <Data name="created_at">
                    <value>2020-02-28 15:24:34</value>
                </Data>
                <Data name="updated_at">
                    <value>2023-07-22 14:03:14.307690</value>
                </Data>
                <Data name="book_id">
                    <value>3</value>
                </Data>
                <Data name="owners">
                    <value>Communidade of Dramapur</value>
                </Data>
                <Data name="label_x">
                    <value>987639.0</value>
                </Data>
                <Data name="label_y">
                    <value>1000629.730834663</value>
                </Data>
            </ExtendedData>
            <Point id="57862">
                <coordinates>73.984646593,15.23058294,0.0</coordinates>
            </Point>
        </Placemark>
        <Placemark id="57895">
            <ExtendedData>
                <Data name="direction">
                    <value>https://maps.google.com?q=15.23993,73.97601&amp;t=h</value>
                </Data>
                <Data name="id">
                    <value>4222</value>
                </Data>
                <Data name="name">
                    <value>Xinzata</value>
                </Data>
                <Data name="taluka">
                    <value>Salcete</value>
                </Data>
                <Data name="syno">
                    <value>207</value>
                </Data>
                <Data name="subdiv">
                    <value>9</value>
                </Data>
                <Data name="village">
                    <value>Dramapur</value>
                </Data>
                <Data name="latitude">
                    <value>15.23993</value>
                </Data>
                <Data name="longitude">
                    <value>73.97601</value>
                </Data>
                <Data name="photo_1">
                    <value>DCIM/20211222103815540.jpg</value>
                </Data>
                <Data name="photo_2">
                    <value>DCIM/20211222103823221.jpg</value>
                </Data>
                <Data name="constituency">
                    <value>35 - Velim</value>
                </Data>
                <Data name="status">
                    <value>Completed</value>
                </Data>
                <Data name="panchayat">
                    <value>Dramapur</value>
                </Data>
                <Data name="wb_type">
                    <value>Pond</value>
                </Data>
                <Data name="owner_type">
                    <value>Public</value>
                </Data>
                <Data name="purpose">
                    <value>Storage</value>
                </Data>
                <Data name="construction">
                    <value>Natural</value>
                </Data>
                <Data name="condition">
                    <value>Needs Maintenance</value>
                </Data>
                <Data name="print_order">
                    <value>126</value>
                </Data>
                <Data name="wb_id">
                    <value>Sc/Dram/28</value>
                </Data>
                <Data name="storage_capacity">
                    <value>111.0</value>
                </Data>
                <Data name="wb_surface_id">
                    <value>2960</value>
                </Data>
                <Data name="created_at">
                    <value>2021-12-10 00:00:00</value>
                </Data>
                <Data name="updated_at">
                    <value>2023-07-22 14:03:14.307690</value>
                </Data>
                <Data name="book_id">
                    <value>3</value>
                </Data>
                <Data name="owners">
                    <value>Communidade of Dramapur
Government of India
Government of India, Ministry of Shipping, Road Transport and Highway</value>
                </Data>
                <Data name="label_x">
                    <value>987639.0</value>
                </Data>
                <Data name="label_y">
                    <value>998179.730834663</value>
                </Data>
            </ExtendedData>
            <Point id="57894">
                <coordinates>73.976005492,15.239930645,0.0</coordinates>
            </Point>
        </Placemark>
        <Placemark id="57927">
            <ExtendedData>
                <Data name="direction">
                    <value>https://maps.google.com?q=15.23096,73.98105&amp;t=h</value>
                </Data>
                <Data name="id">
                    <value>1760</value>
                </Data>
                <Data name="name">
                    <value>Nomosh Gorma Pursacho Voll</value>
                </Data>
                <Data name="taluka">
                    <value>Salcete</value>
                </Data>
                <Data name="syno">
                    <value>97</value>
                </Data>
                <Data name="subdiv">
                    <value>2</value>
                </Data>
                <Data name="village">
                    <value>Dramapur</value>
                </Data>
                <Data name="latitude">
                    <value>15.23096</value>
                </Data>
                <Data name="longitude">
                    <value>73.98105</value>
                </Data>
                <Data name="photo_1">
                    <value>DCIM/20211106135107138.jpg</value>
                </Data>
                <Data name="photo_2">
                    <value>DCIM/20211106135119020.jpg</value>
                </Data>
                <Data name="constituency">
                    <value>35 - Velim</value>
                </Data>
                <Data name="status">
                    <value>Completed</value>
                </Data>
                <Data name="panchayat">
                    <value>Dramapur</value>
                </Data>
                <Data name="wb_type">
                    <value>Pond</value>
                </Data>
                <Data name="owner_type">
                    <value>Communidade</value>
                </Data>
                <Data name="purpose">
                    <value>Irrigation</value>
                </Data>
                <Data name="construction">
                    <value>Natural</value>
                </Data>
                <Data name="condition">
                    <value>Needs Maintenance</value>
                </Data>
                <Data name="print_order">
                    <value>124</value>
                </Data>
                <Data name="wb_id">
                    <value>Sc/Dram/26</value>
                </Data>
                <Data name="storage_capacity">
                    <value>314.0</value>
                </Data>
                <Data name="wb_surface_id">
                    <value>1520</value>
                </Data>
                <Data name="created_at">
                    <value>2020-02-28 15:24:34</value>
                </Data>
                <Data name="updated_at">
                    <value>2023-07-22 14:03:14.307690</value>
                </Data>
                <Data name="book_id">
                    <value>3</value>
                </Data>
                <Data name="owners">
                    <value>Comunidade of Dramapur</value>
                </Data>
                <Data name="label_x">
                    <value>987639.0</value>
                </Data>
                <Data name="label_y">
                    <value>995729.730834663</value>
                </Data>
            </ExtendedData>
            <Point id="57926">
                <coordinates>73.981050555,15.230961611,0.0</coordinates>
            </Point>
        </Placemark>
        <Placemark id="57959">
            <ExtendedData>
                <Data name="direction">
                    <value>https://maps.google.com?q=15.23913,73.97699&amp;t=h</value>
                </Data>
                <Data name="id">
                    <value>4223</value>
                </Data>
                <Data name="name">
                    <value>Voll</value>
                </Data>
                <Data name="taluka">
                    <value>Salcete</value>
                </Data>
                <Data name="syno">
                    <value>208</value>
                </Data>
                <Data name="subdiv">
                    <value>5</value>
                </Data>
                <Data name="village">
                    <value>Dramapur</value>
                </Data>
                <Data name="latitude">
                    <value>15.23913</value>
                </Data>
                <Data name="longitude">
                    <value>73.97699</value>
                </Data>
                <Data name="photo_1">
                    <value>DCIM/20220106110241940.jpg</value>
                </Data>
                <Data name="photo_2">
                    <value>DCIM/20220106110248769.jpg</value>
                </Data>
                <Data name="constituency">
                    <value>35 - Velim</value>
                </Data>
                <Data name="status">
                    <value>Completed</value>
                </Data>
                <Data name="panchayat">
                    <value>Dramapur</value>
                </Data>
                <Data name="wb_type">
                    <value>Pond</value>
                </Data>
                <Data name="owner_type">
                    <value>Communidade</value>
                </Data>
                <Data name="purpose">
                    <value>Storage</value>
                </Data>
                <Data name="construction">
                    <value>Natural</value>
                </Data>
                <Data name="condition">
                    <value>Good</value>
                </Data>
                <Data name="print_order">
                    <value>120</value>
                </Data>
                <Data name="wb_id">
                    <value>Sc/Dram/22</value>
                </Data>
                <Data name="storage_capacity">
                    <value>371.0</value>
                </Data>
                <Data name="wb_surface_id">
                    <value>2961</value>
                </Data>
                <Data name="created_at">
                    <value>2021-12-10 00:00:00</value>
                </Data>
                <Data name="updated_at">
                    <value>2023-07-22 14:03:14.307690</value>
                </Data>
                <Data name="book_id">
                    <value>3</value>
                </Data>
                <Data name="owners">
                    <value>Communidade of Dramapur</value>
                </Data>
                <Data name="label_x">
                    <value>987639.0</value>
                </Data>
                <Data name="label_y">
                    <value>998879.730834663</value>
                </Data>
            </ExtendedData>
            <Point id="57958">
                <coordinates>73.976989014,15.23913156,0.0</coordinates>
            </Point>
        </Placemark>
        <Placemark id="57991">
            <ExtendedData>
                <Data name="direction">
                    <value>https://maps.google.com?q=15.232,73.98242&amp;t=h</value>
                </Data>
                <Data name="id">
                    <value>1759</value>
                </Data>
                <Data name="name">
                    <value>Baman Vaddo and Kamra Vod</value>
                </Data>
                <Data name="taluka">
                    <value>Salcete</value>
                </Data>
                <Data name="syno">
                    <value>84</value>
                </Data>
                <Data name="subdiv">
                    <value>6</value>
                </Data>
                <Data name="village">
                    <value>Dramapur</value>
                </Data>
                <Data name="latitude">
                    <value>15.232</value>
                </Data>
                <Data name="longitude">
                    <value>73.98242</value>
                </Data>
                <Data name="photo_1">
                    <value>DCIM/20210824181402168.jpg</value>
                </Data>
                <Data name="photo_2">
                    <value>DCIM/20210824181416370.jpg</value>
                </Data>
                <Data name="constituency">
                    <value>35 - Velim</value>
                </Data>
                <Data name="status">
                    <value>Completed</value>
                </Data>
                <Data name="panchayat">
                    <value>Dramapur</value>
                </Data>
                <Data name="wb_type">
                    <value>Pond</value>
                </Data>
                <Data name="owner_type">
                    <value>Communidade</value>
                </Data>
                <Data name="purpose">
                    <value>Irrigation</value>
                </Data>
                <Data name="construction">
                    <value>Natural</value>
                </Data>
                <Data name="condition">
                    <value>Needs Maintenance</value>
                </Data>
                <Data name="print_order">
                    <value>108</value>
                </Data>
                <Data name="wb_id">
                    <value>Sc/Dram/09</value>
                </Data>
                <Data name="storage_capacity">
                    <value>764.0</value>
                </Data>
                <Data name="wb_surface_id">
                    <value>1468</value>
                </Data>
                <Data name="created_at">
                    <value>2020-02-28 15:24:34</value>
                </Data>
                <Data name="updated_at">
                    <value>2023-07-22 14:03:14.307690</value>
                </Data>
                <Data name="book_id">
                    <value>3</value>
                </Data>
                <Data name="owners">
                    <value>Communidade of Dramapur</value>
                </Data>
                <Data name="label_x">
                    <value>987639.0</value>
                </Data>
                <Data name="label_y">
                    <value>999579.730834663</value>
                </Data>
            </ExtendedData>
            <Point id="57990">
                <coordinates>73.982420783,15.232001631,0.0</coordinates>
            </Point>
        </Placemark>
        <Placemark id="58023">
            <ExtendedData>
                <Data name="direction">
                    <value>https://maps.google.com?q=15.23753,73.97575&amp;t=h</value>
                </Data>
                <Data name="id">
                    <value>1753</value>
                </Data>
                <Data name="name">
                    <value>Premera Talem (Wodan)</value>
                </Data>
                <Data name="taluka">
                    <value>Salcete</value>
                </Data>
                <Data name="syno">
                    <value>141</value>
                </Data>
                <Data name="subdiv">
                    <value>1</value>
                </Data>
                <Data name="village">
                    <value>Dramapur</value>
                </Data>
                <Data name="latitude">
                    <value>15.23753</value>
                </Data>
                <Data name="longitude">
                    <value>73.97575</value>
                </Data>
                <Data name="photo_1">
                    <value>DCIM/20220106110347090.jpg</value>
                </Data>
                <Data name="photo_2">
                    <value>DCIM/20220106110354388.jpg</value>
                </Data>
                <Data name="constituency">
                    <value>35 - Velim</value>
                </Data>
                <Data name="status">
                    <value>Completed</value>
                </Data>
                <Data name="panchayat">
                    <value>Dramapur</value>
                </Data>
                <Data name="wb_type">
                    <value>Tank</value>
                </Data>
                <Data name="owner_type">
                    <value>Private</value>
                </Data>
                <Data name="purpose">
                    <value>Storage</value>
                </Data>
                <Data name="construction">
                    <value>Natural</value>
                </Data>
                <Data name="condition">
                    <value>Needs Maintenance</value>
                </Data>
                <Data name="print_order">
                    <value>157</value>
                </Data>
                <Data name="wb_id">
                    <value>Sc/Dram/01</value>
                </Data>
                <Data name="storage_capacity">
                    <value>7181.0</value>
                </Data>
                <Data name="wb_surface_id">
                    <value>1519</value>
                </Data>
                <Data name="created_at">
                    <value>2020-02-28 15:24:34</value>
                </Data>
                <Data name="updated_at">
                    <value>2023-07-22 14:03:14.307690</value>
                </Data>
                <Data name="book_id">
                    <value>3</value>
                </Data>
                <Data name="owners">
                    <value>M/s. Sapana Real Estate</value>
                </Data>
                <Data name="label_x">
                    <value>987639.0</value>
                </Data>
                <Data name="label_y">
                    <value>996079.730834663</value>
                </Data>
            </ExtendedData>
            <Point id="58022">
                <coordinates>73.975749199,15.237531365,0.0</coordinates>
            </Point>
        </Placemark>
        <Placemark id="58055">
            <ExtendedData>
                <Data name="direction">
                    <value>https://maps.google.com?q=15.23899,73.97219&amp;t=h</value>
                </Data>
                <Data name="id">
                    <value>1749</value>
                </Data>
                <Data name="name">
                    <value>Kosor</value>
                </Data>
                <Data name="taluka">
                    <value>Salcete</value>
                </Data>
                <Data name="syno">
                    <value>158</value>
                </Data>
                <Data name="subdiv">
                    <value>6</value>
                </Data>
                <Data name="village">
                    <value>Dramapur</value>
                </Data>
                <Data name="latitude">
                    <value>15.23899</value>
                </Data>
                <Data name="longitude">
                    <value>73.97219</value>
                </Data>
                <Data name="photo_1">
                    <value>DCIM/20220106105940640.jpg</value>
                </Data>
                <Data name="photo_2">
                    <value>DCIM/20220106105949634.jpg</value>
                </Data>
                <Data name="constituency">
                    <value>35 - Velim</value>
                </Data>
                <Data name="status">
                    <value>Completed</value>
                </Data>
                <Data name="panchayat">
                    <value>Dramapur</value>
                </Data>
                <Data name="wb_type">
                    <value>Pond</value>
                </Data>
                <Data name="owner_type">
                    <value>Communidade</value>
                </Data>
                <Data name="purpose">
                    <value>Irrigation</value>
                </Data>
                <Data name="construction">
                    <value>Natural</value>
                </Data>
                <Data name="condition">
                    <value>Needs Maintenance</value>
                </Data>
                <Data name="print_order">
                    <value>104</value>
                </Data>
                <Data name="wb_id">
                    <value>Sc/Dram/05</value>
                </Data>
                <Data name="storage_capacity">
                    <value>1529.0</value>
                </Data>
                <Data name="wb_surface_id">
                    <value>1516</value>
                </Data>
                <Data name="created_at">
                    <value>2020-02-28 15:24:34</value>
                </Data>
                <Data name="updated_at">
                    <value>2023-07-22 14:03:14.307690</value>
                </Data>
                <Data name="book_id">
                    <value>3</value>
                </Data>
                <Data name="owners">
                    <value>Communidade of Dramapur</value>
                </Data>
                <Data name="label_x">
                    <value>987639.0</value>
                </Data>
                <Data name="label_y">
                    <value>991529.730834663</value>
                </Data>
            </ExtendedData>
            <Point id="58054">
                <coordinates>73.972189895,15.238986508,0.0</coordinates>
            </Point>
        </Placemark>
        <Placemark id="58087">
            <ExtendedData>
                <Data name="direction">
                    <value>https://maps.google.com?q=15.2308,73.99138&amp;t=h</value>
                </Data>
                <Data name="id">
                    <value>1765</value>
                </Data>
                <Data name="name">
                    <value>Fatradi</value>
                </Data>
                <Data name="taluka">
                    <value>Salcete</value>
                </Data>
                <Data name="syno">
                    <value>49</value>
                </Data>
                <Data name="subdiv">
                    <value>3</value>
                </Data>
                <Data name="village">
                    <value>Dramapur</value>
                </Data>
                <Data name="latitude">
                    <value>15.2308</value>
                </Data>
                <Data name="longitude">
                    <value>73.99138</value>
                </Data>
                <Data name="photo_1">
                    <value>DCIM/20210824173147135.jpg</value>
                </Data>
                <Data name="photo_2">
                    <value>DCIM/20210824173156372.jpg</value>
                </Data>
                <Data name="constituency">
                    <value>35 - Velim</value>
                </Data>
                <Data name="status">
                    <value>Completed</value>
                </Data>
                <Data name="panchayat">
                    <value>Dramapur</value>
                </Data>
                <Data name="wb_type">
                    <value>Pond</value>
                </Data>
                <Data name="owner_type">
                    <value>Communidade</value>
                </Data>
                <Data name="purpose">
                    <value>Irrigation</value>
                </Data>
                <Data name="construction">
                    <value>Natural</value>
                </Data>
                <Data name="condition">
                    <value>Needs Maintenance</value>
                </Data>
                <Data name="print_order">
                    <value>113</value>
                </Data>
                <Data name="wb_id">
                    <value>Sc/Dram/14</value>
                </Data>
                <Data name="storage_capacity">
                    <value>641.0</value>
                </Data>
                <Data name="wb_surface_id">
                    <value>1462</value>
                </Data>
                <Data name="created_at">
                    <value>2020-02-28 15:24:34</value>
                </Data>
                <Data name="updated_at">
                    <value>2023-07-22 14:03:14.307690</value>
                </Data>
                <Data name="book_id">
                    <value>3</value>
                </Data>
                <Data name="owners">
                    <value>Communidade Of Dramapur</value>
                </Data>
                <Data name="label_x">
                    <value>1008339.0</value>
                </Data>
                <Data name="label_y">
                    <value>990271.673307794</value>
                </Data>
            </ExtendedData>
            <Point id="58086">
                <coordinates>73.991380315,15.230799855,0.0</coordinates>
            </Point>
        </Placemark>
        <Placemark id="58119">
            <ExtendedData>
                <Data name="direction">
                    <value>https://maps.google.com?q=15.24691,73.97626&amp;t=h</value>
                </Data>
                <Data name="id">
                    <value>1746</value>
                </Data>
                <Data name="name">
                    <value>Madd Bhat</value>
                </Data>
                <Data name="taluka">
                    <value>Salcete</value>
                </Data>
                <Data name="syno">
                    <value>178</value>
                </Data>
                <Data name="subdiv">
                    <value>3</value>
                </Data>
                <Data name="village">
                    <value>Dramapur</value>
                </Data>
                <Data name="latitude">
                    <value>15.24691</value>
                </Data>
                <Data name="longitude">
                    <value>73.97626</value>
                </Data>
                <Data name="photo_1">
                    <value>DCIM/20220106095903037.jpg</value>
                </Data>
                <Data name="photo_2">
                    <value>DCIM/20220106095914722.jpg</value>
                </Data>
                <Data name="constituency">
                    <value>35 - Velim</value>
                </Data>
                <Data name="status">
                    <value>Completed</value>
                </Data>
                <Data name="panchayat">
                    <value>Dramapur</value>
                </Data>
                <Data name="wb_type">
                    <value>Pond</value>
                </Data>
                <Data name="owner_type">
                    <value>Private</value>
                </Data>
                <Data name="purpose">
                    <value>Storage</value>
                </Data>
                <Data name="construction">
                    <value>Natural</value>
                </Data>
                <Data name="condition">
                    <value>Needs Maintenance</value>
                </Data>
                <Data name="print_order">
                    <value>111</value>
                </Data>
                <Data name="wb_id">
                    <value>Sc/Dram/12</value>
                </Data>
                <Data name="storage_capacity">
                    <value>667.0</value>
                </Data>
                <Data name="wb_surface_id">
                    <value>1509</value>
                </Data>
                <Data name="created_at">
                    <value>2020-02-28 15:24:34</value>
                </Data>
                <Data name="updated_at">
                    <value>2023-07-22 14:03:14.307690</value>
                </Data>
                <Data name="book_id">
                    <value>3</value>
                </Data>
                <Data name="owners">
                    <value>ABDUL LATIF ABDUL KHADAR CHOPDAR
Joao Pedro D'Costa
Riyaz Rajesab Mokashi
Smt. Amir Bi Shaik
Smt. Razai Bi  Shaik</value>
                </Data>
                <Data name="label_x">
                    <value>987639.0</value>
                </Data>
                <Data name="label_y">
                    <value>1001679.730834663</value>
                </Data>
            </ExtendedData>
            <Point id="58118">
                <coordinates>73.976261626,15.246912981,0.0</coordinates>
            </Point>
        </Placemark>
        <Placemark id="58151">
            <ExtendedData>
                <Data name="direction">
                    <value>https://maps.google.com?q=15.23739,73.98759&amp;t=h</value>
                </Data>
                <Data name="id">
                    <value>1770</value>
                </Data>
                <Data name="name">
                    <value>--</value>
                </Data>
                <Data name="taluka">
                    <value>Salcete</value>
                </Data>
                <Data name="syno">
                    <value>0</value>
                </Data>
                <Data name="subdiv">
                    <value>West of 6</value>
                </Data>
                <Data name="village">
                    <value>Dramapur</value>
                </Data>
                <Data name="latitude">
                    <value>15.23739</value>
                </Data>
                <Data name="longitude">
                    <value>73.98759</value>
                </Data>
                <Data name="photo_1">
                    <value>DCIM/20211106133656557.jpg</value>
                </Data>
                <Data name="photo_2">
                    <value>DCIM/20211106133724174.jpg</value>
                </Data>
                <Data name="constituency">
                    <value>35 - Velim</value>
                </Data>
                <Data name="status">
                    <value>Completed</value>
                </Data>
                <Data name="panchayat">
                    <value>Dramapur</value>
                </Data>
                <Data name="wb_type">
                    <value>Pond</value>
                </Data>
                <Data name="owner_type">
                    <value>Public</value>
                </Data>
                <Data name="purpose">
                    <value>Storage</value>
                </Data>
                <Data name="construction">
                    <value>Natural</value>
                </Data>
                <Data name="condition">
                    <value>Good</value>
                </Data>
                <Data name="print_order">
                    <value>105</value>
                </Data>
                <Data name="wb_id">
                    <value>Sc/Dram/06</value>
                </Data>
                <Data name="storage_capacity">
                    <value>1279.0</value>
                </Data>
                <Data name="wb_surface_id">
                    <value>1502</value>
                </Data>
                <Data name="created_at">
                    <value>2020-02-28 15:24:34</value>
                </Data>
                <Data name="updated_at">
                    <value>2023-07-22 14:03:14.307690</value>
                </Data>
                <Data name="book_id">
                    <value>3</value>
                </Data>
                <Data name="owners">
                    <value>Govt. of Goa</value>
                </Data>
                <Data name="label_x">
                    <value>1008339.0</value>
                </Data>
                <Data name="label_y">
                    <value>991671.673307794</value>
                </Data>
            </ExtendedData>
            <Point id="58150">
                <coordinates>73.987587856,15.237389924,0.0</coordinates>
            </Point>
        </Placemark>
        <Placemark id="58183">
            <ExtendedData>
                <Data name="direction">
                    <value>https://maps.google.com?q=15.23452,73.9902&amp;t=h</value>
                </Data>
                <Data name="id">
                    <value>1768</value>
                </Data>
                <Data name="name">
                    <value>Rukul</value>
                </Data>
                <Data name="taluka">
                    <value>Salcete</value>
                </Data>
                <Data name="syno">
                    <value>33</value>
                </Data>
                <Data name="subdiv">
                    <value>1</value>
                </Data>
                <Data name="village">
                    <value>Dramapur</value>
                </Data>
                <Data name="latitude">
                    <value>15.23452</value>
                </Data>
                <Data name="longitude">
                    <value>73.9902</value>
                </Data>
                <Data name="photo_1">
                    <value>DCIM/20210824174704158.jpg</value>
                </Data>
                <Data name="photo_2">
                    <value>DCIM/20210824174752553.jpg</value>
                </Data>
                <Data name="constituency">
                    <value>35 - Velim</value>
                </Data>
                <Data name="status">
                    <value>Completed</value>
                </Data>
                <Data name="panchayat">
                    <value>Dramapur</value>
                </Data>
                <Data name="wb_type">
                    <value>Pond</value>
                </Data>
                <Data name="owner_type">
                    <value>Communidade</value>
                </Data>
                <Data name="purpose">
                    <value>Storage</value>
                </Data>
                <Data name="construction">
                    <value>Natural</value>
                </Data>
                <Data name="condition">
                    <value>Needs Maintenance</value>
                </Data>
                <Data name="print_order">
                    <value>121</value>
                </Data>
                <Data name="wb_id">
                    <value>Sc/Dram/23</value>
                </Data>
                <Data name="storage_capacity">
                    <value>353.0</value>
                </Data>
                <Data name="wb_surface_id">
                    <value>1501</value>
                </Data>
                <Data name="created_at">
                    <value>2020-02-28 15:24:34</value>
                </Data>
                <Data name="updated_at">
                    <value>2023-07-22 14:03:14.307690</value>
                </Data>
                <Data name="book_id">
                    <value>3</value>
                </Data>
                <Data name="owners">
                    <value>Communidade of Dramapur</value>
                </Data>
                <Data name="label_x">
                    <value>1008339.0</value>
                </Data>
                <Data name="label_y">
                    <value>991321.673307794</value>
                </Data>
            </ExtendedData>
            <Point id="58182">
                <coordinates>73.990197205,15.234516854,0.0</coordinates>
            </Point>
        </Placemark>
        <Placemark id="58215">
            <ExtendedData>
                <Data name="direction">
                    <value>https://maps.google.com?q=15.23607,73.98191&amp;t=h</value>
                </Data>
                <Data name="id">
                    <value>1755</value>
                </Data>
                <Data name="name">
                    <value>Novor</value>
                </Data>
                <Data name="taluka">
                    <value>Salcete</value>
                </Data>
                <Data name="syno">
                    <value>105</value>
                </Data>
                <Data name="subdiv">
                    <value>7</value>
                </Data>
                <Data name="village">
                    <value>Dramapur</value>
                </Data>
                <Data name="latitude">
                    <value>15.23607</value>
                </Data>
                <Data name="longitude">
                    <value>73.98191</value>
                </Data>
                <Data name="photo_1">
                    <value>DCIM/20211222102320867.jpg</value>
                </Data>
                <Data name="photo_2">
                    <value>DCIM/20211222102348437.jpg</value>
                </Data>
                <Data name="constituency">
                    <value>35 - Velim</value>
                </Data>
                <Data name="status">
                    <value>Completed</value>
                </Data>
                <Data name="panchayat">
                    <value>Dramapur</value>
                </Data>
                <Data name="wb_type">
                    <value>Pond</value>
                </Data>
                <Data name="owner_type">
                    <value>Private</value>
                </Data>
                <Data name="purpose">
                    <value>Irrigation</value>
                </Data>
                <Data name="construction">
                    <value>Natural/Man Made</value>
                </Data>
                <Data name="condition">
                    <value>Needs Maintenance</value>
                </Data>
                <Data name="print_order">
                    <value>112</value>
                </Data>
                <Data name="wb_id">
                    <value>Sc/Dram/13</value>
                </Data>
                <Data name="storage_capacity">
                    <value>641.0</value>
                </Data>
                <Data name="wb_surface_id">
                    <value>1503</value>
                </Data>
                <Data name="created_at">
                    <value>2020-02-28 15:24:34</value>
                </Data>
                <Data name="updated_at">
                    <value>2023-07-22 14:03:14.307690</value>
                </Data>
                <Data name="book_id">
                    <value>3</value>
                </Data>
                <Data name="owners">
                    <value>Natividade Dsa</value>
                </Data>
                <Data name="label_x">
                    <value>987639.0</value>
                </Data>
                <Data name="label_y">
                    <value>1000979.730834663</value>
                </Data>
            </ExtendedData>
            <Point id="58214">
                <coordinates>73.981912714,15.236073139,0.0</coordinates>
            </Point>
        </Placemark>
        <Placemark id="58247">
            <ExtendedData>
                <Data name="direction">
                    <value>https://maps.google.com?q=15.24025,73.97101&amp;t=h</value>
                </Data>
                <Data name="id">
                    <value>1750</value>
                </Data>
                <Data name="name">
                    <value>Satri</value>
                </Data>
                <Data name="taluka">
                    <value>Salcete</value>
                </Data>
                <Data name="syno">
                    <value>160</value>
                </Data>
                <Data name="subdiv">
                    <value>14</value>
                </Data>
                <Data name="village">
                    <value>Dramapur</value>
                </Data>
                <Data name="latitude">
                    <value>15.24025</value>
                </Data>
                <Data name="longitude">
                    <value>73.97101</value>
                </Data>
                <Data name="photo_1">
                    <value>DCIM/20220106105846963.jpg</value>
                </Data>
                <Data name="photo_2">
                    <value>DCIM/20220106105856276.jpg</value>
                </Data>
                <Data name="constituency">
                    <value>35 - Velim</value>
                </Data>
                <Data name="status">
                    <value>Completed</value>
                </Data>
                <Data name="panchayat">
                    <value>Dramapur</value>
                </Data>
                <Data name="wb_type">
                    <value>Pond</value>
                </Data>
                <Data name="owner_type">
                    <value>Communidade</value>
                </Data>
                <Data name="purpose">
                    <value>Storage</value>
                </Data>
                <Data name="construction">
                    <value>Natural</value>
                </Data>
                <Data name="condition">
                    <value>Needs Maintenance</value>
                </Data>
                <Data name="print_order">
                    <value>109</value>
                </Data>
                <Data name="wb_id">
                    <value>Sc/Dram/10</value>
                </Data>
                <Data name="storage_capacity">
                    <value>723.0</value>
                </Data>
                <Data name="wb_surface_id">
                    <value>1515</value>
                </Data>
                <Data name="created_at">
                    <value>2020-02-28 15:24:34</value>
                </Data>
                <Data name="updated_at">
                    <value>2023-07-22 14:03:14.307690</value>
                </Data>
                <Data name="book_id">
                    <value>3</value>
                </Data>
                <Data name="owners">
                    <value>Communidade of Dramapur</value>
                </Data>
                <Data name="label_x">
                    <value>987639.0</value>
                </Data>
                <Data name="label_y">
                    <value>991879.730834663</value>
                </Data>
            </ExtendedData>
            <Point id="58246">
                <coordinates>73.971009221,15.240250149,0.0</coordinates>
            </Point>
        </Placemark>
        <Placemark id="58279">
            <ExtendedData>
                <Data name="direction">
                    <value>https://maps.google.com?q=15.24342,73.9712&amp;t=h</value>
                </Data>
                <Data name="id">
                    <value>1747</value>
                </Data>
                <Data name="name">
                    <value>Fradlem</value>
                </Data>
                <Data name="taluka">
                    <value>Salcete</value>
                </Data>
                <Data name="syno">
                    <value>167</value>
                </Data>
                <Data name="subdiv">
                    <value>2</value>
                </Data>
                <Data name="village">
                    <value>Dramapur</value>
                </Data>
                <Data name="latitude">
                    <value>15.24342</value>
                </Data>
                <Data name="longitude">
                    <value>73.9712</value>
                </Data>
                <Data name="photo_1">
                    <value>DCIM/20210817164516237.jpg</value>
                </Data>
                <Data name="photo_2">
                    <value>DCIM/20210817164524883.jpg</value>
                </Data>
                <Data name="constituency">
                    <value>35 - Velim</value>
                </Data>
                <Data name="status">
                    <value>Completed</value>
                </Data>
                <Data name="panchayat">
                    <value>Dramapur</value>
                </Data>
                <Data name="wb_type">
                    <value>Tank</value>
                </Data>
                <Data name="owner_type">
                    <value>Private</value>
                </Data>
                <Data name="purpose">
                    <value>Storage</value>
                </Data>
                <Data name="construction">
                    <value>Natural</value>
                </Data>
                <Data name="condition">
                    <value>Needs Maintenance</value>
                </Data>
                <Data name="print_order">
                    <value>158</value>
                </Data>
                <Data name="wb_id">
                    <value>Sc/Dram/02</value>
                </Data>
                <Data name="storage_capacity">
                    <value>2601.0</value>
                </Data>
                <Data name="wb_surface_id">
                    <value>1692</value>
                </Data>
                <Data name="created_at">
                    <value>2020-02-28 15:24:34</value>
                </Data>
                <Data name="updated_at">
                    <value>2023-07-22 14:03:14.307690</value>
                </Data>
                <Data name="book_id">
                    <value>3</value>
                </Data>
                <Data name="owners">
                    <value>Aurelio Rodrigues
Cirilo Menino Sebastiao Rodrigues
Jean Catherine Maria D`Souza
Maria Santana Clara Moraes
Vanda Lalita de Perpetua Rodrigues
Veeneeta Elvira Agnes Rodrigues
Vernon Russel Sydney Rodrigues
Vilburn Mario Savio Remedios Rodrigues
Winston Anthony Lawrence Rodrigues</value>
                </Data>
                <Data name="label_x">
                    <value>987639.0</value>
                </Data>
                <Data name="label_y">
                    <value>996429.730834663</value>
                </Data>
            </ExtendedData>
            <Point id="58278">
                <coordinates>73.97119749,15.243415632,0.0</coordinates>
            </Point>
        </Placemark>
        <Placemark id="58311">
            <ExtendedData>
                <Data name="direction">
                    <value>https://maps.google.com?q=15.23909,73.98919&amp;t=h</value>
                </Data>
                <Data name="id">
                    <value>1769</value>
                </Data>
                <Data name="name">
                    <value>Margaticho Hall</value>
                </Data>
                <Data name="taluka">
                    <value>Salcete</value>
                </Data>
                <Data name="syno">
                    <value>8</value>
                </Data>
                <Data name="subdiv">
                    <value>1</value>
                </Data>
                <Data name="village">
                    <value>Dramapur</value>
                </Data>
                <Data name="latitude">
                    <value>15.23909</value>
                </Data>
                <Data name="longitude">
                    <value>73.98919</value>
                </Data>
                <Data name="photo_1">
                    <value>DCIM/20211106134704435.jpg</value>
                </Data>
                <Data name="photo_2">
                    <value>DCIM/20211106134710038.jpg</value>
                </Data>
                <Data name="constituency">
                    <value>35 - Velim</value>
                </Data>
                <Data name="status">
                    <value>Completed</value>
                </Data>
                <Data name="panchayat">
                    <value>Dramapur</value>
                </Data>
                <Data name="wb_type">
                    <value>Pond</value>
                </Data>
                <Data name="owner_type">
                    <value>Communidade</value>
                </Data>
                <Data name="purpose">
                    <value>Irrigation</value>
                </Data>
                <Data name="construction">
                    <value>Natural</value>
                </Data>
                <Data name="condition">
                    <value>Needs Maintenance</value>
                </Data>
                <Data name="print_order">
                    <value>103</value>
                </Data>
                <Data name="wb_id">
                    <value>Sc/Dram/04</value>
                </Data>
                <Data name="storage_capacity">
                    <value>1589.0</value>
                </Data>
                <Data name="wb_surface_id">
                    <value>1724</value>
                </Data>
                <Data name="created_at">
                    <value>2020-02-28 15:24:34</value>
                </Data>
                <Data name="updated_at">
                    <value>2023-07-22 14:03:14.307690</value>
                </Data>
                <Data name="book_id">
                    <value>3</value>
                </Data>
                <Data name="owners">
                    <value>Comunidade</value>
                </Data>
                <Data name="label_x">
                    <value>1008339.0</value>
                </Data>
                <Data name="label_y">
                    <value>992021.673307794</value>
                </Data>
            </ExtendedData>
            <Point id="58310">
                <coordinates>73.989187214,15.239088265,0.0</coordinates>
            </Point>
        </Placemark>
        <Placemark id="58343">
            <ExtendedData>
                <Data name="direction">
                    <value>https://maps.google.com?q=15.23634,73.98044&amp;t=h</value>
                </Data>
                <Data name="id">
                    <value>1754</value>
                </Data>
                <Data name="name">
                    <value>Noran</value>
                </Data>
                <Data name="taluka">
                    <value>Salcete</value>
                </Data>
                <Data name="syno">
                    <value>105</value>
                </Data>
                <Data name="subdiv">
                    <value>11</value>
                </Data>
                <Data name="village">
                    <value>Dramapur</value>
                </Data>
                <Data name="latitude">
                    <value>15.23634</value>
                </Data>
                <Data name="longitude">
                    <value>73.98044</value>
                </Data>
                <Data name="photo_1">
                    <value>DCIM/20210824184201013.jpg</value>
                </Data>
                <Data name="photo_2">
                    <value>DCIM/20210824184208156.jpg</value>
                </Data>
                <Data name="constituency">
                    <value>35 - Velim</value>
                </Data>
                <Data name="status">
                    <value>Completed</value>
                </Data>
                <Data name="panchayat">
                    <value>Dramapur</value>
                </Data>
                <Data name="wb_type">
                    <value>Pond</value>
                </Data>
                <Data name="owner_type">
                    <value>Private</value>
                </Data>
                <Data name="purpose">
                    <value>Irrigation</value>
                </Data>
                <Data name="construction">
                    <value>Natural</value>
                </Data>
                <Data name="condition">
                    <value>Needs Maintenance</value>
                </Data>
                <Data name="print_order">
                    <value>115</value>
                </Data>
                <Data name="wb_id">
                    <value>Sc/Dram/16</value>
                </Data>
                <Data name="storage_capacity">
                    <value>629.0</value>
                </Data>
                <Data name="wb_surface_id">
                    <value>1504</value>
                </Data>
                <Data name="created_at">
                    <value>2020-02-28 15:24:34</value>
                </Data>
                <Data name="updated_at">
                    <value>2023-07-22 14:03:14.307690</value>
                </Data>
                <Data name="book_id">
                    <value>3</value>
                </Data>
                <Data name="owners">
                    <value>Frank Mario Rodrigues</value>
                </Data>
                <Data name="label_x">
                    <value>987639.0</value>
                </Data>
                <Data name="label_y">
                    <value>1000279.730834663</value>
                </Data>
            </ExtendedData>
            <Point id="58342">
                <coordinates>73.980439186,15.236338673,0.0</coordinates>
            </Point>
        </Placemark>
        <Placemark id="58375">
            <ExtendedData>
                <Data name="direction">
                    <value>https://maps.google.com?q=15.24666,73.9799&amp;t=h</value>
                </Data>
                <Data name="id">
                    <value>4225</value>
                </Data>
                <Data name="name">
                    <value>Morod</value>
                </Data>
                <Data name="taluka">
                    <value>Salcete</value>
                </Data>
                <Data name="syno">
                    <value>104</value>
                </Data>
                <Data name="subdiv">
                    <value>11</value>
                </Data>
                <Data name="village">
                    <value>Dramapur</value>
                </Data>
                <Data name="latitude">
                    <value>15.24666</value>
                </Data>
                <Data name="longitude">
                    <value>73.9799</value>
                </Data>
                <Data name="photo_1">
                    <value>DCIM/20220106100001634.jpg</value>
                </Data>
                <Data name="photo_2">
                    <value>DCIM/20220106100010893.jpg</value>
                </Data>
                <Data name="constituency">
                    <value>35 - Velim</value>
                </Data>
                <Data name="status">
                    <value>Completed</value>
                </Data>
                <Data name="panchayat">
                    <value>Dramapur</value>
                </Data>
                <Data name="wb_type">
                    <value>Pond</value>
                </Data>
                <Data name="owner_type">
                    <value>Private</value>
                </Data>
                <Data name="purpose">
                    <value>Storage</value>
                </Data>
                <Data name="construction">
                    <value>Natural</value>
                </Data>
                <Data name="condition">
                    <value>Good</value>
                </Data>
                <Data name="print_order">
                    <value>125</value>
                </Data>
                <Data name="wb_id">
                    <value>Sc/Dram/27</value>
                </Data>
                <Data name="storage_capacity">
                    <value>170.0</value>
                </Data>
                <Data name="wb_surface_id">
                    <value>2931</value>
                </Data>
                <Data name="created_at">
                    <value>2021-12-10 00:00:00</value>
                </Data>
                <Data name="updated_at">
                    <value>2023-07-22 14:03:14.307690</value>
                </Data>
                <Data name="book_id">
                    <value>3</value>
                </Data>
                <Data name="owners">
                    <value>Elizabeth Flavia Gomes
Juliao Dos Martins Gomes</value>
                </Data>
                <Data name="label_x">
                    <value>987639.0</value>
                </Data>
                <Data name="label_y">
                    <value>1002029.730834663</value>
                </Data>
            </ExtendedData>
            <Point id="58374">
                <coordinates>73.97989903,15.246659135,0.0</coordinates>
            </Point>
        </Placemark>
    </Document>
</kml>
