<?xml version="1.0" encoding="UTF-8"?>
<kml xmlns="http://www.opengis.net/kml/2.2" xmlns:gx="http://www.google.com/kml/ext/2.2">
    <Document id="63007">
        <Placemark id="63009">
            <ExtendedData>
                <Data name="direction">
                    <value>https://maps.google.com?q=15.21932,73.95584&amp;t=h</value>
                </Data>
                <Data name="id">
                    <value>1946</value>
                </Data>
                <Data name="name">
                    <value>Gouto Naik</value>
                </Data>
                <Data name="taluka">
                    <value>Salcete</value>
                </Data>
                <Data name="syno">
                    <value>15</value>
                </Data>
                <Data name="subdiv">
                    <value>2</value>
                </Data>
                <Data name="village">
                    <value>Orlim</value>
                </Data>
                <Data name="latitude">
                    <value>15.21932</value>
                </Data>
                <Data name="longitude">
                    <value>73.95584</value>
                </Data>
                <Data name="photo_1">
                    <value>DCIM/20220105203106570.jpg</value>
                </Data>
                <Data name="photo_2">
                    <value>DCIM/20220105203121420.jpg</value>
                </Data>
                <Data name="constituency">
                    <value>32 - Benaulim</value>
                </Data>
                <Data name="status">
                    <value>Completed</value>
                </Data>
                <Data name="panchayat">
                    <value>Orlim</value>
                </Data>
                <Data name="wb_type">
                    <value>Pond</value>
                </Data>
                <Data name="owner_type">
                    <value>Private</value>
                </Data>
                <Data name="purpose">
                    <value>Irrigation</value>
                </Data>
                <Data name="construction">
                    <value>Natural</value>
                </Data>
                <Data name="condition">
                    <value>Needs Maintenance</value>
                </Data>
                <Data name="print_order">
                    <value>035</value>
                </Data>
                <Data name="wb_id">
                    <value>Sc/Orli/29</value>
                </Data>
                <Data name="storage_capacity">
                    <value>372.0</value>
                </Data>
                <Data name="wb_surface_id">
                    <value>1610</value>
                </Data>
                <Data name="created_at">
                    <value>2020-02-28 15:24:34</value>
                </Data>
                <Data name="updated_at">
                    <value>2023-07-22 14:03:14.307690</value>
                </Data>
                <Data name="book_id">
                    <value>5</value>
                </Data>
                <Data name="owners">
                    <value>John Salvador Rebello
Sertorio Fernandes</value>
                </Data>
                <Data name="label_x">
                    <value>1008335.0</value>
                </Data>
                <Data name="label_y">
                    <value>981498.087559794</value>
                </Data>
            </ExtendedData>
            <Point id="63008">
                <coordinates>73.955839769,15.219316953,0.0</coordinates>
            </Point>
        </Placemark>
        <Placemark id="63041">
            <ExtendedData>
                <Data name="direction">
                    <value>https://maps.google.com?q=15.22513,73.95196&amp;t=h</value>
                </Data>
                <Data name="id">
                    <value>1973</value>
                </Data>
                <Data name="name">
                    <value>Adiutulem Shet</value>
                </Data>
                <Data name="taluka">
                    <value>Salcete</value>
                </Data>
                <Data name="syno">
                    <value>81</value>
                </Data>
                <Data name="subdiv">
                    <value>3</value>
                </Data>
                <Data name="village">
                    <value>Orlim</value>
                </Data>
                <Data name="latitude">
                    <value>15.22513</value>
                </Data>
                <Data name="longitude">
                    <value>73.95196</value>
                </Data>
                <Data name="photo_1">
                    <value>DCIM/20220105163045802.jpg</value>
                </Data>
                <Data name="photo_2">
                    <value>DCIM/20220105163058161.jpg</value>
                </Data>
                <Data name="constituency">
                    <value>32 - Benaulim</value>
                </Data>
                <Data name="status">
                    <value>Completed</value>
                </Data>
                <Data name="panchayat">
                    <value>Orlim</value>
                </Data>
                <Data name="wb_type">
                    <value>Pond</value>
                </Data>
                <Data name="owner_type">
                    <value>Private</value>
                </Data>
                <Data name="purpose">
                    <value>Irrigation</value>
                </Data>
                <Data name="construction">
                    <value>Natural</value>
                </Data>
                <Data name="condition">
                    <value>Good</value>
                </Data>
                <Data name="print_order">
                    <value>043</value>
                </Data>
                <Data name="wb_id">
                    <value>Sc/Orli/37</value>
                </Data>
                <Data name="storage_capacity">
                    <value>297.0</value>
                </Data>
                <Data name="wb_surface_id">
                    <value>1633</value>
                </Data>
                <Data name="created_at">
                    <value>2020-02-28 15:24:34</value>
                </Data>
                <Data name="updated_at">
                    <value>2023-07-22 14:03:14.307690</value>
                </Data>
                <Data name="book_id">
                    <value>5</value>
                </Data>
                <Data name="owners">
                    <value>Lazarinha Dias</value>
                </Data>
                <Data name="label_x">
                    <value>987635.0</value>
                </Data>
                <Data name="label_y">
                    <value>979565.516376814</value>
                </Data>
            </ExtendedData>
            <Point id="63040">
                <coordinates>73.951962574,15.225132028,0.0</coordinates>
            </Point>
        </Placemark>
        <Placemark id="63073">
            <ExtendedData>
                <Data name="direction">
                    <value>https://maps.google.com?q=15.21552,73.9557&amp;t=h</value>
                </Data>
                <Data name="id">
                    <value>1932</value>
                </Data>
                <Data name="name">
                    <value>Madem Zaripatto</value>
                </Data>
                <Data name="taluka">
                    <value>Salcete</value>
                </Data>
                <Data name="syno">
                    <value>34</value>
                </Data>
                <Data name="subdiv">
                    <value>10</value>
                </Data>
                <Data name="village">
                    <value>Orlim</value>
                </Data>
                <Data name="latitude">
                    <value>15.21552</value>
                </Data>
                <Data name="longitude">
                    <value>73.9557</value>
                </Data>
                <Data name="photo_1">
                    <value>DCIM/20220105203642454.jpg</value>
                </Data>
                <Data name="photo_2">
                    <value>DCIM/20220105203651122.jpg</value>
                </Data>
                <Data name="constituency">
                    <value>32 - Benaulim</value>
                </Data>
                <Data name="status">
                    <value>Completed</value>
                </Data>
                <Data name="panchayat">
                    <value>Orlim</value>
                </Data>
                <Data name="wb_type">
                    <value>Pond</value>
                </Data>
                <Data name="owner_type">
                    <value>Private</value>
                </Data>
                <Data name="purpose">
                    <value>Irrigation</value>
                </Data>
                <Data name="construction">
                    <value>Natural</value>
                </Data>
                <Data name="condition">
                    <value>Good</value>
                </Data>
                <Data name="print_order">
                    <value>051</value>
                </Data>
                <Data name="wb_id">
                    <value>Sc/Orli/45</value>
                </Data>
                <Data name="storage_capacity">
                    <value>244.0</value>
                </Data>
                <Data name="wb_surface_id">
                    <value>1601</value>
                </Data>
                <Data name="created_at">
                    <value>2020-02-28 15:24:34</value>
                </Data>
                <Data name="updated_at">
                    <value>2023-07-22 14:03:14.307690</value>
                </Data>
                <Data name="book_id">
                    <value>5</value>
                </Data>
                <Data name="owners">
                    <value>Angelo Rosario Braganza</value>
                </Data>
                <Data name="label_x">
                    <value>1008335.0</value>
                </Data>
                <Data name="label_y">
                    <value>976598.087559794</value>
                </Data>
            </ExtendedData>
            <Point id="63072">
                <coordinates>73.955702763,15.2155221,0.0</coordinates>
            </Point>
        </Placemark>
        <Placemark id="63105">
            <ExtendedData>
                <Data name="direction">
                    <value>https://maps.google.com?q=15.22404,73.95539&amp;t=h</value>
                </Data>
                <Data name="id">
                    <value>1977</value>
                </Data>
                <Data name="name">
                    <value>Tamboro</value>
                </Data>
                <Data name="taluka">
                    <value>Salcete</value>
                </Data>
                <Data name="syno">
                    <value>97</value>
                </Data>
                <Data name="subdiv">
                    <value>6</value>
                </Data>
                <Data name="village">
                    <value>Orlim</value>
                </Data>
                <Data name="latitude">
                    <value>15.22404</value>
                </Data>
                <Data name="longitude">
                    <value>73.95539</value>
                </Data>
                <Data name="photo_1">
                    <value>DCIM/20220105163834738.jpg</value>
                </Data>
                <Data name="photo_2">
                    <value>DCIM/20220105163847620.jpg</value>
                </Data>
                <Data name="constituency">
                    <value>32 - Benaulim</value>
                </Data>
                <Data name="status">
                    <value>Completed</value>
                </Data>
                <Data name="panchayat">
                    <value>Orlim</value>
                </Data>
                <Data name="wb_type">
                    <value>Pond</value>
                </Data>
                <Data name="owner_type">
                    <value>Private</value>
                </Data>
                <Data name="purpose">
                    <value>Irrigation</value>
                </Data>
                <Data name="construction">
                    <value>Natural</value>
                </Data>
                <Data name="condition">
                    <value>Needs Maintenance</value>
                </Data>
                <Data name="print_order">
                    <value>042</value>
                </Data>
                <Data name="wb_id">
                    <value>Sc/Orli/36</value>
                </Data>
                <Data name="storage_capacity">
                    <value>306.0</value>
                </Data>
                <Data name="wb_surface_id">
                    <value>1626</value>
                </Data>
                <Data name="created_at">
                    <value>2020-02-28 15:24:34</value>
                </Data>
                <Data name="updated_at">
                    <value>2023-07-22 14:03:14.307690</value>
                </Data>
                <Data name="book_id">
                    <value>5</value>
                </Data>
                <Data name="owners">
                    <value>Raimondo Santana Perira</value>
                </Data>
                <Data name="label_x">
                    <value>987635.0</value>
                </Data>
                <Data name="label_y">
                    <value>973965.516376814</value>
                </Data>
            </ExtendedData>
            <Point id="63104">
                <coordinates>73.95539248,15.22403874,0.0</coordinates>
            </Point>
        </Placemark>
        <Placemark id="63137">
            <ExtendedData>
                <Data name="direction">
                    <value>https://maps.google.com?q=15.22402,73.9542&amp;t=h</value>
                </Data>
                <Data name="id">
                    <value>1976</value>
                </Data>
                <Data name="name">
                    <value>--</value>
                </Data>
                <Data name="taluka">
                    <value>Salcete</value>
                </Data>
                <Data name="syno">
                    <value>84</value>
                </Data>
                <Data name="subdiv">
                    <value>1</value>
                </Data>
                <Data name="village">
                    <value>Orlim</value>
                </Data>
                <Data name="latitude">
                    <value>15.22402</value>
                </Data>
                <Data name="longitude">
                    <value>73.9542</value>
                </Data>
                <Data name="photo_1">
                    <value>DCIM/20220105163727649.jpg</value>
                </Data>
                <Data name="photo_2">
                    <value>DCIM/20220105163747658.jpg</value>
                </Data>
                <Data name="constituency">
                    <value>32 - Benaulim</value>
                </Data>
                <Data name="status">
                    <value>Completed</value>
                </Data>
                <Data name="panchayat">
                    <value>Orlim</value>
                </Data>
                <Data name="wb_type">
                    <value>Pond</value>
                </Data>
                <Data name="owner_type">
                    <value>Private / Public</value>
                </Data>
                <Data name="purpose">
                    <value>Irrigation</value>
                </Data>
                <Data name="construction">
                    <value>Natural</value>
                </Data>
                <Data name="condition">
                    <value>Needs Maintenance</value>
                </Data>
                <Data name="print_order">
                    <value>036</value>
                </Data>
                <Data name="wb_id">
                    <value>Sc/Orli/30</value>
                </Data>
                <Data name="storage_capacity">
                    <value>362.0</value>
                </Data>
                <Data name="wb_surface_id">
                    <value>1628</value>
                </Data>
                <Data name="created_at">
                    <value>2020-02-28 15:24:34</value>
                </Data>
                <Data name="updated_at">
                    <value>2023-07-22 14:03:14.307690</value>
                </Data>
                <Data name="book_id">
                    <value>5</value>
                </Data>
                <Data name="owners">
                    <value>Aldrin Conceisao Saldanha
Estela Barreto alias Estela Saldanha alias Estela Barreto Saldanha
Government of Goa, The Executive Engineer, Works Division VI (Roads/South), P. W. D., Fatorda, Margao, Goa.</value>
                </Data>
                <Data name="label_x">
                    <value>987635.0</value>
                </Data>
                <Data name="label_y">
                    <value>975715.516376814</value>
                </Data>
            </ExtendedData>
            <Point id="63136">
                <coordinates>73.95420135,15.224018962,0.0</coordinates>
            </Point>
        </Placemark>
        <Placemark id="63169">
            <ExtendedData>
                <Data name="direction">
                    <value>https://maps.google.com?q=15.22339,73.9588&amp;t=h</value>
                </Data>
                <Data name="id">
                    <value>1953</value>
                </Data>
                <Data name="name">
                    <value>Beticho Tambalich Agor</value>
                </Data>
                <Data name="taluka">
                    <value>Salcete</value>
                </Data>
                <Data name="syno">
                    <value>99</value>
                </Data>
                <Data name="subdiv">
                    <value>5</value>
                </Data>
                <Data name="village">
                    <value>Orlim</value>
                </Data>
                <Data name="latitude">
                    <value>15.22339</value>
                </Data>
                <Data name="longitude">
                    <value>73.9588</value>
                </Data>
                <Data name="photo_1">
                    <value>DCIM/20220105164803120.jpg</value>
                </Data>
                <Data name="photo_2">
                    <value>DCIM/20220105164811376.jpg</value>
                </Data>
                <Data name="constituency">
                    <value>32 - Benaulim</value>
                </Data>
                <Data name="status">
                    <value>Completed</value>
                </Data>
                <Data name="panchayat">
                    <value>Orlim</value>
                </Data>
                <Data name="wb_type">
                    <value>Pond</value>
                </Data>
                <Data name="owner_type">
                    <value>Private</value>
                </Data>
                <Data name="purpose">
                    <value>Irrigation</value>
                </Data>
                <Data name="construction">
                    <value>Natural</value>
                </Data>
                <Data name="condition">
                    <value>Needs Maintenance</value>
                </Data>
                <Data name="print_order">
                    <value>046</value>
                </Data>
                <Data name="wb_id">
                    <value>Sc/Orli/40</value>
                </Data>
                <Data name="storage_capacity">
                    <value>270.0</value>
                </Data>
                <Data name="wb_surface_id">
                    <value>1623</value>
                </Data>
                <Data name="created_at">
                    <value>2020-02-28 15:24:34</value>
                </Data>
                <Data name="updated_at">
                    <value>2023-07-22 14:03:14.307690</value>
                </Data>
                <Data name="book_id">
                    <value>5</value>
                </Data>
                <Data name="owners">
                    <value>Fedric D'Costa
Leonard D'Costa
Leslic D'Costa
Sureka Vancu Raiker Four</value>
                </Data>
                <Data name="label_x">
                    <value>1008335.0</value>
                </Data>
                <Data name="label_y">
                    <value>998298.087559794</value>
                </Data>
            </ExtendedData>
            <Point id="63168">
                <coordinates>73.95879737,15.223393036,0.0</coordinates>
            </Point>
        </Placemark>
        <Placemark id="63201">
            <ExtendedData>
                <Data name="direction">
                    <value>https://maps.google.com?q=15.22092,73.95402&amp;t=h</value>
                </Data>
                <Data name="id">
                    <value>1951</value>
                </Data>
                <Data name="name">
                    <value>Orlim Lake; Igorjem Tollem; Gouto Naik</value>
                </Data>
                <Data name="taluka">
                    <value>Salcete</value>
                </Data>
                <Data name="syno">
                    <value>12</value>
                </Data>
                <Data name="subdiv">
                    <value>3,4</value>
                </Data>
                <Data name="village">
                    <value>Orlim</value>
                </Data>
                <Data name="latitude">
                    <value>15.22092</value>
                </Data>
                <Data name="longitude">
                    <value>73.95402</value>
                </Data>
                <Data name="photo_1">
                    <value>DCIM/20210914154406636.jpg</value>
                </Data>
                <Data name="photo_2">
                    <value>DCIM/20210914154417327.jpg</value>
                </Data>
                <Data name="constituency">
                    <value>32 - Benaulim</value>
                </Data>
                <Data name="status">
                    <value>Completed</value>
                </Data>
                <Data name="panchayat">
                    <value>Orlim</value>
                </Data>
                <Data name="wb_type">
                    <value>Pond</value>
                </Data>
                <Data name="owner_type">
                    <value>Private / Public</value>
                </Data>
                <Data name="purpose">
                    <value>Storage</value>
                </Data>
                <Data name="construction">
                    <value>Natural/Man Made</value>
                </Data>
                <Data name="condition">
                    <value>Good</value>
                </Data>
                <Data name="print_order">
                    <value>009</value>
                </Data>
                <Data name="wb_id">
                    <value>Sc/Orli/02</value>
                </Data>
                <Data name="storage_capacity">
                    <value>7772.0</value>
                </Data>
                <Data name="wb_surface_id">
                    <value>1613</value>
                </Data>
                <Data name="created_at">
                    <value>2020-02-28 15:24:34</value>
                </Data>
                <Data name="updated_at">
                    <value>2023-07-22 14:03:14.307690</value>
                </Data>
                <Data name="book_id">
                    <value>5</value>
                </Data>
                <Data name="owners">
                    <value>Anthony Fernandes
Goa Government, Govt. of India
Juazinho Martino</value>
                </Data>
                <Data name="label_x">
                    <value>1008335.0</value>
                </Data>
                <Data name="label_y">
                    <value>999698.087559794</value>
                </Data>
            </ExtendedData>
            <Point id="63200">
                <coordinates>73.95402226,15.2209237,0.0</coordinates>
            </Point>
        </Placemark>
        <Placemark id="63233">
            <ExtendedData>
                <Data name="direction">
                    <value>https://maps.google.com?q=15.22652,73.95436&amp;t=h</value>
                </Data>
                <Data name="id">
                    <value>1993</value>
                </Data>
                <Data name="name">
                    <value>Amlepatto Wadik</value>
                </Data>
                <Data name="taluka">
                    <value>Salcete</value>
                </Data>
                <Data name="syno">
                    <value>85</value>
                </Data>
                <Data name="subdiv">
                    <value>7</value>
                </Data>
                <Data name="village">
                    <value>Orlim</value>
                </Data>
                <Data name="latitude">
                    <value>15.22652</value>
                </Data>
                <Data name="longitude">
                    <value>73.95436</value>
                </Data>
                <Data name="photo_1">
                    <value>DCIM/20210917112740901.jpg</value>
                </Data>
                <Data name="photo_2">
                    <value>DCIM/20210917112751457.jpg</value>
                </Data>
                <Data name="constituency">
                    <value>32 - Benaulim</value>
                </Data>
                <Data name="status">
                    <value>Completed</value>
                </Data>
                <Data name="panchayat">
                    <value>Orlim</value>
                </Data>
                <Data name="wb_type">
                    <value>Pond</value>
                </Data>
                <Data name="owner_type">
                    <value>Private</value>
                </Data>
                <Data name="purpose">
                    <value>Irrigation</value>
                </Data>
                <Data name="construction">
                    <value>Natural</value>
                </Data>
                <Data name="condition">
                    <value>Needs Maintenance</value>
                </Data>
                <Data name="print_order">
                    <value>056</value>
                </Data>
                <Data name="wb_id">
                    <value>Sc/Orli/50</value>
                </Data>
                <Data name="storage_capacity">
                    <value>191.0</value>
                </Data>
                <Data name="wb_surface_id">
                    <value>1643</value>
                </Data>
                <Data name="created_at">
                    <value>2020-02-28 15:24:34</value>
                </Data>
                <Data name="updated_at">
                    <value>2023-07-22 14:03:14.307690</value>
                </Data>
                <Data name="book_id">
                    <value>5</value>
                </Data>
                <Data name="owners">
                    <value>Cleta Marcelina Ana Maria do Rosario
Ema Maria de Silva
Esther Joanita D Silva
Eufemia Socorra Monica Georgina da Silva e Sequeira
Leocadio Timotio Conceicao Afonso</value>
                </Data>
                <Data name="label_x">
                    <value>987635.0</value>
                </Data>
                <Data name="label_y">
                    <value>980265.516376814</value>
                </Data>
            </ExtendedData>
            <Point id="63232">
                <coordinates>73.954358286,15.226524972,0.0</coordinates>
            </Point>
        </Placemark>
        <Placemark id="63265">
            <ExtendedData>
                <Data name="direction">
                    <value>https://maps.google.com?q=15.22684,73.95647&amp;t=h</value>
                </Data>
                <Data name="id">
                    <value>1962</value>
                </Data>
                <Data name="name">
                    <value>Kapicho Agor,Kapicho Agor or Calassa,Khazon,Pokatavasie gairo</value>
                </Data>
                <Data name="taluka">
                    <value>Salcete</value>
                </Data>
                <Data name="syno">
                    <value>92</value>
                </Data>
                <Data name="subdiv">
                    <value>2,4,6,8,9</value>
                </Data>
                <Data name="village">
                    <value>Orlim</value>
                </Data>
                <Data name="latitude">
                    <value>15.22684</value>
                </Data>
                <Data name="longitude">
                    <value>73.95647</value>
                </Data>
                <Data name="photo_1">
                    <value>DCIM/20210917113254840.jpg</value>
                </Data>
                <Data name="photo_2">
                    <value>DCIM/20210917113500916.jpg</value>
                </Data>
                <Data name="constituency">
                    <value>32 - Benaulim</value>
                </Data>
                <Data name="status">
                    <value>Completed</value>
                </Data>
                <Data name="panchayat">
                    <value>Orlim</value>
                </Data>
                <Data name="wb_type">
                    <value>Pond</value>
                </Data>
                <Data name="owner_type">
                    <value>Private</value>
                </Data>
                <Data name="purpose">
                    <value>Irrigation</value>
                </Data>
                <Data name="construction">
                    <value>Natural</value>
                </Data>
                <Data name="condition">
                    <value>Good</value>
                </Data>
                <Data name="print_order">
                    <value>010</value>
                </Data>
                <Data name="wb_id">
                    <value>Sc/Orli/03</value>
                </Data>
                <Data name="storage_capacity">
                    <value>3352.0</value>
                </Data>
                <Data name="wb_surface_id">
                    <value>1645</value>
                </Data>
                <Data name="created_at">
                    <value>2020-02-28 15:24:34</value>
                </Data>
                <Data name="updated_at">
                    <value>2023-07-22 14:03:14.307690</value>
                </Data>
                <Data name="book_id">
                    <value>5</value>
                </Data>
                <Data name="owners">
                    <value>Anthonio Antao
Anthonio P. Costa
Inacio Marthins
Jose Antonio Miguel Matens Gracias
Jose Mariano Marthins
Minguel Marthins
Minguel marthins
Savio Micael Antonio Tadeu Gracias</value>
                </Data>
                <Data name="label_x">
                    <value>987635.0</value>
                </Data>
                <Data name="label_y">
                    <value>977815.516376814</value>
                </Data>
            </ExtendedData>
            <Point id="63264">
                <coordinates>73.956466496,15.226835201,0.0</coordinates>
            </Point>
        </Placemark>
        <Placemark id="63297">
            <ExtendedData>
                <Data name="direction">
                    <value>https://maps.google.com?q=15.22622,73.95028&amp;t=h</value>
                </Data>
                <Data name="id">
                    <value>1968</value>
                </Data>
                <Data name="name">
                    <value>Palcutta Tollem</value>
                </Data>
                <Data name="taluka">
                    <value>Salcete</value>
                </Data>
                <Data name="syno">
                    <value>78</value>
                </Data>
                <Data name="subdiv">
                    <value>17</value>
                </Data>
                <Data name="village">
                    <value>Orlim</value>
                </Data>
                <Data name="latitude">
                    <value>15.22622</value>
                </Data>
                <Data name="longitude">
                    <value>73.95028</value>
                </Data>
                <Data name="photo_1">
                    <value>DCIM/20220105131043868.jpg</value>
                </Data>
                <Data name="photo_2">
                    <value>DCIM/20220105131105282.jpg</value>
                </Data>
                <Data name="constituency">
                    <value>32 - Benaulim</value>
                </Data>
                <Data name="status">
                    <value>Completed</value>
                </Data>
                <Data name="panchayat">
                    <value>Orlim</value>
                </Data>
                <Data name="wb_type">
                    <value>Pond</value>
                </Data>
                <Data name="owner_type">
                    <value>Private</value>
                </Data>
                <Data name="purpose">
                    <value>Irrigation</value>
                </Data>
                <Data name="construction">
                    <value>Natural</value>
                </Data>
                <Data name="condition">
                    <value>Good</value>
                </Data>
                <Data name="print_order">
                    <value>011</value>
                </Data>
                <Data name="wb_id">
                    <value>Sc/Orli/04</value>
                </Data>
                <Data name="storage_capacity">
                    <value>3014.0</value>
                </Data>
                <Data name="wb_surface_id">
                    <value>1636</value>
                </Data>
                <Data name="created_at">
                    <value>2020-02-28 15:24:34</value>
                </Data>
                <Data name="updated_at">
                    <value>2023-07-22 14:03:14.307690</value>
                </Data>
                <Data name="book_id">
                    <value>5</value>
                </Data>
                <Data name="owners">
                    <value>Antonio P. Costa
Dr. Samiro Vaz
Jose Manuel
Jose Miranda (Six)
Olilia Anto
Salvador Costa</value>
                </Data>
                <Data name="label_x">
                    <value>987635.0</value>
                </Data>
                <Data name="label_y">
                    <value>981665.516376814</value>
                </Data>
            </ExtendedData>
            <Point id="63296">
                <coordinates>73.950283525,15.226220807,0.0</coordinates>
            </Point>
        </Placemark>
        <Placemark id="63329">
            <ExtendedData>
                <Data name="direction">
                    <value>https://maps.google.com?q=15.21611,73.95142&amp;t=h</value>
                </Data>
                <Data name="id">
                    <value>1936</value>
                </Data>
                <Data name="name">
                    <value>Sambatechi Xira or Dandem</value>
                </Data>
                <Data name="taluka">
                    <value>Salcete</value>
                </Data>
                <Data name="syno">
                    <value>27</value>
                </Data>
                <Data name="subdiv">
                    <value>7</value>
                </Data>
                <Data name="village">
                    <value>Orlim</value>
                </Data>
                <Data name="latitude">
                    <value>15.21611</value>
                </Data>
                <Data name="longitude">
                    <value>73.95142</value>
                </Data>
                <Data name="photo_1">
                    <value>DCIM/20211223104116809.jpg</value>
                </Data>
                <Data name="photo_2">
                    <value>DCIM/20211223104132320.jpg</value>
                </Data>
                <Data name="constituency">
                    <value>32 - Benaulim</value>
                </Data>
                <Data name="status">
                    <value>Completed</value>
                </Data>
                <Data name="panchayat">
                    <value>Orlim</value>
                </Data>
                <Data name="wb_type">
                    <value>Pond</value>
                </Data>
                <Data name="owner_type">
                    <value>Private</value>
                </Data>
                <Data name="purpose">
                    <value>Irrigation</value>
                </Data>
                <Data name="construction">
                    <value>Natural</value>
                </Data>
                <Data name="condition">
                    <value>Needs Maintenance</value>
                </Data>
                <Data name="print_order">
                    <value>027</value>
                </Data>
                <Data name="wb_id">
                    <value>Sc/Orli/20</value>
                </Data>
                <Data name="storage_capacity">
                    <value>515.0</value>
                </Data>
                <Data name="wb_surface_id">
                    <value>1089</value>
                </Data>
                <Data name="created_at">
                    <value>2020-02-28 15:24:34</value>
                </Data>
                <Data name="updated_at">
                    <value>2023-07-22 14:03:14.307690</value>
                </Data>
                <Data name="book_id">
                    <value>5</value>
                </Data>
                <Data name="owners">
                    <value>Maria Goretti Florinda Dias e Costa
Roque Piedade Costa</value>
                </Data>
                <Data name="label_x">
                    <value>1008335.0</value>
                </Data>
                <Data name="label_y">
                    <value>975198.087559794</value>
                </Data>
            </ExtendedData>
            <Point id="63328">
                <coordinates>73.951422831,15.216109378,0.0</coordinates>
            </Point>
        </Placemark>
        <Placemark id="63361">
            <ExtendedData>
                <Data name="direction">
                    <value>https://maps.google.com?q=15.21259,73.94543&amp;t=h</value>
                </Data>
                <Data name="id">
                    <value>1985</value>
                </Data>
                <Data name="name">
                    <value>Sanbatin</value>
                </Data>
                <Data name="taluka">
                    <value>Salcete</value>
                </Data>
                <Data name="syno">
                    <value>41</value>
                </Data>
                <Data name="subdiv">
                    <value>17</value>
                </Data>
                <Data name="village">
                    <value>Orlim</value>
                </Data>
                <Data name="latitude">
                    <value>15.21259</value>
                </Data>
                <Data name="longitude">
                    <value>73.94543</value>
                </Data>
                <Data name="photo_1">
                    <value>DCIM/20220105210234289.jpg</value>
                </Data>
                <Data name="photo_2">
                    <value>DCIM/20220105210243640.jpg</value>
                </Data>
                <Data name="constituency">
                    <value>32 - Benaulim</value>
                </Data>
                <Data name="status">
                    <value>Completed</value>
                </Data>
                <Data name="panchayat">
                    <value>Orlim</value>
                </Data>
                <Data name="wb_type">
                    <value>Pond</value>
                </Data>
                <Data name="owner_type">
                    <value>Private</value>
                </Data>
                <Data name="purpose">
                    <value>Irrigation</value>
                </Data>
                <Data name="construction">
                    <value>Natural</value>
                </Data>
                <Data name="condition">
                    <value>Needs Maintenance</value>
                </Data>
                <Data name="print_order">
                    <value>030</value>
                </Data>
                <Data name="wb_id">
                    <value>Sc/Orli/23</value>
                </Data>
                <Data name="storage_capacity">
                    <value>444.0</value>
                </Data>
                <Data name="wb_surface_id">
                    <value>1079</value>
                </Data>
                <Data name="created_at">
                    <value>2020-02-28 15:24:34</value>
                </Data>
                <Data name="updated_at">
                    <value>2023-07-22 14:03:14.307690</value>
                </Data>
                <Data name="book_id">
                    <value>5</value>
                </Data>
                <Data name="owners">
                    <value>Antonio Benjamina Rodrigues</value>
                </Data>
                <Data name="label_x">
                    <value>987635.0</value>
                </Data>
                <Data name="label_y">
                    <value>974665.516376814</value>
                </Data>
            </ExtendedData>
            <Point id="63360">
                <coordinates>73.945433596,15.212593371,0.0</coordinates>
            </Point>
        </Placemark>
        <Placemark id="63393">
            <ExtendedData>
                <Data name="direction">
                    <value>https://maps.google.com?q=15.21837,73.95574&amp;t=h</value>
                </Data>
                <Data name="id">
                    <value>1943</value>
                </Data>
                <Data name="name">
                    <value>Gamachi Gally</value>
                </Data>
                <Data name="taluka">
                    <value>Salcete</value>
                </Data>
                <Data name="syno">
                    <value>23</value>
                </Data>
                <Data name="subdiv">
                    <value>5</value>
                </Data>
                <Data name="village">
                    <value>Orlim</value>
                </Data>
                <Data name="latitude">
                    <value>15.21837</value>
                </Data>
                <Data name="longitude">
                    <value>73.95574</value>
                </Data>
                <Data name="photo_1">
                    <value>DCIM/20220105203247253.jpg</value>
                </Data>
                <Data name="photo_2">
                    <value>DCIM/20220105203255625.jpg</value>
                </Data>
                <Data name="constituency">
                    <value>32 - Benaulim</value>
                </Data>
                <Data name="status">
                    <value>Completed</value>
                </Data>
                <Data name="panchayat">
                    <value>Orlim</value>
                </Data>
                <Data name="wb_type">
                    <value>Pond</value>
                </Data>
                <Data name="owner_type">
                    <value>Private</value>
                </Data>
                <Data name="purpose">
                    <value>Irrigation</value>
                </Data>
                <Data name="construction">
                    <value>Natural</value>
                </Data>
                <Data name="condition">
                    <value>Needs Maintenance</value>
                </Data>
                <Data name="print_order">
                    <value>038</value>
                </Data>
                <Data name="wb_id">
                    <value>Sc/Orli/32</value>
                </Data>
                <Data name="storage_capacity">
                    <value>342.0</value>
                </Data>
                <Data name="wb_surface_id">
                    <value>1608</value>
                </Data>
                <Data name="created_at">
                    <value>2020-02-28 15:24:34</value>
                </Data>
                <Data name="updated_at">
                    <value>2023-07-22 14:03:14.307690</value>
                </Data>
                <Data name="book_id">
                    <value>5</value>
                </Data>
                <Data name="owners">
                    <value>Jacinto Antao</value>
                </Data>
                <Data name="label_x">
                    <value>1008335.0</value>
                </Data>
                <Data name="label_y">
                    <value>980098.087559794</value>
                </Data>
            </ExtendedData>
            <Point id="63392">
                <coordinates>73.955744428,15.218365623,0.0</coordinates>
            </Point>
        </Placemark>
        <Placemark id="63425">
            <ExtendedData>
                <Data name="direction">
                    <value>https://maps.google.com?q=15.21525,73.94476&amp;t=h</value>
                </Data>
                <Data name="id">
                    <value>1981</value>
                </Data>
                <Data name="name">
                    <value>Fondient</value>
                </Data>
                <Data name="taluka">
                    <value>Salcete</value>
                </Data>
                <Data name="syno">
                    <value>47</value>
                </Data>
                <Data name="subdiv">
                    <value>30</value>
                </Data>
                <Data name="village">
                    <value>Orlim</value>
                </Data>
                <Data name="latitude">
                    <value>15.21525</value>
                </Data>
                <Data name="longitude">
                    <value>73.94476</value>
                </Data>
                <Data name="photo_1">
                    <value>DCIM/20210914152855782.jpg</value>
                </Data>
                <Data name="photo_2">
                    <value>DCIM/20210914152905426.jpg</value>
                </Data>
                <Data name="constituency">
                    <value>32 - Benaulim</value>
                </Data>
                <Data name="status">
                    <value>Completed</value>
                </Data>
                <Data name="panchayat">
                    <value>Orlim</value>
                </Data>
                <Data name="wb_type">
                    <value>Pond</value>
                </Data>
                <Data name="owner_type">
                    <value>Private</value>
                </Data>
                <Data name="purpose">
                    <value>Irrigation</value>
                </Data>
                <Data name="construction">
                    <value>Natural</value>
                </Data>
                <Data name="condition">
                    <value>Needs Maintenance</value>
                </Data>
                <Data name="print_order">
                    <value>013</value>
                </Data>
                <Data name="wb_id">
                    <value>Sc/Orli/06</value>
                </Data>
                <Data name="storage_capacity">
                    <value>2435.0</value>
                </Data>
                <Data name="wb_surface_id">
                    <value>1076</value>
                </Data>
                <Data name="created_at">
                    <value>2020-02-28 15:24:34</value>
                </Data>
                <Data name="updated_at">
                    <value>2023-07-22 14:03:14.307690</value>
                </Data>
                <Data name="book_id">
                    <value>5</value>
                </Data>
                <Data name="owners">
                    <value>Pilar Sisters Association</value>
                </Data>
                <Data name="label_x">
                    <value>987635.0</value>
                </Data>
                <Data name="label_y">
                    <value>976765.516376814</value>
                </Data>
            </ExtendedData>
            <Point id="63424">
                <coordinates>73.944761663,15.21524957,0.0</coordinates>
            </Point>
        </Placemark>
        <Placemark id="63457">
            <ExtendedData>
                <Data name="direction">
                    <value>https://maps.google.com?q=15.21772,73.95299&amp;t=h</value>
                </Data>
                <Data name="id">
                    <value>1939</value>
                </Data>
                <Data name="name">
                    <value>Shano Shetilem</value>
                </Data>
                <Data name="taluka">
                    <value>Salcete</value>
                </Data>
                <Data name="syno">
                    <value>26</value>
                </Data>
                <Data name="subdiv">
                    <value>9</value>
                </Data>
                <Data name="village">
                    <value>Orlim</value>
                </Data>
                <Data name="latitude">
                    <value>15.21772</value>
                </Data>
                <Data name="longitude">
                    <value>73.95299</value>
                </Data>
                <Data name="photo_1">
                    <value>DCIM/20220623162036054.jpg</value>
                </Data>
                <Data name="photo_2">
                    <value>DCIM/20220623162047144.jpg</value>
                </Data>
                <Data name="constituency">
                    <value>32 - Benaulim</value>
                </Data>
                <Data name="status">
                    <value>Completed</value>
                </Data>
                <Data name="panchayat">
                    <value>Orlim</value>
                </Data>
                <Data name="wb_type">
                    <value>Pond</value>
                </Data>
                <Data name="owner_type">
                    <value>Private</value>
                </Data>
                <Data name="purpose">
                    <value>Irrigation</value>
                </Data>
                <Data name="construction">
                    <value>Natural</value>
                </Data>
                <Data name="condition">
                    <value>Needs Maintenance</value>
                </Data>
                <Data name="print_order">
                    <value>022</value>
                </Data>
                <Data name="wb_id">
                    <value>Sc/Orli/15</value>
                </Data>
                <Data name="storage_capacity">
                    <value>794.0</value>
                </Data>
                <Data name="wb_surface_id">
                    <value>1618</value>
                </Data>
                <Data name="created_at">
                    <value>2020-02-28 15:24:34</value>
                </Data>
                <Data name="updated_at">
                    <value>2023-07-22 14:03:14.307690</value>
                </Data>
                <Data name="book_id">
                    <value>5</value>
                </Data>
                <Data name="owners">
                    <value>Fr. Augusto Carvalho</value>
                </Data>
                <Data name="label_x">
                    <value>1008335.0</value>
                </Data>
                <Data name="label_y">
                    <value>977998.087559794</value>
                </Data>
            </ExtendedData>
            <Point id="63456">
                <coordinates>73.952991243,15.217722183,0.0</coordinates>
            </Point>
        </Placemark>
        <Placemark id="63489">
            <ExtendedData>
                <Data name="direction">
                    <value>https://maps.google.com?q=15.22912,73.95628&amp;t=h</value>
                </Data>
                <Data name="id">
                    <value>1966</value>
                </Data>
                <Data name="name">
                    <value>Khazan,Khazon</value>
                </Data>
                <Data name="taluka">
                    <value>Salcete</value>
                </Data>
                <Data name="syno">
                    <value>88</value>
                </Data>
                <Data name="subdiv">
                    <value>6,9,13,18</value>
                </Data>
                <Data name="village">
                    <value>Orlim</value>
                </Data>
                <Data name="latitude">
                    <value>15.22912</value>
                </Data>
                <Data name="longitude">
                    <value>73.95628</value>
                </Data>
                <Data name="photo_1">
                    <value>DCIM/20210917114717559.jpg</value>
                </Data>
                <Data name="photo_2">
                    <value>DCIM/20210917114727763.jpg</value>
                </Data>
                <Data name="constituency">
                    <value>32 - Benaulim</value>
                </Data>
                <Data name="status">
                    <value>Completed</value>
                </Data>
                <Data name="panchayat">
                    <value>Orlim</value>
                </Data>
                <Data name="wb_type">
                    <value>Pond</value>
                </Data>
                <Data name="owner_type">
                    <value>Private</value>
                </Data>
                <Data name="purpose">
                    <value>Irrigation</value>
                </Data>
                <Data name="construction">
                    <value>Natural</value>
                </Data>
                <Data name="condition">
                    <value>Needs Maintenance</value>
                </Data>
                <Data name="print_order">
                    <value>014</value>
                </Data>
                <Data name="wb_id">
                    <value>Sc/Orli/07</value>
                </Data>
                <Data name="storage_capacity">
                    <value>2051.0</value>
                </Data>
                <Data name="wb_surface_id">
                    <value>1652</value>
                </Data>
                <Data name="created_at">
                    <value>2020-02-28 15:24:34</value>
                </Data>
                <Data name="updated_at">
                    <value>2023-07-22 14:03:14.307690</value>
                </Data>
                <Data name="book_id">
                    <value>5</value>
                </Data>
                <Data name="owners">
                    <value>Alarmira Oliveira
Joao Costa
Malcolm Francis Fernandes
Marcelino Menezes
Matens Gomes
Melbourn Anthony Fernandes</value>
                </Data>
                <Data name="label_x">
                    <value>987635.0</value>
                </Data>
                <Data name="label_y">
                    <value>984115.516376814</value>
                </Data>
            </ExtendedData>
            <Point id="63488">
                <coordinates>73.956283189,15.229116304,0.0</coordinates>
            </Point>
        </Placemark>
        <Placemark id="63521">
            <ExtendedData>
                <Data name="direction">
                    <value>https://maps.google.com?q=15.21726,73.95388&amp;t=h</value>
                </Data>
                <Data name="id">
                    <value>1938</value>
                </Data>
                <Data name="name">
                    <value>Dempo Naikalem</value>
                </Data>
                <Data name="taluka">
                    <value>Salcete</value>
                </Data>
                <Data name="syno">
                    <value>21</value>
                </Data>
                <Data name="subdiv">
                    <value>16</value>
                </Data>
                <Data name="village">
                    <value>Orlim</value>
                </Data>
                <Data name="latitude">
                    <value>15.21726</value>
                </Data>
                <Data name="longitude">
                    <value>73.95388</value>
                </Data>
                <Data name="photo_1">
                    <value>DCIM/20210917104814101.jpg</value>
                </Data>
                <Data name="photo_2">
                    <value>DCIM/20210917104823064.jpg</value>
                </Data>
                <Data name="constituency">
                    <value>32 - Benaulim</value>
                </Data>
                <Data name="status">
                    <value>Completed</value>
                </Data>
                <Data name="panchayat">
                    <value>Orlim</value>
                </Data>
                <Data name="wb_type">
                    <value>Pond</value>
                </Data>
                <Data name="owner_type">
                    <value>Private</value>
                </Data>
                <Data name="purpose">
                    <value>Irrigation</value>
                </Data>
                <Data name="construction">
                    <value>Natural</value>
                </Data>
                <Data name="condition">
                    <value>Needs Maintenance</value>
                </Data>
                <Data name="print_order">
                    <value>057</value>
                </Data>
                <Data name="wb_id">
                    <value>Sc/Orli/51</value>
                </Data>
                <Data name="storage_capacity">
                    <value>189.0</value>
                </Data>
                <Data name="wb_surface_id">
                    <value>1094</value>
                </Data>
                <Data name="created_at">
                    <value>2020-02-28 15:24:34</value>
                </Data>
                <Data name="updated_at">
                    <value>2023-07-22 14:03:14.307690</value>
                </Data>
                <Data name="book_id">
                    <value>5</value>
                </Data>
                <Data name="owners">
                    <value>Jose Estevao Gracias</value>
                </Data>
                <Data name="label_x">
                    <value>1008335.0</value>
                </Data>
                <Data name="label_y">
                    <value>977648.087559794</value>
                </Data>
            </ExtendedData>
            <Point id="63520">
                <coordinates>73.953876429,15.21725631,0.0</coordinates>
            </Point>
        </Placemark>
        <Placemark id="63553">
            <ExtendedData>
                <Data name="direction">
                    <value>https://maps.google.com?q=15.21404,73.95506&amp;t=h</value>
                </Data>
                <Data name="id">
                    <value>1928</value>
                </Data>
                <Data name="name">
                    <value>Moroti Sando</value>
                </Data>
                <Data name="taluka">
                    <value>Salcete</value>
                </Data>
                <Data name="syno">
                    <value>37</value>
                </Data>
                <Data name="subdiv">
                    <value>14</value>
                </Data>
                <Data name="village">
                    <value>Orlim</value>
                </Data>
                <Data name="latitude">
                    <value>15.21404</value>
                </Data>
                <Data name="longitude">
                    <value>73.95506</value>
                </Data>
                <Data name="photo_1">
                    <value>DCIM/20210917102549884.jpg</value>
                </Data>
                <Data name="photo_2">
                    <value>DCIM/20210917102617387.jpg</value>
                </Data>
                <Data name="constituency">
                    <value>32 - Benaulim</value>
                </Data>
                <Data name="status">
                    <value>Completed</value>
                </Data>
                <Data name="panchayat">
                    <value>Orlim</value>
                </Data>
                <Data name="wb_type">
                    <value>Pond</value>
                </Data>
                <Data name="owner_type">
                    <value>Private</value>
                </Data>
                <Data name="purpose">
                    <value>Irrigation</value>
                </Data>
                <Data name="construction">
                    <value>Natural</value>
                </Data>
                <Data name="condition">
                    <value>Good</value>
                </Data>
                <Data name="print_order">
                    <value>054</value>
                </Data>
                <Data name="wb_id">
                    <value>Sc/Orli/48</value>
                </Data>
                <Data name="storage_capacity">
                    <value>209.0</value>
                </Data>
                <Data name="wb_surface_id">
                    <value>1598</value>
                </Data>
                <Data name="created_at">
                    <value>2020-02-28 15:24:34</value>
                </Data>
                <Data name="updated_at">
                    <value>2023-07-22 14:03:14.307690</value>
                </Data>
                <Data name="book_id">
                    <value>5</value>
                </Data>
                <Data name="owners">
                    <value>Bernado Rodrigues</value>
                </Data>
                <Data name="label_x">
                    <value>1008335.0</value>
                </Data>
                <Data name="label_y">
                    <value>974848.087559794</value>
                </Data>
            </ExtendedData>
            <Point id="63552">
                <coordinates>73.955063585,15.214038743,0.0</coordinates>
            </Point>
        </Placemark>
        <Placemark id="63585">
            <ExtendedData>
                <Data name="direction">
                    <value>https://maps.google.com?q=15.22426,73.95643&amp;t=h</value>
                </Data>
                <Data name="id">
                    <value>1978</value>
                </Data>
                <Data name="name">
                    <value>Mangoli or Agorachi Panto</value>
                </Data>
                <Data name="taluka">
                    <value>Salcete</value>
                </Data>
                <Data name="syno">
                    <value>97</value>
                </Data>
                <Data name="subdiv">
                    <value>5</value>
                </Data>
                <Data name="village">
                    <value>Orlim</value>
                </Data>
                <Data name="latitude">
                    <value>15.22426</value>
                </Data>
                <Data name="longitude">
                    <value>73.95643</value>
                </Data>
                <Data name="photo_1">
                    <value>DCIM/20220105163943909.jpg</value>
                </Data>
                <Data name="photo_2">
                    <value>DCIM/20220105163951507.jpg</value>
                </Data>
                <Data name="constituency">
                    <value>32 - Benaulim</value>
                </Data>
                <Data name="status">
                    <value>Completed</value>
                </Data>
                <Data name="panchayat">
                    <value>Orlim</value>
                </Data>
                <Data name="wb_type">
                    <value>Pond</value>
                </Data>
                <Data name="owner_type">
                    <value>Private</value>
                </Data>
                <Data name="purpose">
                    <value>Irrigation</value>
                </Data>
                <Data name="construction">
                    <value>Natural</value>
                </Data>
                <Data name="condition">
                    <value>Needs Maintenance</value>
                </Data>
                <Data name="print_order">
                    <value>064</value>
                </Data>
                <Data name="wb_id">
                    <value>Sc/Orli/58</value>
                </Data>
                <Data name="storage_capacity">
                    <value>106.0</value>
                </Data>
                <Data name="wb_surface_id">
                    <value>1627</value>
                </Data>
                <Data name="created_at">
                    <value>2020-02-28 15:24:34</value>
                </Data>
                <Data name="updated_at">
                    <value>2023-07-22 14:03:14.307690</value>
                </Data>
                <Data name="book_id">
                    <value>5</value>
                </Data>
                <Data name="owners">
                    <value>Merciana Rosrigues</value>
                </Data>
                <Data name="label_x">
                    <value>987635.0</value>
                </Data>
                <Data name="label_y">
                    <value>973615.5163768135</value>
                </Data>
            </ExtendedData>
            <Point id="63584">
                <coordinates>73.956429885,15.22426141,0.0</coordinates>
            </Point>
        </Placemark>
        <Placemark id="63617">
            <ExtendedData>
                <Data name="direction">
                    <value>https://maps.google.com?q=15.21334,73.94514&amp;t=h</value>
                </Data>
                <Data name="id">
                    <value>1983</value>
                </Data>
                <Data name="name">
                    <value>Sanbatin</value>
                </Data>
                <Data name="taluka">
                    <value>Salcete</value>
                </Data>
                <Data name="syno">
                    <value>42</value>
                </Data>
                <Data name="subdiv">
                    <value>3</value>
                </Data>
                <Data name="village">
                    <value>Orlim</value>
                </Data>
                <Data name="latitude">
                    <value>15.21334</value>
                </Data>
                <Data name="longitude">
                    <value>73.94514</value>
                </Data>
                <Data name="photo_1">
                    <value>DCIM/20220105205936597.jpg</value>
                </Data>
                <Data name="photo_2">
                    <value>DCIM/20220105205949636.jpg</value>
                </Data>
                <Data name="constituency">
                    <value>32 - Benaulim</value>
                </Data>
                <Data name="status">
                    <value>Completed</value>
                </Data>
                <Data name="panchayat">
                    <value>Orlim</value>
                </Data>
                <Data name="wb_type">
                    <value>Pond</value>
                </Data>
                <Data name="owner_type">
                    <value>Private</value>
                </Data>
                <Data name="purpose">
                    <value>Irrigation</value>
                </Data>
                <Data name="construction">
                    <value>Man Made</value>
                </Data>
                <Data name="condition">
                    <value>Good</value>
                </Data>
                <Data name="print_order">
                    <value>040</value>
                </Data>
                <Data name="wb_id">
                    <value>Sc/Orli/34</value>
                </Data>
                <Data name="storage_capacity">
                    <value>326.0</value>
                </Data>
                <Data name="wb_surface_id">
                    <value>1083</value>
                </Data>
                <Data name="created_at">
                    <value>2020-02-28 15:24:34</value>
                </Data>
                <Data name="updated_at">
                    <value>2023-07-22 14:03:14.307690</value>
                </Data>
                <Data name="book_id">
                    <value>5</value>
                </Data>
                <Data name="owners">
                    <value>Roque Sebastiao Agnelo Fernandes</value>
                </Data>
                <Data name="label_x">
                    <value>987635.0</value>
                </Data>
                <Data name="label_y">
                    <value>975365.516376814</value>
                </Data>
            </ExtendedData>
            <Point id="63616">
                <coordinates>73.945143148,15.213342183,0.0</coordinates>
            </Point>
        </Placemark>
        <Placemark id="63649">
            <ExtendedData>
                <Data name="direction">
                    <value>https://maps.google.com?q=15.21222,73.94532&amp;t=h</value>
                </Data>
                <Data name="id">
                    <value>1984</value>
                </Data>
                <Data name="name">
                    <value>Kadollem</value>
                </Data>
                <Data name="taluka">
                    <value>Salcete</value>
                </Data>
                <Data name="syno">
                    <value>42</value>
                </Data>
                <Data name="subdiv">
                    <value>18</value>
                </Data>
                <Data name="village">
                    <value>Orlim</value>
                </Data>
                <Data name="latitude">
                    <value>15.21222</value>
                </Data>
                <Data name="longitude">
                    <value>73.94532</value>
                </Data>
                <Data name="photo_1">
                    <value>DCIM/20220105210316801.jpg</value>
                </Data>
                <Data name="photo_2">
                    <value>DCIM/20220105210325071.jpg</value>
                </Data>
                <Data name="constituency">
                    <value>32 - Benaulim</value>
                </Data>
                <Data name="status">
                    <value>Completed</value>
                </Data>
                <Data name="panchayat">
                    <value>Orlim</value>
                </Data>
                <Data name="wb_type">
                    <value>Pond</value>
                </Data>
                <Data name="owner_type">
                    <value>Private</value>
                </Data>
                <Data name="purpose">
                    <value>Irrigation</value>
                </Data>
                <Data name="construction">
                    <value>Natural</value>
                </Data>
                <Data name="condition">
                    <value>Needs Maintenance</value>
                </Data>
                <Data name="print_order">
                    <value>041</value>
                </Data>
                <Data name="wb_id">
                    <value>Sc/Orli/35</value>
                </Data>
                <Data name="storage_capacity">
                    <value>317.0</value>
                </Data>
                <Data name="wb_surface_id">
                    <value>1080</value>
                </Data>
                <Data name="created_at">
                    <value>2020-02-28 15:24:34</value>
                </Data>
                <Data name="updated_at">
                    <value>2023-07-22 14:03:14.307690</value>
                </Data>
                <Data name="book_id">
                    <value>5</value>
                </Data>
                <Data name="owners">
                    <value>Antonio Benjamino Rodrigues</value>
                </Data>
                <Data name="label_x">
                    <value>987635.0</value>
                </Data>
                <Data name="label_y">
                    <value>974315.516376814</value>
                </Data>
            </ExtendedData>
            <Point id="63648">
                <coordinates>73.945315428,15.21222385,0.0</coordinates>
            </Point>
        </Placemark>
        <Placemark id="63681">
            <ExtendedData>
                <Data name="direction">
                    <value>https://maps.google.com?q=15.21371,73.94466&amp;t=h</value>
                </Data>
                <Data name="id">
                    <value>1982</value>
                </Data>
                <Data name="name">
                    <value>Fondient</value>
                </Data>
                <Data name="taluka">
                    <value>Salcete</value>
                </Data>
                <Data name="syno">
                    <value>46</value>
                </Data>
                <Data name="subdiv">
                    <value>60</value>
                </Data>
                <Data name="village">
                    <value>Orlim</value>
                </Data>
                <Data name="latitude">
                    <value>15.21371</value>
                </Data>
                <Data name="longitude">
                    <value>73.94466</value>
                </Data>
                <Data name="photo_1">
                    <value>DCIM/20220105205123988.jpg</value>
                </Data>
                <Data name="photo_2">
                    <value>DCIM/20220105205131131.jpg</value>
                </Data>
                <Data name="constituency">
                    <value>32 - Benaulim</value>
                </Data>
                <Data name="status">
                    <value>Completed</value>
                </Data>
                <Data name="panchayat">
                    <value>Orlim</value>
                </Data>
                <Data name="wb_type">
                    <value>Pond</value>
                </Data>
                <Data name="owner_type">
                    <value>Private</value>
                </Data>
                <Data name="purpose">
                    <value>Irrigation</value>
                </Data>
                <Data name="construction">
                    <value>Natural</value>
                </Data>
                <Data name="condition">
                    <value>Needs Maintenance</value>
                </Data>
                <Data name="print_order">
                    <value>058</value>
                </Data>
                <Data name="wb_id">
                    <value>Sc/Orli/52</value>
                </Data>
                <Data name="storage_capacity">
                    <value>187.0</value>
                </Data>
                <Data name="wb_surface_id">
                    <value>1077</value>
                </Data>
                <Data name="created_at">
                    <value>2020-02-28 15:24:34</value>
                </Data>
                <Data name="updated_at">
                    <value>2023-07-22 14:03:14.307690</value>
                </Data>
                <Data name="book_id">
                    <value>5</value>
                </Data>
                <Data name="owners">
                    <value>Pilar Sisters Association</value>
                </Data>
                <Data name="label_x">
                    <value>987635.0</value>
                </Data>
                <Data name="label_y">
                    <value>976065.516376814</value>
                </Data>
            </ExtendedData>
            <Point id="63680">
                <coordinates>73.944661262,15.213709961,0.0</coordinates>
            </Point>
        </Placemark>
        <Placemark id="63713">
            <ExtendedData>
                <Data name="direction">
                    <value>https://maps.google.com?q=15.22793,73.94863&amp;t=h</value>
                </Data>
                <Data name="id">
                    <value>1991</value>
                </Data>
                <Data name="name">
                    <value>--</value>
                </Data>
                <Data name="taluka">
                    <value>Salcete</value>
                </Data>
                <Data name="syno">
                    <value>70</value>
                </Data>
                <Data name="subdiv">
                    <value>6</value>
                </Data>
                <Data name="village">
                    <value>Orlim</value>
                </Data>
                <Data name="latitude">
                    <value>15.22793</value>
                </Data>
                <Data name="longitude">
                    <value>73.94863</value>
                </Data>
                <Data name="photo_1">
                    <value>DCIM/20220105130858163.jpg</value>
                </Data>
                <Data name="photo_2">
                    <value>DCIM/20220105130907813.jpg</value>
                </Data>
                <Data name="constituency">
                    <value>32 - Benaulim</value>
                </Data>
                <Data name="status">
                    <value>Completed</value>
                </Data>
                <Data name="panchayat">
                    <value>Orlim</value>
                </Data>
                <Data name="wb_type">
                    <value>Pond</value>
                </Data>
                <Data name="owner_type">
                    <value>Private</value>
                </Data>
                <Data name="purpose">
                    <value>Storage</value>
                </Data>
                <Data name="construction">
                    <value>Natural</value>
                </Data>
                <Data name="condition">
                    <value>Needs Maintenance</value>
                </Data>
                <Data name="print_order">
                    <value>047</value>
                </Data>
                <Data name="wb_id">
                    <value>Sc/Orli/41</value>
                </Data>
                <Data name="storage_capacity">
                    <value>269.0</value>
                </Data>
                <Data name="wb_surface_id">
                    <value>1638</value>
                </Data>
                <Data name="created_at">
                    <value>2020-02-28 15:24:34</value>
                </Data>
                <Data name="updated_at">
                    <value>2023-07-22 14:03:14.307690</value>
                </Data>
                <Data name="book_id">
                    <value>5</value>
                </Data>
                <Data name="owners">
                    <value>Antonio Joaquim Furtado</value>
                </Data>
                <Data name="label_x">
                    <value>987635.0</value>
                </Data>
                <Data name="label_y">
                    <value>983065.516376814</value>
                </Data>
            </ExtendedData>
            <Point id="63712">
                <coordinates>73.948627672,15.227930006,0.0</coordinates>
            </Point>
        </Placemark>
        <Placemark id="63745">
            <ExtendedData>
                <Data name="direction">
                    <value>https://maps.google.com?q=15.22291,73.95852&amp;t=h</value>
                </Data>
                <Data name="id">
                    <value>1954</value>
                </Data>
                <Data name="name">
                    <value>Tambalicho Agor</value>
                </Data>
                <Data name="taluka">
                    <value>Salcete</value>
                </Data>
                <Data name="syno">
                    <value>99</value>
                </Data>
                <Data name="subdiv">
                    <value>11</value>
                </Data>
                <Data name="village">
                    <value>Orlim</value>
                </Data>
                <Data name="latitude">
                    <value>15.22291</value>
                </Data>
                <Data name="longitude">
                    <value>73.95852</value>
                </Data>
                <Data name="photo_1">
                    <value>DCIM/20220105164846853.jpg</value>
                </Data>
                <Data name="photo_2">
                    <value>DCIM/20220105164853835.jpg</value>
                </Data>
                <Data name="constituency">
                    <value>32 - Benaulim</value>
                </Data>
                <Data name="status">
                    <value>Completed</value>
                </Data>
                <Data name="panchayat">
                    <value>Orlim</value>
                </Data>
                <Data name="wb_type">
                    <value>Pond</value>
                </Data>
                <Data name="owner_type">
                    <value>Private</value>
                </Data>
                <Data name="purpose">
                    <value>Irrigation</value>
                </Data>
                <Data name="construction">
                    <value>Natural</value>
                </Data>
                <Data name="condition">
                    <value>Needs Maintenance</value>
                </Data>
                <Data name="print_order">
                    <value>050</value>
                </Data>
                <Data name="wb_id">
                    <value>Sc/Orli/44</value>
                </Data>
                <Data name="storage_capacity">
                    <value>254.0</value>
                </Data>
                <Data name="wb_surface_id">
                    <value>1621</value>
                </Data>
                <Data name="created_at">
                    <value>2020-02-28 15:24:34</value>
                </Data>
                <Data name="updated_at">
                    <value>2023-07-22 14:03:14.307690</value>
                </Data>
                <Data name="book_id">
                    <value>5</value>
                </Data>
                <Data name="owners">
                    <value>Anthonio Antao
Jose cdosta</value>
                </Data>
                <Data name="label_x">
                    <value>1008335.0</value>
                </Data>
                <Data name="label_y">
                    <value>997948.087559794</value>
                </Data>
            </ExtendedData>
            <Point id="63744">
                <coordinates>73.958519899,15.222906619,0.0</coordinates>
            </Point>
        </Placemark>
        <Placemark id="63777">
            <ExtendedData>
                <Data name="direction">
                    <value>https://maps.google.com?q=15.21734,73.95345&amp;t=h</value>
                </Data>
                <Data name="id">
                    <value>1937</value>
                </Data>
                <Data name="name">
                    <value>Mirangali</value>
                </Data>
                <Data name="taluka">
                    <value>Salcete</value>
                </Data>
                <Data name="syno">
                    <value>21</value>
                </Data>
                <Data name="subdiv">
                    <value>11</value>
                </Data>
                <Data name="village">
                    <value>Orlim</value>
                </Data>
                <Data name="latitude">
                    <value>15.21734</value>
                </Data>
                <Data name="longitude">
                    <value>73.95345</value>
                </Data>
                <Data name="photo_1">
                    <value>DCIM/20210917104706385.jpg</value>
                </Data>
                <Data name="photo_2">
                    <value>DCIM/20210917104713918.jpg</value>
                </Data>
                <Data name="constituency">
                    <value>32 - Benaulim</value>
                </Data>
                <Data name="status">
                    <value>Completed</value>
                </Data>
                <Data name="panchayat">
                    <value>Orlim</value>
                </Data>
                <Data name="wb_type">
                    <value>Pond</value>
                </Data>
                <Data name="owner_type">
                    <value>Communidade</value>
                </Data>
                <Data name="purpose">
                    <value>Irrigation</value>
                </Data>
                <Data name="construction">
                    <value>Natural</value>
                </Data>
                <Data name="condition">
                    <value>Needs Maintenance</value>
                </Data>
                <Data name="print_order">
                    <value>031</value>
                </Data>
                <Data name="wb_id">
                    <value>Sc/Orli/24</value>
                </Data>
                <Data name="storage_capacity">
                    <value>417.0</value>
                </Data>
                <Data name="wb_surface_id">
                    <value>1093</value>
                </Data>
                <Data name="created_at">
                    <value>2020-02-28 15:24:34</value>
                </Data>
                <Data name="updated_at">
                    <value>2023-07-22 14:03:14.307690</value>
                </Data>
                <Data name="book_id">
                    <value>5</value>
                </Data>
                <Data name="owners">
                    <value>Comunidade of Orlim</value>
                </Data>
                <Data name="label_x">
                    <value>1008335.0</value>
                </Data>
                <Data name="label_y">
                    <value>977298.087559794</value>
                </Data>
            </ExtendedData>
            <Point id="63776">
                <coordinates>73.953445565,15.217338607,0.0</coordinates>
            </Point>
        </Placemark>
        <Placemark id="63809">
            <ExtendedData>
                <Data name="direction">
                    <value>https://maps.google.com?q=15.21367,73.94167&amp;t=h</value>
                </Data>
                <Data name="id">
                    <value>3752</value>
                </Data>
                <Data name="name">
                    <value>Fondient</value>
                </Data>
                <Data name="taluka">
                    <value>Salcete</value>
                </Data>
                <Data name="syno">
                    <value>45</value>
                </Data>
                <Data name="subdiv">
                    <value>35</value>
                </Data>
                <Data name="village">
                    <value>Orlim</value>
                </Data>
                <Data name="latitude">
                    <value>15.21367</value>
                </Data>
                <Data name="longitude">
                    <value>73.94167</value>
                </Data>
                <Data name="photo_1">
                    <value>DCIM/20210914152504461.jpg</value>
                </Data>
                <Data name="photo_2">
                    <value>DCIM/20210914152515755.jpg</value>
                </Data>
                <Data name="constituency">
                    <value>32 - Benaulim</value>
                </Data>
                <Data name="status">
                    <value>Completed</value>
                </Data>
                <Data name="panchayat">
                    <value>Orlim</value>
                </Data>
                <Data name="wb_type">
                    <value>Pond</value>
                </Data>
                <Data name="owner_type">
                    <value>Private</value>
                </Data>
                <Data name="purpose">
                    <value>Irrigation</value>
                </Data>
                <Data name="construction">
                    <value>Natural</value>
                </Data>
                <Data name="condition">
                    <value>Needs Maintenance</value>
                </Data>
                <Data name="print_order">
                    <value>053</value>
                </Data>
                <Data name="wb_id">
                    <value>Sc/Orli/47</value>
                </Data>
                <Data name="storage_capacity">
                    <value>212.0</value>
                </Data>
                <Data name="wb_surface_id">
                    <value>2276</value>
                </Data>
                <Data name="created_at">
                    <value>2021-03-13 10:52:06.922915</value>
                </Data>
                <Data name="updated_at">
                    <value>2023-07-22 14:03:14.307690</value>
                </Data>
                <Data name="book_id">
                    <value>5</value>
                </Data>
                <Data name="owners">
                    <value>Antonio Xavier Martins (One)</value>
                </Data>
                <Data name="label_x">
                    <value>987635.0</value>
                </Data>
                <Data name="label_y">
                    <value>977465.516376814</value>
                </Data>
            </ExtendedData>
            <Point id="63808">
                <coordinates>73.941671371,15.21367253,0.0</coordinates>
            </Point>
        </Placemark>
        <Placemark id="63841">
            <ExtendedData>
                <Data name="direction">
                    <value>https://maps.google.com?q=15.22528,73.9522&amp;t=h</value>
                </Data>
                <Data name="id">
                    <value>1970</value>
                </Data>
                <Data name="name">
                    <value>Kampola</value>
                </Data>
                <Data name="taluka">
                    <value>Salcete</value>
                </Data>
                <Data name="syno">
                    <value>81</value>
                </Data>
                <Data name="subdiv">
                    <value>16</value>
                </Data>
                <Data name="village">
                    <value>Orlim</value>
                </Data>
                <Data name="latitude">
                    <value>15.22528</value>
                </Data>
                <Data name="longitude">
                    <value>73.9522</value>
                </Data>
                <Data name="photo_1">
                    <value>DCIM/20220105163231468.jpg</value>
                </Data>
                <Data name="photo_2">
                    <value>DCIM/20220105163244370.jpg</value>
                </Data>
                <Data name="constituency">
                    <value>32 - Benaulim</value>
                </Data>
                <Data name="status">
                    <value>Completed</value>
                </Data>
                <Data name="panchayat">
                    <value>Orlim</value>
                </Data>
                <Data name="wb_type">
                    <value>Pond</value>
                </Data>
                <Data name="owner_type">
                    <value>Private</value>
                </Data>
                <Data name="purpose">
                    <value>Irrigation</value>
                </Data>
                <Data name="construction">
                    <value>Natural</value>
                </Data>
                <Data name="condition">
                    <value>Good</value>
                </Data>
                <Data name="print_order">
                    <value>060</value>
                </Data>
                <Data name="wb_id">
                    <value>Sc/Orli/54</value>
                </Data>
                <Data name="storage_capacity">
                    <value>158.0</value>
                </Data>
                <Data name="wb_surface_id">
                    <value>1632</value>
                </Data>
                <Data name="created_at">
                    <value>2020-02-28 15:24:34</value>
                </Data>
                <Data name="updated_at">
                    <value>2023-07-22 14:03:14.307690</value>
                </Data>
                <Data name="book_id">
                    <value>5</value>
                </Data>
                <Data name="owners">
                    <value>Narayan Chodnekar
Premabai Nagvenkar</value>
                </Data>
                <Data name="label_x">
                    <value>987635.0</value>
                </Data>
                <Data name="label_y">
                    <value>979915.516376814</value>
                </Data>
            </ExtendedData>
            <Point id="63840">
                <coordinates>73.952200892,15.225275674,0.0</coordinates>
            </Point>
        </Placemark>
        <Placemark id="63873">
            <ExtendedData>
                <Data name="direction">
                    <value>https://maps.google.com?q=15.21489,73.9527&amp;t=h</value>
                </Data>
                <Data name="id">
                    <value>1987</value>
                </Data>
                <Data name="name">
                    <value>Madem</value>
                </Data>
                <Data name="taluka">
                    <value>Salcete</value>
                </Data>
                <Data name="syno">
                    <value>29</value>
                </Data>
                <Data name="subdiv">
                    <value>6</value>
                </Data>
                <Data name="village">
                    <value>Orlim</value>
                </Data>
                <Data name="latitude">
                    <value>15.21489</value>
                </Data>
                <Data name="longitude">
                    <value>73.9527</value>
                </Data>
                <Data name="photo_1">
                    <value>DCIM/20210917101321276.jpg</value>
                </Data>
                <Data name="photo_2">
                    <value>DCIM/20210917101330541.jpg</value>
                </Data>
                <Data name="constituency">
                    <value>32 - Benaulim</value>
                </Data>
                <Data name="status">
                    <value>Completed</value>
                </Data>
                <Data name="panchayat">
                    <value>Orlim</value>
                </Data>
                <Data name="wb_type">
                    <value>Lake</value>
                </Data>
                <Data name="owner_type">
                    <value>Private</value>
                </Data>
                <Data name="purpose">
                    <value>Irrigation</value>
                </Data>
                <Data name="construction">
                    <value>Natural/Man Made</value>
                </Data>
                <Data name="condition">
                    <value>Needs Maintenance</value>
                </Data>
                <Data name="print_order">
                    <value>002</value>
                </Data>
                <Data name="wb_id">
                    <value>Sc/Orli/01</value>
                </Data>
                <Data name="storage_capacity">
                    <value>10409.0</value>
                </Data>
                <Data name="wb_surface_id">
                    <value>1090</value>
                </Data>
                <Data name="created_at">
                    <value>2020-02-28 15:24:34</value>
                </Data>
                <Data name="updated_at">
                    <value>2023-07-22 14:03:14.307690</value>
                </Data>
                <Data name="book_id">
                    <value>5</value>
                </Data>
                <Data name="owners">
                    <value>Gorge Gomes</value>
                </Data>
                <Data name="label_x">
                    <value>1008335.0</value>
                </Data>
                <Data name="label_y">
                    <value>974498.087559794</value>
                </Data>
            </ExtendedData>
            <Point id="63872">
                <coordinates>73.9527021,15.214891674,0.0</coordinates>
            </Point>
        </Placemark>
        <Placemark id="63905">
            <ExtendedData>
                <Data name="direction">
                    <value>https://maps.google.com?q=15.22743,73.95729&amp;t=h</value>
                </Data>
                <Data name="id">
                    <value>1963</value>
                </Data>
                <Data name="name">
                    <value>Kallos</value>
                </Data>
                <Data name="taluka">
                    <value>Salcete</value>
                </Data>
                <Data name="syno">
                    <value>91</value>
                </Data>
                <Data name="subdiv">
                    <value>24</value>
                </Data>
                <Data name="village">
                    <value>Orlim</value>
                </Data>
                <Data name="latitude">
                    <value>15.22743</value>
                </Data>
                <Data name="longitude">
                    <value>73.95729</value>
                </Data>
                <Data name="photo_1">
                    <value>DCIM/20211223113054998.jpg</value>
                </Data>
                <Data name="photo_2">
                    <value>DCIM/20211223113107289.jpg</value>
                </Data>
                <Data name="constituency">
                    <value>32 - Benaulim</value>
                </Data>
                <Data name="status">
                    <value>Completed</value>
                </Data>
                <Data name="panchayat">
                    <value>Orlim</value>
                </Data>
                <Data name="wb_type">
                    <value>Pond</value>
                </Data>
                <Data name="owner_type">
                    <value>Private</value>
                </Data>
                <Data name="purpose">
                    <value>Irrigation</value>
                </Data>
                <Data name="construction">
                    <value>Natural</value>
                </Data>
                <Data name="condition">
                    <value>Needs Maintenance</value>
                </Data>
                <Data name="print_order">
                    <value>033</value>
                </Data>
                <Data name="wb_id">
                    <value>Sc/Orli/27</value>
                </Data>
                <Data name="storage_capacity">
                    <value>381.0</value>
                </Data>
                <Data name="wb_surface_id">
                    <value>1650</value>
                </Data>
                <Data name="created_at">
                    <value>2020-02-28 15:24:34</value>
                </Data>
                <Data name="updated_at">
                    <value>2023-07-22 14:03:14.307690</value>
                </Data>
                <Data name="book_id">
                    <value>5</value>
                </Data>
                <Data name="owners">
                    <value>Anthonio R. Fortes
Prif. Lino Almeida
Rodalfo Fortes</value>
                </Data>
                <Data name="label_x">
                    <value>987635.0</value>
                </Data>
                <Data name="label_y">
                    <value>977115.516376814</value>
                </Data>
            </ExtendedData>
            <Point id="63904">
                <coordinates>73.957291309,15.227427978,0.0</coordinates>
            </Point>
        </Placemark>
        <Placemark id="63937">
            <ExtendedData>
                <Data name="direction">
                    <value>https://maps.google.com?q=15.21296,73.94538&amp;t=h</value>
                </Data>
                <Data name="id">
                    <value>1986</value>
                </Data>
                <Data name="name">
                    <value>Sanbatin</value>
                </Data>
                <Data name="taluka">
                    <value>Salcete</value>
                </Data>
                <Data name="syno">
                    <value>42</value>
                </Data>
                <Data name="subdiv">
                    <value>13</value>
                </Data>
                <Data name="village">
                    <value>Orlim</value>
                </Data>
                <Data name="latitude">
                    <value>15.21296</value>
                </Data>
                <Data name="longitude">
                    <value>73.94538</value>
                </Data>
                <Data name="photo_1">
                    <value>DCIM/20220105210152395.jpg</value>
                </Data>
                <Data name="photo_2">
                    <value>DCIM/20220105210159652.jpg</value>
                </Data>
                <Data name="constituency">
                    <value>32 - Benaulim</value>
                </Data>
                <Data name="status">
                    <value>Completed</value>
                </Data>
                <Data name="panchayat">
                    <value>Orlim</value>
                </Data>
                <Data name="wb_type">
                    <value>Pond</value>
                </Data>
                <Data name="owner_type">
                    <value>Private</value>
                </Data>
                <Data name="purpose">
                    <value>Irrigation</value>
                </Data>
                <Data name="construction">
                    <value>Natural</value>
                </Data>
                <Data name="condition">
                    <value>Needs Maintenance</value>
                </Data>
                <Data name="print_order">
                    <value>029</value>
                </Data>
                <Data name="wb_id">
                    <value>Sc/Orli/22</value>
                </Data>
                <Data name="storage_capacity">
                    <value>460.0</value>
                </Data>
                <Data name="wb_surface_id">
                    <value>1078</value>
                </Data>
                <Data name="created_at">
                    <value>2020-02-28 15:24:34</value>
                </Data>
                <Data name="updated_at">
                    <value>2023-07-22 14:03:14.307690</value>
                </Data>
                <Data name="book_id">
                    <value>5</value>
                </Data>
                <Data name="owners">
                    <value>Antonio Xavier Martins</value>
                </Data>
                <Data name="label_x">
                    <value>987635.0</value>
                </Data>
                <Data name="label_y">
                    <value>975015.516376814</value>
                </Data>
            </ExtendedData>
            <Point id="63936">
                <coordinates>73.945377619,15.212955699,0.0</coordinates>
            </Point>
        </Placemark>
        <Placemark id="63969">
            <ExtendedData>
                <Data name="direction">
                    <value>https://maps.google.com?q=15.22697,73.95272&amp;t=h</value>
                </Data>
                <Data name="id">
                    <value>1992</value>
                </Data>
                <Data name="name">
                    <value>Gali</value>
                </Data>
                <Data name="taluka">
                    <value>Salcete</value>
                </Data>
                <Data name="syno">
                    <value>80</value>
                </Data>
                <Data name="subdiv">
                    <value>14</value>
                </Data>
                <Data name="village">
                    <value>Orlim</value>
                </Data>
                <Data name="latitude">
                    <value>15.22697</value>
                </Data>
                <Data name="longitude">
                    <value>73.95272</value>
                </Data>
                <Data name="photo_1">
                    <value>DCIM/20220105132511989.jpg</value>
                </Data>
                <Data name="photo_2">
                    <value>DCIM/20220105132526198.jpg</value>
                </Data>
                <Data name="constituency">
                    <value>32 - Benaulim</value>
                </Data>
                <Data name="status">
                    <value>Completed</value>
                </Data>
                <Data name="panchayat">
                    <value>Orlim</value>
                </Data>
                <Data name="wb_type">
                    <value>Pond</value>
                </Data>
                <Data name="owner_type">
                    <value>Private</value>
                </Data>
                <Data name="purpose">
                    <value>Irrigation</value>
                </Data>
                <Data name="construction">
                    <value>Natural</value>
                </Data>
                <Data name="condition">
                    <value>Needs Maintenance</value>
                </Data>
                <Data name="print_order">
                    <value>055</value>
                </Data>
                <Data name="wb_id">
                    <value>Sc/Orli/49</value>
                </Data>
                <Data name="storage_capacity">
                    <value>209.0</value>
                </Data>
                <Data name="wb_surface_id">
                    <value>1641</value>
                </Data>
                <Data name="created_at">
                    <value>2020-02-28 15:24:34</value>
                </Data>
                <Data name="updated_at">
                    <value>2023-07-22 14:03:14.307690</value>
                </Data>
                <Data name="book_id">
                    <value>5</value>
                </Data>
                <Data name="owners">
                    <value>Joao Costa
Joaquim Costa
Pe. Jose Costa</value>
                </Data>
                <Data name="label_x">
                    <value>987635.0</value>
                </Data>
                <Data name="label_y">
                    <value>982015.516376814</value>
                </Data>
            </ExtendedData>
            <Point id="63968">
                <coordinates>73.952718417,15.226973573,0.0</coordinates>
            </Point>
        </Placemark>
        <Placemark id="64001">
            <ExtendedData>
                <Data name="direction">
                    <value>https://maps.google.com?q=15.22799,73.95583&amp;t=h</value>
                </Data>
                <Data name="id">
                    <value>3864</value>
                </Data>
                <Data name="name">
                    <value>Gale Palcute</value>
                </Data>
                <Data name="taluka">
                    <value>Salcete</value>
                </Data>
                <Data name="syno">
                    <value>87</value>
                </Data>
                <Data name="subdiv">
                    <value>11</value>
                </Data>
                <Data name="village">
                    <value>Orlim</value>
                </Data>
                <Data name="latitude">
                    <value>15.22799</value>
                </Data>
                <Data name="longitude">
                    <value>73.95583</value>
                </Data>
                <Data name="photo_1">
                    <value>DCIM/20210917114425427.jpg</value>
                </Data>
                <Data name="photo_2">
                    <value>DCIM/20210917114433098.jpg</value>
                </Data>
                <Data name="constituency">
                    <value>32 - Benaulim</value>
                </Data>
                <Data name="status">
                    <value>Completed</value>
                </Data>
                <Data name="panchayat">
                    <value>Orlim</value>
                </Data>
                <Data name="wb_type">
                    <value>Tank</value>
                </Data>
                <Data name="owner_type">
                    <value>Private</value>
                </Data>
                <Data name="purpose">
                    <value>Irrigation</value>
                </Data>
                <Data name="construction">
                    <value>Man Made</value>
                </Data>
                <Data name="condition">
                    <value>Needs Maintenance</value>
                </Data>
                <Data name="print_order">
                    <value>143</value>
                </Data>
                <Data name="wb_id">
                    <value>Sc/Orli/25</value>
                </Data>
                <Data name="storage_capacity">
                    <value>403.0</value>
                </Data>
                <Data name="wb_surface_id">
                    <value>2560</value>
                </Data>
                <Data name="created_at">
                    <value>2021-09-17 00:00:00</value>
                </Data>
                <Data name="updated_at">
                    <value>2023-07-22 14:03:14.307690</value>
                </Data>
                <Data name="book_id">
                    <value>5</value>
                </Data>
                <Data name="owners">
                    <value>Anita Braganza
Domingos Arcanjo Fernandes
Josefa Marquinha Alberta Fernandes
Mariana Fatima Agusta Fernandes
Martinho Fernandes
Welington Fernandes</value>
                </Data>
                <Data name="label_x">
                    <value>987635.0</value>
                </Data>
                <Data name="label_y">
                    <value>981315.516376814</value>
                </Data>
            </ExtendedData>
            <Point id="64000">
                <coordinates>73.95583032,15.227985895,0.0</coordinates>
            </Point>
        </Placemark>
        <Placemark id="64033">
            <ExtendedData>
                <Data name="direction">
                    <value>https://maps.google.com?q=15.21861,73.95258&amp;t=h</value>
                </Data>
                <Data name="id">
                    <value>1942</value>
                </Data>
                <Data name="name">
                    <value>Guroy</value>
                </Data>
                <Data name="taluka">
                    <value>Salcete</value>
                </Data>
                <Data name="syno">
                    <value>21</value>
                </Data>
                <Data name="subdiv">
                    <value>1,5</value>
                </Data>
                <Data name="village">
                    <value>Orlim</value>
                </Data>
                <Data name="latitude">
                    <value>15.21861</value>
                </Data>
                <Data name="longitude">
                    <value>73.95258</value>
                </Data>
                <Data name="photo_1">
                    <value>DCIM/20210917110135672.jpg</value>
                </Data>
                <Data name="photo_2">
                    <value>DCIM/20210917110223022.jpg</value>
                </Data>
                <Data name="constituency">
                    <value>32 - Benaulim</value>
                </Data>
                <Data name="status">
                    <value>Completed</value>
                </Data>
                <Data name="panchayat">
                    <value>Orlim</value>
                </Data>
                <Data name="wb_type">
                    <value>Pond</value>
                </Data>
                <Data name="owner_type">
                    <value>Private</value>
                </Data>
                <Data name="purpose">
                    <value>Storage</value>
                </Data>
                <Data name="construction">
                    <value>Natural</value>
                </Data>
                <Data name="condition">
                    <value>Needs Maintenance</value>
                </Data>
                <Data name="print_order">
                    <value>017</value>
                </Data>
                <Data name="wb_id">
                    <value>Sc/Orli/10</value>
                </Data>
                <Data name="storage_capacity">
                    <value>1200.0</value>
                </Data>
                <Data name="wb_surface_id">
                    <value>1616</value>
                </Data>
                <Data name="created_at">
                    <value>2020-02-28 15:24:34</value>
                </Data>
                <Data name="updated_at">
                    <value>2023-07-22 14:03:14.307690</value>
                </Data>
                <Data name="book_id">
                    <value>5</value>
                </Data>
                <Data name="owners">
                    <value>Maria Iva Sapiencia Vas e Pereira
Ubaldino Miranda</value>
                </Data>
                <Data name="label_x">
                    <value>1008335.0</value>
                </Data>
                <Data name="label_y">
                    <value>979048.087559794</value>
                </Data>
            </ExtendedData>
            <Point id="64032">
                <coordinates>73.952578516,15.218613646,0.0</coordinates>
            </Point>
        </Placemark>
        <Placemark id="64065">
            <ExtendedData>
                <Data name="direction">
                    <value>https://maps.google.com?q=15.21825,73.95338&amp;t=h</value>
                </Data>
                <Data name="id">
                    <value>1940</value>
                </Data>
                <Data name="name">
                    <value>Modola Nomoxi</value>
                </Data>
                <Data name="taluka">
                    <value>Salcete</value>
                </Data>
                <Data name="syno">
                    <value>21</value>
                </Data>
                <Data name="subdiv">
                    <value>7</value>
                </Data>
                <Data name="village">
                    <value>Orlim</value>
                </Data>
                <Data name="latitude">
                    <value>15.21825</value>
                </Data>
                <Data name="longitude">
                    <value>73.95338</value>
                </Data>
                <Data name="photo_1">
                    <value>DCIM/20210917111121723.jpg</value>
                </Data>
                <Data name="photo_2">
                    <value>DCIM/20210917111128876.jpg</value>
                </Data>
                <Data name="constituency">
                    <value>32 - Benaulim</value>
                </Data>
                <Data name="status">
                    <value>Completed</value>
                </Data>
                <Data name="panchayat">
                    <value>Orlim</value>
                </Data>
                <Data name="wb_type">
                    <value>Pond</value>
                </Data>
                <Data name="owner_type">
                    <value>Private</value>
                </Data>
                <Data name="purpose">
                    <value>Storage</value>
                </Data>
                <Data name="construction">
                    <value>Natural</value>
                </Data>
                <Data name="condition">
                    <value>Needs Maintenance</value>
                </Data>
                <Data name="print_order">
                    <value>020</value>
                </Data>
                <Data name="wb_id">
                    <value>Sc/Orli/13</value>
                </Data>
                <Data name="storage_capacity">
                    <value>847.0</value>
                </Data>
                <Data name="wb_surface_id">
                    <value>1617</value>
                </Data>
                <Data name="created_at">
                    <value>2020-02-28 15:24:34</value>
                </Data>
                <Data name="updated_at">
                    <value>2023-07-22 14:03:14.307690</value>
                </Data>
                <Data name="book_id">
                    <value>5</value>
                </Data>
                <Data name="owners">
                    <value>Maria Iva Sapiencia Vas e Pereira</value>
                </Data>
                <Data name="label_x">
                    <value>1008335.0</value>
                </Data>
                <Data name="label_y">
                    <value>978698.087559794</value>
                </Data>
            </ExtendedData>
            <Point id="64064">
                <coordinates>73.953384181,15.218254039,0.0</coordinates>
            </Point>
        </Placemark>
        <Placemark id="64097">
            <ExtendedData>
                <Data name="direction">
                    <value>https://maps.google.com?q=15.22288,73.95909&amp;t=h</value>
                </Data>
                <Data name="id">
                    <value>1952</value>
                </Data>
                <Data name="name">
                    <value>Tambalicho Agor</value>
                </Data>
                <Data name="taluka">
                    <value>Salcete</value>
                </Data>
                <Data name="syno">
                    <value>99</value>
                </Data>
                <Data name="subdiv">
                    <value>9</value>
                </Data>
                <Data name="village">
                    <value>Orlim</value>
                </Data>
                <Data name="latitude">
                    <value>15.22288</value>
                </Data>
                <Data name="longitude">
                    <value>73.95909</value>
                </Data>
                <Data name="photo_1">
                    <value>DCIM/20220105164926001.jpg</value>
                </Data>
                <Data name="photo_2">
                    <value>DCIM/20220105164932727.jpg</value>
                </Data>
                <Data name="constituency">
                    <value>32 - Benaulim</value>
                </Data>
                <Data name="status">
                    <value>Completed</value>
                </Data>
                <Data name="panchayat">
                    <value>Orlim</value>
                </Data>
                <Data name="wb_type">
                    <value>Pond</value>
                </Data>
                <Data name="owner_type">
                    <value>Private</value>
                </Data>
                <Data name="purpose">
                    <value>Irrigation</value>
                </Data>
                <Data name="construction">
                    <value>Natural</value>
                </Data>
                <Data name="condition">
                    <value>Good</value>
                </Data>
                <Data name="print_order">
                    <value>025</value>
                </Data>
                <Data name="wb_id">
                    <value>Sc/Orli/18</value>
                </Data>
                <Data name="storage_capacity">
                    <value>671.0</value>
                </Data>
                <Data name="wb_surface_id">
                    <value>1622</value>
                </Data>
                <Data name="created_at">
                    <value>2020-02-28 15:24:34</value>
                </Data>
                <Data name="updated_at">
                    <value>2023-07-22 14:03:14.307690</value>
                </Data>
                <Data name="book_id">
                    <value>5</value>
                </Data>
                <Data name="owners">
                    <value>Albertina D'Costa 1/4
Alexandra Marguleao 1/4
Anthony Piedade Costa 1/2
Ofilia Gonsalves Marguleao 1/4</value>
                </Data>
                <Data name="label_x">
                    <value>1008335.0</value>
                </Data>
                <Data name="label_y">
                    <value>997598.087559794</value>
                </Data>
            </ExtendedData>
            <Point id="64096">
                <coordinates>73.959092787,15.222883871,0.0</coordinates>
            </Point>
        </Placemark>
        <Placemark id="64129">
            <ExtendedData>
                <Data name="direction">
                    <value>https://maps.google.com?q=15.22641,73.94887&amp;t=h</value>
                </Data>
                <Data name="id">
                    <value>1989</value>
                </Data>
                <Data name="name">
                    <value>Odoga Gairo</value>
                </Data>
                <Data name="taluka">
                    <value>Salcete</value>
                </Data>
                <Data name="syno">
                    <value>71</value>
                </Data>
                <Data name="subdiv">
                    <value>15</value>
                </Data>
                <Data name="village">
                    <value>Orlim</value>
                </Data>
                <Data name="latitude">
                    <value>15.22641</value>
                </Data>
                <Data name="longitude">
                    <value>73.94887</value>
                </Data>
                <Data name="photo_1">
                    <value>DCIM/20220105130726539.jpg</value>
                </Data>
                <Data name="photo_2">
                    <value>DCIM/20220105130737560.jpg</value>
                </Data>
                <Data name="constituency">
                    <value>32 - Benaulim</value>
                </Data>
                <Data name="status">
                    <value>Completed</value>
                </Data>
                <Data name="panchayat">
                    <value>Orlim</value>
                </Data>
                <Data name="wb_type">
                    <value>Pond</value>
                </Data>
                <Data name="owner_type">
                    <value>Private</value>
                </Data>
                <Data name="purpose">
                    <value>Storage</value>
                </Data>
                <Data name="construction">
                    <value>Natural</value>
                </Data>
                <Data name="condition">
                    <value>Needs Maintenance</value>
                </Data>
                <Data name="print_order">
                    <value>015</value>
                </Data>
                <Data name="wb_id">
                    <value>Sc/Orli/08</value>
                </Data>
                <Data name="storage_capacity">
                    <value>1471.0</value>
                </Data>
                <Data name="wb_surface_id">
                    <value>1640</value>
                </Data>
                <Data name="created_at">
                    <value>2020-02-28 15:24:34</value>
                </Data>
                <Data name="updated_at">
                    <value>2023-07-22 14:03:14.307690</value>
                </Data>
                <Data name="book_id">
                    <value>5</value>
                </Data>
                <Data name="owners">
                    <value>Alfredo Costa</value>
                </Data>
                <Data name="label_x">
                    <value>987635.0</value>
                </Data>
                <Data name="label_y">
                    <value>982365.516376814</value>
                </Data>
            </ExtendedData>
            <Point id="64128">
                <coordinates>73.948870948,15.226414091,0.0</coordinates>
            </Point>
        </Placemark>
        <Placemark id="64161">
            <ExtendedData>
                <Data name="direction">
                    <value>https://maps.google.com?q=15.22545,73.95111&amp;t=h</value>
                </Data>
                <Data name="id">
                    <value>1972</value>
                </Data>
                <Data name="name">
                    <value>Kampola</value>
                </Data>
                <Data name="taluka">
                    <value>Salcete</value>
                </Data>
                <Data name="syno">
                    <value>81</value>
                </Data>
                <Data name="subdiv">
                    <value>13,14</value>
                </Data>
                <Data name="village">
                    <value>Orlim</value>
                </Data>
                <Data name="latitude">
                    <value>15.22545</value>
                </Data>
                <Data name="longitude">
                    <value>73.95111</value>
                </Data>
                <Data name="photo_1">
                    <value>DCIM/20220105163007601.jpg</value>
                </Data>
                <Data name="photo_2">
                    <value>DCIM/20220105163017918.jpg</value>
                </Data>
                <Data name="constituency">
                    <value>32 - Benaulim</value>
                </Data>
                <Data name="status">
                    <value>Completed</value>
                </Data>
                <Data name="panchayat">
                    <value>Orlim</value>
                </Data>
                <Data name="wb_type">
                    <value>Pond</value>
                </Data>
                <Data name="owner_type">
                    <value>Private</value>
                </Data>
                <Data name="purpose">
                    <value>Irrigation</value>
                </Data>
                <Data name="construction">
                    <value>Natural</value>
                </Data>
                <Data name="condition">
                    <value>Needs Maintenance</value>
                </Data>
                <Data name="print_order">
                    <value>012</value>
                </Data>
                <Data name="wb_id">
                    <value>Sc/Orli/05</value>
                </Data>
                <Data name="storage_capacity">
                    <value>2641.0</value>
                </Data>
                <Data name="wb_surface_id">
                    <value>1634</value>
                </Data>
                <Data name="created_at">
                    <value>2020-02-28 15:24:34</value>
                </Data>
                <Data name="updated_at">
                    <value>2023-07-22 14:03:14.307690</value>
                </Data>
                <Data name="book_id">
                    <value>5</value>
                </Data>
                <Data name="owners">
                    <value>Alfredo D'Costa
Inacinho Pereira</value>
                </Data>
                <Data name="label_x">
                    <value>987635.0</value>
                </Data>
                <Data name="label_y">
                    <value>980615.516376814</value>
                </Data>
            </ExtendedData>
            <Point id="64160">
                <coordinates>73.951108513,15.225446278,0.0</coordinates>
            </Point>
        </Placemark>
        <Placemark id="64193">
            <ExtendedData>
                <Data name="direction">
                    <value>https://maps.google.com?q=15.21646,73.95347&amp;t=h</value>
                </Data>
                <Data name="id">
                    <value>1934</value>
                </Data>
                <Data name="name">
                    <value>Kazopatto</value>
                </Data>
                <Data name="taluka">
                    <value>Salcete</value>
                </Data>
                <Data name="syno">
                    <value>25</value>
                </Data>
                <Data name="subdiv">
                    <value>7</value>
                </Data>
                <Data name="village">
                    <value>Orlim</value>
                </Data>
                <Data name="latitude">
                    <value>15.21646</value>
                </Data>
                <Data name="longitude">
                    <value>73.95347</value>
                </Data>
                <Data name="photo_1">
                    <value>DCIM/20210917103523862.jpg</value>
                </Data>
                <Data name="photo_2">
                    <value>DCIM/20210917103532719.jpg</value>
                </Data>
                <Data name="constituency">
                    <value>32 - Benaulim</value>
                </Data>
                <Data name="status">
                    <value>Completed</value>
                </Data>
                <Data name="panchayat">
                    <value>Orlim</value>
                </Data>
                <Data name="wb_type">
                    <value>Pond</value>
                </Data>
                <Data name="owner_type">
                    <value>Private</value>
                </Data>
                <Data name="purpose">
                    <value>Storage</value>
                </Data>
                <Data name="construction">
                    <value>Natural</value>
                </Data>
                <Data name="condition">
                    <value>Needs Maintenance</value>
                </Data>
                <Data name="print_order">
                    <value>018</value>
                </Data>
                <Data name="wb_id">
                    <value>Sc/Orli/11</value>
                </Data>
                <Data name="storage_capacity">
                    <value>983.0</value>
                </Data>
                <Data name="wb_surface_id">
                    <value>1092</value>
                </Data>
                <Data name="created_at">
                    <value>2020-02-28 15:24:34</value>
                </Data>
                <Data name="updated_at">
                    <value>2023-07-22 14:03:14.307690</value>
                </Data>
                <Data name="book_id">
                    <value>5</value>
                </Data>
                <Data name="owners">
                    <value>Dr. Samiro Vaz</value>
                </Data>
                <Data name="label_x">
                    <value>1008335.0</value>
                </Data>
                <Data name="label_y">
                    <value>976248.087559794</value>
                </Data>
            </ExtendedData>
            <Point id="64192">
                <coordinates>73.953467993,15.216462223,0.0</coordinates>
            </Point>
        </Placemark>
        <Placemark id="64225">
            <ExtendedData>
                <Data name="direction">
                    <value>https://maps.google.com?q=15.22349,73.95756&amp;t=h</value>
                </Data>
                <Data name="id">
                    <value>1956</value>
                </Data>
                <Data name="name">
                    <value>Beticho Agor</value>
                </Data>
                <Data name="taluka">
                    <value>Salcete</value>
                </Data>
                <Data name="syno">
                    <value>98</value>
                </Data>
                <Data name="subdiv">
                    <value>8</value>
                </Data>
                <Data name="village">
                    <value>Orlim</value>
                </Data>
                <Data name="latitude">
                    <value>15.22349</value>
                </Data>
                <Data name="longitude">
                    <value>73.95756</value>
                </Data>
                <Data name="photo_1">
                    <value>DCIM/20220105164452576.jpg</value>
                </Data>
                <Data name="photo_2">
                    <value>DCIM/20220105164500313.jpg</value>
                </Data>
                <Data name="constituency">
                    <value>32 - Benaulim</value>
                </Data>
                <Data name="status">
                    <value>Completed</value>
                </Data>
                <Data name="panchayat">
                    <value>Orlim</value>
                </Data>
                <Data name="wb_type">
                    <value>Pond</value>
                </Data>
                <Data name="owner_type">
                    <value>Private</value>
                </Data>
                <Data name="purpose">
                    <value>Irrigation</value>
                </Data>
                <Data name="construction">
                    <value>Natural</value>
                </Data>
                <Data name="condition">
                    <value>Needs Maintenance</value>
                </Data>
                <Data name="print_order">
                    <value>049</value>
                </Data>
                <Data name="wb_id">
                    <value>Sc/Orli/43</value>
                </Data>
                <Data name="storage_capacity">
                    <value>265.0</value>
                </Data>
                <Data name="wb_surface_id">
                    <value>1625</value>
                </Data>
                <Data name="created_at">
                    <value>2020-02-28 15:24:34</value>
                </Data>
                <Data name="updated_at">
                    <value>2023-07-22 14:03:14.307690</value>
                </Data>
                <Data name="book_id">
                    <value>5</value>
                </Data>
                <Data name="owners">
                    <value>Anthonio Antao</value>
                </Data>
                <Data name="label_x">
                    <value>1008335.0</value>
                </Data>
                <Data name="label_y">
                    <value>999348.087559794</value>
                </Data>
            </ExtendedData>
            <Point id="64224">
                <coordinates>73.957559703,15.223491116,0.0</coordinates>
            </Point>
        </Placemark>
        <Placemark id="64257">
            <ExtendedData>
                <Data name="direction">
                    <value>https://maps.google.com?q=15.21906,73.95642&amp;t=h</value>
                </Data>
                <Data name="id">
                    <value>1947</value>
                </Data>
                <Data name="name">
                    <value>Udguelem</value>
                </Data>
                <Data name="taluka">
                    <value>Salcete</value>
                </Data>
                <Data name="syno">
                    <value>15</value>
                </Data>
                <Data name="subdiv">
                    <value>6</value>
                </Data>
                <Data name="village">
                    <value>Orlim</value>
                </Data>
                <Data name="latitude">
                    <value>15.21906</value>
                </Data>
                <Data name="longitude">
                    <value>73.95642</value>
                </Data>
                <Data name="photo_1">
                    <value>DCIM/20220105203204800.jpg</value>
                </Data>
                <Data name="photo_2">
                    <value>DCIM/20220105203213105.jpg</value>
                </Data>
                <Data name="constituency">
                    <value>32 - Benaulim</value>
                </Data>
                <Data name="status">
                    <value>Completed</value>
                </Data>
                <Data name="panchayat">
                    <value>Orlim</value>
                </Data>
                <Data name="wb_type">
                    <value>Pond</value>
                </Data>
                <Data name="owner_type">
                    <value>Private</value>
                </Data>
                <Data name="purpose">
                    <value>Irrigation</value>
                </Data>
                <Data name="construction">
                    <value>Natural</value>
                </Data>
                <Data name="condition">
                    <value>Needs Maintenance</value>
                </Data>
                <Data name="print_order">
                    <value>039</value>
                </Data>
                <Data name="wb_id">
                    <value>Sc/Orli/33</value>
                </Data>
                <Data name="storage_capacity">
                    <value>332.0</value>
                </Data>
                <Data name="wb_surface_id">
                    <value>1609</value>
                </Data>
                <Data name="created_at">
                    <value>2020-02-28 15:24:34</value>
                </Data>
                <Data name="updated_at">
                    <value>2023-07-22 14:03:14.307690</value>
                </Data>
                <Data name="book_id">
                    <value>5</value>
                </Data>
                <Data name="owners">
                    <value>Leo Constancio Fernandes</value>
                </Data>
                <Data name="label_x">
                    <value>1008335.0</value>
                </Data>
                <Data name="label_y">
                    <value>981148.087559794</value>
                </Data>
            </ExtendedData>
            <Point id="64256">
                <coordinates>73.956420095,15.219056229,0.0</coordinates>
            </Point>
        </Placemark>
        <Placemark id="64289">
            <ExtendedData>
                <Data name="direction">
                    <value>https://maps.google.com?q=15.2161,73.95622&amp;t=h</value>
                </Data>
                <Data name="id">
                    <value>1931</value>
                </Data>
                <Data name="name">
                    <value>Zaripatto</value>
                </Data>
                <Data name="taluka">
                    <value>Salcete</value>
                </Data>
                <Data name="syno">
                    <value>34</value>
                </Data>
                <Data name="subdiv">
                    <value>3</value>
                </Data>
                <Data name="village">
                    <value>Orlim</value>
                </Data>
                <Data name="latitude">
                    <value>15.2161</value>
                </Data>
                <Data name="longitude">
                    <value>73.95622</value>
                </Data>
                <Data name="photo_1">
                    <value>DCIM/20220105203455191.jpg</value>
                </Data>
                <Data name="photo_2">
                    <value>DCIM/20220105203506000.jpg</value>
                </Data>
                <Data name="constituency">
                    <value>32 - Benaulim</value>
                </Data>
                <Data name="status">
                    <value>Completed</value>
                </Data>
                <Data name="panchayat">
                    <value>Orlim</value>
                </Data>
                <Data name="wb_type">
                    <value>Pond</value>
                </Data>
                <Data name="owner_type">
                    <value>Private</value>
                </Data>
                <Data name="purpose">
                    <value>Irrigation</value>
                </Data>
                <Data name="construction">
                    <value>Natural</value>
                </Data>
                <Data name="condition">
                    <value>Good</value>
                </Data>
                <Data name="print_order">
                    <value>019</value>
                </Data>
                <Data name="wb_id">
                    <value>Sc/Orli/12</value>
                </Data>
                <Data name="storage_capacity">
                    <value>886.0</value>
                </Data>
                <Data name="wb_surface_id">
                    <value>1602</value>
                </Data>
                <Data name="created_at">
                    <value>2020-02-28 15:24:34</value>
                </Data>
                <Data name="updated_at">
                    <value>2023-07-22 14:03:14.307690</value>
                </Data>
                <Data name="book_id">
                    <value>5</value>
                </Data>
                <Data name="owners">
                    <value>Dr. Samir Vaz</value>
                </Data>
                <Data name="label_x">
                    <value>1008335.0</value>
                </Data>
                <Data name="label_y">
                    <value>976948.087559794</value>
                </Data>
            </ExtendedData>
            <Point id="64288">
                <coordinates>73.956222657,15.216101039,0.0</coordinates>
            </Point>
        </Placemark>
        <Placemark id="64321">
            <ExtendedData>
                <Data name="direction">
                    <value>https://maps.google.com?q=15.22041,73.95532&amp;t=h</value>
                </Data>
                <Data name="id">
                    <value>1949</value>
                </Data>
                <Data name="name">
                    <value>Gouto Naik</value>
                </Data>
                <Data name="taluka">
                    <value>Salcete</value>
                </Data>
                <Data name="syno">
                    <value>12</value>
                </Data>
                <Data name="subdiv">
                    <value>2</value>
                </Data>
                <Data name="village">
                    <value>Orlim</value>
                </Data>
                <Data name="latitude">
                    <value>15.22041</value>
                </Data>
                <Data name="longitude">
                    <value>73.95532</value>
                </Data>
                <Data name="photo_1">
                    <value>DCIM/20210914154729596.jpg</value>
                </Data>
                <Data name="photo_2">
                    <value>DCIM/20210914154739004.jpg</value>
                </Data>
                <Data name="constituency">
                    <value>32 - Benaulim</value>
                </Data>
                <Data name="status">
                    <value>Completed</value>
                </Data>
                <Data name="panchayat">
                    <value>Orlim</value>
                </Data>
                <Data name="wb_type">
                    <value>Pond</value>
                </Data>
                <Data name="owner_type">
                    <value>Private / Public</value>
                </Data>
                <Data name="purpose">
                    <value>Irrigation</value>
                </Data>
                <Data name="construction">
                    <value>Natural</value>
                </Data>
                <Data name="condition">
                    <value>Good</value>
                </Data>
                <Data name="print_order">
                    <value>024</value>
                </Data>
                <Data name="wb_id">
                    <value>Sc/Orli/17</value>
                </Data>
                <Data name="storage_capacity">
                    <value>750.0</value>
                </Data>
                <Data name="wb_surface_id">
                    <value>1611</value>
                </Data>
                <Data name="created_at">
                    <value>2020-02-28 15:24:34</value>
                </Data>
                <Data name="updated_at">
                    <value>2023-07-22 14:03:14.307690</value>
                </Data>
                <Data name="book_id">
                    <value>5</value>
                </Data>
                <Data name="owners">
                    <value>Antonio Xavier Martins
Goa Government, Govt. of India</value>
                </Data>
                <Data name="label_x">
                    <value>1008335.0</value>
                </Data>
                <Data name="label_y">
                    <value>998998.087559794</value>
                </Data>
            </ExtendedData>
            <Point id="64320">
                <coordinates>73.955318242,15.220413407,0.0</coordinates>
            </Point>
        </Placemark>
        <Placemark id="64353">
            <ExtendedData>
                <Data name="direction">
                    <value>https://maps.google.com?q=15.21797,73.95391&amp;t=h</value>
                </Data>
                <Data name="id">
                    <value>3863</value>
                </Data>
                <Data name="name">
                    <value>Auped</value>
                </Data>
                <Data name="taluka">
                    <value>Salcete</value>
                </Data>
                <Data name="syno">
                    <value>24</value>
                </Data>
                <Data name="subdiv">
                    <value>5</value>
                </Data>
                <Data name="village">
                    <value>Orlim</value>
                </Data>
                <Data name="latitude">
                    <value>15.21797</value>
                </Data>
                <Data name="longitude">
                    <value>73.95391</value>
                </Data>
                <Data name="photo_1">
                    <value>DCIM/20210917111004908.jpg</value>
                </Data>
                <Data name="photo_2">
                    <value>DCIM/20210917111011966.jpg</value>
                </Data>
                <Data name="constituency">
                    <value>32 - Benaulim</value>
                </Data>
                <Data name="status">
                    <value>Completed</value>
                </Data>
                <Data name="panchayat">
                    <value>Orlim</value>
                </Data>
                <Data name="wb_type">
                    <value>Pond</value>
                </Data>
                <Data name="owner_type">
                    <value>Private</value>
                </Data>
                <Data name="purpose">
                    <value>Storage</value>
                </Data>
                <Data name="construction">
                    <value>Natural</value>
                </Data>
                <Data name="condition">
                    <value>Needs Maintenance</value>
                </Data>
                <Data name="print_order">
                    <value>062</value>
                </Data>
                <Data name="wb_id">
                    <value>Sc/Orli/56</value>
                </Data>
                <Data name="storage_capacity">
                    <value>124.0</value>
                </Data>
                <Data name="wb_surface_id">
                    <value>2558</value>
                </Data>
                <Data name="created_at">
                    <value>2021-09-17 00:00:00</value>
                </Data>
                <Data name="updated_at">
                    <value>2023-07-22 14:03:14.307690</value>
                </Data>
                <Data name="book_id">
                    <value>5</value>
                </Data>
                <Data name="owners">
                    <value>Cristalina Dias</value>
                </Data>
                <Data name="label_x">
                    <value>1008335.0</value>
                </Data>
                <Data name="label_y">
                    <value>978348.087559794</value>
                </Data>
            </ExtendedData>
            <Point id="64352">
                <coordinates>73.953908469,15.217974345,0.0</coordinates>
            </Point>
        </Placemark>
        <Placemark id="64385">
            <ExtendedData>
                <Data name="direction">
                    <value>https://maps.google.com?q=15.22352,73.95809&amp;t=h</value>
                </Data>
                <Data name="id">
                    <value>4309</value>
                </Data>
                <Data name="name">
                    <value>Tialle Grande</value>
                </Data>
                <Data name="taluka">
                    <value>Salcete</value>
                </Data>
                <Data name="syno">
                    <value>99</value>
                </Data>
                <Data name="subdiv">
                    <value>4</value>
                </Data>
                <Data name="village">
                    <value>Orlim</value>
                </Data>
                <Data name="latitude">
                    <value>15.22352</value>
                </Data>
                <Data name="longitude">
                    <value>73.95809</value>
                </Data>
                <Data name="photo_1">
                    <value>DCIM/20220105164718596.jpg</value>
                </Data>
                <Data name="photo_2">
                    <value>DCIM/20220105164727115.jpg</value>
                </Data>
                <Data name="constituency">
                    <value>32 - Benaulim</value>
                </Data>
                <Data name="status">
                    <value>Completed</value>
                </Data>
                <Data name="panchayat">
                    <value>Orlim</value>
                </Data>
                <Data name="wb_type">
                    <value>Pond</value>
                </Data>
                <Data name="owner_type">
                    <value>Private</value>
                </Data>
                <Data name="purpose">
                    <value>Irrigation</value>
                </Data>
                <Data name="construction">
                    <value>Natural</value>
                </Data>
                <Data name="condition">
                    <value>Needs Maintenance</value>
                </Data>
                <Data name="print_order">
                    <value>063</value>
                </Data>
                <Data name="wb_id">
                    <value>Sc/Orli/57</value>
                </Data>
                <Data name="storage_capacity">
                    <value>115.0</value>
                </Data>
                <Data name="wb_surface_id">
                    <value>3283</value>
                </Data>
                <Data name="created_at">
                    <value>2022-01-05 00:00:00</value>
                </Data>
                <Data name="updated_at">
                    <value>2023-07-22 14:03:14.307690</value>
                </Data>
                <Data name="book_id">
                    <value>5</value>
                </Data>
                <Data name="owners">
                    <value>Eurico Agnelo Xavier de Assuncao Fernand es da Costa</value>
                </Data>
                <Data name="label_x">
                    <value>1008335.0</value>
                </Data>
                <Data name="label_y">
                    <value>998648.087559794</value>
                </Data>
            </ExtendedData>
            <Point id="64384">
                <coordinates>73.958091806,15.223515505,0.0</coordinates>
            </Point>
        </Placemark>
        <Placemark id="64417">
            <ExtendedData>
                <Data name="direction">
                    <value>https://maps.google.com?q=15.22799,73.95725&amp;t=h</value>
                </Data>
                <Data name="id">
                    <value>1965</value>
                </Data>
                <Data name="name">
                    <value>Kallos</value>
                </Data>
                <Data name="taluka">
                    <value>Salcete</value>
                </Data>
                <Data name="syno">
                    <value>91</value>
                </Data>
                <Data name="subdiv">
                    <value>6</value>
                </Data>
                <Data name="village">
                    <value>Orlim</value>
                </Data>
                <Data name="latitude">
                    <value>15.22799</value>
                </Data>
                <Data name="longitude">
                    <value>73.95725</value>
                </Data>
                <Data name="photo_1">
                    <value>DCIM/20211223113455470.jpg</value>
                </Data>
                <Data name="photo_2">
                    <value>DCIM/20211223113506068.jpg</value>
                </Data>
                <Data name="constituency">
                    <value>32 - Benaulim</value>
                </Data>
                <Data name="status">
                    <value>Completed</value>
                </Data>
                <Data name="panchayat">
                    <value>Orlim</value>
                </Data>
                <Data name="wb_type">
                    <value>Pond</value>
                </Data>
                <Data name="owner_type">
                    <value>Private</value>
                </Data>
                <Data name="purpose">
                    <value>Irrigation</value>
                </Data>
                <Data name="construction">
                    <value>Natural</value>
                </Data>
                <Data name="condition">
                    <value>Needs Maintenance</value>
                </Data>
                <Data name="print_order">
                    <value>028</value>
                </Data>
                <Data name="wb_id">
                    <value>Sc/Orli/21</value>
                </Data>
                <Data name="storage_capacity">
                    <value>477.0</value>
                </Data>
                <Data name="wb_surface_id">
                    <value>1653</value>
                </Data>
                <Data name="created_at">
                    <value>2020-02-28 15:24:34</value>
                </Data>
                <Data name="updated_at">
                    <value>2023-07-22 14:03:14.307690</value>
                </Data>
                <Data name="book_id">
                    <value>5</value>
                </Data>
                <Data name="owners">
                    <value>Aremitha B. Saldanha</value>
                </Data>
                <Data name="label_x">
                    <value>987635.0</value>
                </Data>
                <Data name="label_y">
                    <value>978865.516376814</value>
                </Data>
            </ExtendedData>
            <Point id="64416">
                <coordinates>73.957254234,15.227990896,0.0</coordinates>
            </Point>
        </Placemark>
        <Placemark id="64449">
            <ExtendedData>
                <Data name="direction">
                    <value>https://maps.google.com?q=15.22663,73.95256&amp;t=h</value>
                </Data>
                <Data name="id">
                    <value>1969</value>
                </Data>
                <Data name="name">
                    <value>Sinani Potoli</value>
                </Data>
                <Data name="taluka">
                    <value>Salcete</value>
                </Data>
                <Data name="syno">
                    <value>81</value>
                </Data>
                <Data name="subdiv">
                    <value>10</value>
                </Data>
                <Data name="village">
                    <value>Orlim</value>
                </Data>
                <Data name="latitude">
                    <value>15.22663</value>
                </Data>
                <Data name="longitude">
                    <value>73.95256</value>
                </Data>
                <Data name="photo_1">
                    <value>DCIM/20220105132559128.jpg</value>
                </Data>
                <Data name="photo_2">
                    <value>DCIM/20220105132621406.jpg</value>
                </Data>
                <Data name="constituency">
                    <value>32 - Benaulim</value>
                </Data>
                <Data name="status">
                    <value>Completed</value>
                </Data>
                <Data name="panchayat">
                    <value>Orlim</value>
                </Data>
                <Data name="wb_type">
                    <value>Pond</value>
                </Data>
                <Data name="owner_type">
                    <value>Private</value>
                </Data>
                <Data name="purpose">
                    <value>Irrigation</value>
                </Data>
                <Data name="construction">
                    <value>Natural</value>
                </Data>
                <Data name="condition">
                    <value>Needs Maintenance</value>
                </Data>
                <Data name="print_order">
                    <value>061</value>
                </Data>
                <Data name="wb_id">
                    <value>Sc/Orli/55</value>
                </Data>
                <Data name="storage_capacity">
                    <value>149.0</value>
                </Data>
                <Data name="wb_surface_id">
                    <value>1642</value>
                </Data>
                <Data name="created_at">
                    <value>2020-02-28 15:24:34</value>
                </Data>
                <Data name="updated_at">
                    <value>2023-07-22 14:03:14.307690</value>
                </Data>
                <Data name="book_id">
                    <value>5</value>
                </Data>
                <Data name="owners">
                    <value>Wellington Dias</value>
                </Data>
                <Data name="label_x">
                    <value>987635.0</value>
                </Data>
                <Data name="label_y">
                    <value>980965.516376814</value>
                </Data>
            </ExtendedData>
            <Point id="64448">
                <coordinates>73.952561708,15.226632431,0.0</coordinates>
            </Point>
        </Placemark>
        <Placemark id="64481">
            <ExtendedData>
                <Data name="direction">
                    <value>https://maps.google.com?q=15.21601,73.95349&amp;t=h</value>
                </Data>
                <Data name="id">
                    <value>1935</value>
                </Data>
                <Data name="name">
                    <value>madem</value>
                </Data>
                <Data name="taluka">
                    <value>Salcete</value>
                </Data>
                <Data name="syno">
                    <value>25</value>
                </Data>
                <Data name="subdiv">
                    <value>12</value>
                </Data>
                <Data name="village">
                    <value>Orlim</value>
                </Data>
                <Data name="latitude">
                    <value>15.21601</value>
                </Data>
                <Data name="longitude">
                    <value>73.95349</value>
                </Data>
                <Data name="photo_1">
                    <value>DCIM/20210917103948951.jpg</value>
                </Data>
                <Data name="photo_2">
                    <value>DCIM/20210917104031745.jpg</value>
                </Data>
                <Data name="constituency">
                    <value>32 - Benaulim</value>
                </Data>
                <Data name="status">
                    <value>Completed</value>
                </Data>
                <Data name="panchayat">
                    <value>Orlim</value>
                </Data>
                <Data name="wb_type">
                    <value>Pond</value>
                </Data>
                <Data name="owner_type">
                    <value>Private</value>
                </Data>
                <Data name="purpose">
                    <value>Storage</value>
                </Data>
                <Data name="construction">
                    <value>Natural</value>
                </Data>
                <Data name="condition">
                    <value>Needs Maintenance</value>
                </Data>
                <Data name="print_order">
                    <value>021</value>
                </Data>
                <Data name="wb_id">
                    <value>Sc/Orli/14</value>
                </Data>
                <Data name="storage_capacity">
                    <value>796.0</value>
                </Data>
                <Data name="wb_surface_id">
                    <value>1091</value>
                </Data>
                <Data name="created_at">
                    <value>2020-02-28 15:24:34</value>
                </Data>
                <Data name="updated_at">
                    <value>2023-07-22 14:03:14.307690</value>
                </Data>
                <Data name="book_id">
                    <value>5</value>
                </Data>
                <Data name="owners">
                    <value>Anthony Vaz</value>
                </Data>
                <Data name="label_x">
                    <value>1008335.0</value>
                </Data>
                <Data name="label_y">
                    <value>975898.087559794</value>
                </Data>
            </ExtendedData>
            <Point id="64480">
                <coordinates>73.953491499,15.216012919,0.0</coordinates>
            </Point>
        </Placemark>
        <Placemark id="64513">
            <ExtendedData>
                <Data name="direction">
                    <value>https://maps.google.com?q=15.22908,73.95949&amp;t=h</value>
                </Data>
                <Data name="id">
                    <value>1997</value>
                </Data>
                <Data name="name">
                    <value>Kodepad</value>
                </Data>
                <Data name="taluka">
                    <value>Salcete</value>
                </Data>
                <Data name="syno">
                    <value>89</value>
                </Data>
                <Data name="subdiv">
                    <value>13</value>
                </Data>
                <Data name="village">
                    <value>Orlim</value>
                </Data>
                <Data name="latitude">
                    <value>15.22908</value>
                </Data>
                <Data name="longitude">
                    <value>73.95949</value>
                </Data>
                <Data name="photo_1">
                    <value>DCIM/20220105165551563.jpg</value>
                </Data>
                <Data name="photo_2">
                    <value>DCIM/20220105165559227.jpg</value>
                </Data>
                <Data name="constituency">
                    <value>32 - Benaulim</value>
                </Data>
                <Data name="status">
                    <value>Completed</value>
                </Data>
                <Data name="panchayat">
                    <value>Orlim</value>
                </Data>
                <Data name="wb_type">
                    <value>Pond</value>
                </Data>
                <Data name="owner_type">
                    <value>Private</value>
                </Data>
                <Data name="purpose">
                    <value>Storage</value>
                </Data>
                <Data name="construction">
                    <value>Natural/Man Made</value>
                </Data>
                <Data name="condition">
                    <value>Good</value>
                </Data>
                <Data name="print_order">
                    <value>059</value>
                </Data>
                <Data name="wb_id">
                    <value>Sc/Orli/53</value>
                </Data>
                <Data name="storage_capacity">
                    <value>176.0</value>
                </Data>
                <Data name="wb_surface_id">
                    <value>1660</value>
                </Data>
                <Data name="created_at">
                    <value>2020-02-28 15:24:34</value>
                </Data>
                <Data name="updated_at">
                    <value>2023-07-22 14:03:14.307690</value>
                </Data>
                <Data name="book_id">
                    <value>5</value>
                </Data>
                <Data name="owners">
                    <value>Donato da Costa
Justo da Costa</value>
                </Data>
                <Data name="label_x">
                    <value>987635.0</value>
                </Data>
                <Data name="label_y">
                    <value>983415.516376814</value>
                </Data>
            </ExtendedData>
            <Point id="64512">
                <coordinates>73.959485069,15.22907795,0.0</coordinates>
            </Point>
        </Placemark>
        <Placemark id="64545">
            <ExtendedData>
                <Data name="direction">
                    <value>https://maps.google.com?q=15.22704,73.94958&amp;t=h</value>
                </Data>
                <Data name="id">
                    <value>1990</value>
                </Data>
                <Data name="name">
                    <value>Soptolem Olinga</value>
                </Data>
                <Data name="taluka">
                    <value>Salcete</value>
                </Data>
                <Data name="syno">
                    <value>78</value>
                </Data>
                <Data name="subdiv">
                    <value>6</value>
                </Data>
                <Data name="village">
                    <value>Orlim</value>
                </Data>
                <Data name="latitude">
                    <value>15.22704</value>
                </Data>
                <Data name="longitude">
                    <value>73.94958</value>
                </Data>
                <Data name="photo_1">
                    <value>DCIM/20220105130948878.jpg</value>
                </Data>
                <Data name="photo_2">
                    <value>DCIM/20220105130958244.jpg</value>
                </Data>
                <Data name="constituency">
                    <value>32 - Benaulim</value>
                </Data>
                <Data name="status">
                    <value>Completed</value>
                </Data>
                <Data name="panchayat">
                    <value>Orlim</value>
                </Data>
                <Data name="wb_type">
                    <value>Pond</value>
                </Data>
                <Data name="owner_type">
                    <value>Private</value>
                </Data>
                <Data name="purpose">
                    <value>Storage</value>
                </Data>
                <Data name="construction">
                    <value>Natural</value>
                </Data>
                <Data name="condition">
                    <value>Needs Maintenance</value>
                </Data>
                <Data name="print_order">
                    <value>052</value>
                </Data>
                <Data name="wb_id">
                    <value>Sc/Orli/46</value>
                </Data>
                <Data name="storage_capacity">
                    <value>227.0</value>
                </Data>
                <Data name="wb_surface_id">
                    <value>1637</value>
                </Data>
                <Data name="created_at">
                    <value>2020-02-28 15:24:34</value>
                </Data>
                <Data name="updated_at">
                    <value>2023-07-22 14:03:14.307690</value>
                </Data>
                <Data name="book_id">
                    <value>5</value>
                </Data>
                <Data name="owners">
                    <value>Anthonio Rosario Joao de Deus Luis
Apolinario Luis
Constancio Felicio Luis
Eutimio Anthony Fernandes
Philomena Fernandes</value>
                </Data>
                <Data name="label_x">
                    <value>987635.0</value>
                </Data>
                <Data name="label_y">
                    <value>982715.516376814</value>
                </Data>
            </ExtendedData>
            <Point id="64544">
                <coordinates>73.949583178,15.227043467,0.0</coordinates>
            </Point>
        </Placemark>
        <Placemark id="64577">
            <ExtendedData>
                <Data name="direction">
                    <value>https://maps.google.com?q=15.22904,73.95776&amp;t=h</value>
                </Data>
                <Data name="id">
                    <value>1964</value>
                </Data>
                <Data name="name">
                    <value>Khazon</value>
                </Data>
                <Data name="taluka">
                    <value>Salcete</value>
                </Data>
                <Data name="syno">
                    <value>88</value>
                </Data>
                <Data name="subdiv">
                    <value>8</value>
                </Data>
                <Data name="village">
                    <value>Orlim</value>
                </Data>
                <Data name="latitude">
                    <value>15.22904</value>
                </Data>
                <Data name="longitude">
                    <value>73.95776</value>
                </Data>
                <Data name="photo_1">
                    <value>DCIM/20211223113903740.jpg</value>
                </Data>
                <Data name="photo_2">
                    <value>DCIM/20211223113912750.jpg</value>
                </Data>
                <Data name="constituency">
                    <value>32 - Benaulim</value>
                </Data>
                <Data name="status">
                    <value>Completed</value>
                </Data>
                <Data name="panchayat">
                    <value>Orlim</value>
                </Data>
                <Data name="wb_type">
                    <value>Pond</value>
                </Data>
                <Data name="owner_type">
                    <value>Private</value>
                </Data>
                <Data name="purpose">
                    <value>Irrigation</value>
                </Data>
                <Data name="construction">
                    <value>Natural</value>
                </Data>
                <Data name="condition">
                    <value>Needs Maintenance</value>
                </Data>
                <Data name="print_order">
                    <value>034</value>
                </Data>
                <Data name="wb_id">
                    <value>Sc/Orli/28</value>
                </Data>
                <Data name="storage_capacity">
                    <value>381.0</value>
                </Data>
                <Data name="wb_surface_id">
                    <value>1657</value>
                </Data>
                <Data name="created_at">
                    <value>2020-02-28 15:24:34</value>
                </Data>
                <Data name="updated_at">
                    <value>2023-07-22 14:03:14.307690</value>
                </Data>
                <Data name="book_id">
                    <value>5</value>
                </Data>
                <Data name="owners">
                    <value>Matens Gomes</value>
                </Data>
                <Data name="label_x">
                    <value>987635.0</value>
                </Data>
                <Data name="label_y">
                    <value>983765.516376814</value>
                </Data>
            </ExtendedData>
            <Point id="64576">
                <coordinates>73.957764169,15.229037615,0.0</coordinates>
            </Point>
        </Placemark>
        <Placemark id="64609">
            <ExtendedData>
                <Data name="direction">
                    <value>https://maps.google.com?q=15.21342,73.95364&amp;t=h</value>
                </Data>
                <Data name="id">
                    <value>1927</value>
                </Data>
                <Data name="name">
                    <value>Maroti Sando</value>
                </Data>
                <Data name="taluka">
                    <value>Salcete</value>
                </Data>
                <Data name="syno">
                    <value>37</value>
                </Data>
                <Data name="subdiv">
                    <value>13</value>
                </Data>
                <Data name="village">
                    <value>Orlim</value>
                </Data>
                <Data name="latitude">
                    <value>15.21342</value>
                </Data>
                <Data name="longitude">
                    <value>73.95364</value>
                </Data>
                <Data name="photo_1">
                    <value>DCIM/20210917101732462.jpg</value>
                </Data>
                <Data name="photo_2">
                    <value>DCIM/20210917101757809.jpg</value>
                </Data>
                <Data name="constituency">
                    <value>32 - Benaulim</value>
                </Data>
                <Data name="status">
                    <value>Completed</value>
                </Data>
                <Data name="panchayat">
                    <value>Orlim</value>
                </Data>
                <Data name="wb_type">
                    <value>Pond</value>
                </Data>
                <Data name="owner_type">
                    <value>Private</value>
                </Data>
                <Data name="purpose">
                    <value>Irrigation</value>
                </Data>
                <Data name="construction">
                    <value>Natural/Man Made</value>
                </Data>
                <Data name="condition">
                    <value>Needs Maintenance</value>
                </Data>
                <Data name="print_order">
                    <value>032</value>
                </Data>
                <Data name="wb_id">
                    <value>Sc/Orli/26</value>
                </Data>
                <Data name="storage_capacity">
                    <value>400.0</value>
                </Data>
                <Data name="wb_surface_id">
                    <value>1600</value>
                </Data>
                <Data name="created_at">
                    <value>2020-02-28 15:24:34</value>
                </Data>
                <Data name="updated_at">
                    <value>2023-07-22 14:03:14.307690</value>
                </Data>
                <Data name="book_id">
                    <value>5</value>
                </Data>
                <Data name="owners">
                    <value>Ramira Figueiredo alias Ramira Colaco e Figueiredo alias Ramira Anita Figueiredo
Timoteo Figueiredo alias Tony Figueiredo alias Antonio Timoteo Figueiredo
Virginia Figuerido</value>
                </Data>
                <Data name="label_x">
                    <value>1008335.0</value>
                </Data>
                <Data name="label_y">
                    <value>974148.0875597943</value>
                </Data>
            </ExtendedData>
            <Point id="64608">
                <coordinates>73.95364267,15.213422973,0.0</coordinates>
            </Point>
        </Placemark>
        <Placemark id="64641">
            <ExtendedData>
                <Data name="direction">
                    <value>https://maps.google.com?q=15.21927,73.95344&amp;t=h</value>
                </Data>
                <Data name="id">
                    <value>1948</value>
                </Data>
                <Data name="name">
                    <value>Gouto Naik</value>
                </Data>
                <Data name="taluka">
                    <value>Salcete</value>
                </Data>
                <Data name="syno">
                    <value>17</value>
                </Data>
                <Data name="subdiv">
                    <value>23</value>
                </Data>
                <Data name="village">
                    <value>Orlim</value>
                </Data>
                <Data name="latitude">
                    <value>15.21927</value>
                </Data>
                <Data name="longitude">
                    <value>73.95344</value>
                </Data>
                <Data name="photo_1">
                    <value>DCIM/20211223102454935.jpg</value>
                </Data>
                <Data name="photo_2">
                    <value>DCIM/20211223102502653.jpg</value>
                </Data>
                <Data name="constituency">
                    <value>32 - Benaulim</value>
                </Data>
                <Data name="status">
                    <value>Completed</value>
                </Data>
                <Data name="panchayat">
                    <value>Orlim</value>
                </Data>
                <Data name="wb_type">
                    <value>Pond</value>
                </Data>
                <Data name="owner_type">
                    <value>Private / Public</value>
                </Data>
                <Data name="purpose">
                    <value>Irrigation</value>
                </Data>
                <Data name="construction">
                    <value>Natural</value>
                </Data>
                <Data name="condition">
                    <value>Needs Maintenance</value>
                </Data>
                <Data name="print_order">
                    <value>037</value>
                </Data>
                <Data name="wb_id">
                    <value>Sc/Orli/31</value>
                </Data>
                <Data name="storage_capacity">
                    <value>357.0</value>
                </Data>
                <Data name="wb_surface_id">
                    <value>1614</value>
                </Data>
                <Data name="created_at">
                    <value>2020-02-28 15:24:34</value>
                </Data>
                <Data name="updated_at">
                    <value>2023-07-22 14:03:14.307690</value>
                </Data>
                <Data name="book_id">
                    <value>5</value>
                </Data>
                <Data name="owners">
                    <value>Carlota Viegas
Edmundo Viegas
Government of Goa, The Executive Engineer, Works Division VI (Roads/South), P. W. D., Fatorda, Margao, Goa.</value>
                </Data>
                <Data name="label_x">
                    <value>1008335.0</value>
                </Data>
                <Data name="label_y">
                    <value>980448.087559794</value>
                </Data>
            </ExtendedData>
            <Point id="64640">
                <coordinates>73.953443119,15.219267273,0.0</coordinates>
            </Point>
        </Placemark>
        <Placemark id="64673">
            <ExtendedData>
                <Data name="direction">
                    <value>https://maps.google.com?q=15.22478,73.95251&amp;t=h</value>
                </Data>
                <Data name="id">
                    <value>1971</value>
                </Data>
                <Data name="name">
                    <value>Lambolo Gairo</value>
                </Data>
                <Data name="taluka">
                    <value>Salcete</value>
                </Data>
                <Data name="syno">
                    <value>81</value>
                </Data>
                <Data name="subdiv">
                    <value>17</value>
                </Data>
                <Data name="village">
                    <value>Orlim</value>
                </Data>
                <Data name="latitude">
                    <value>15.22478</value>
                </Data>
                <Data name="longitude">
                    <value>73.95251</value>
                </Data>
                <Data name="photo_1">
                    <value>DCIM/20220105163337317.jpg</value>
                </Data>
                <Data name="photo_2">
                    <value>DCIM/20220105163345017.jpg</value>
                </Data>
                <Data name="constituency">
                    <value>32 - Benaulim</value>
                </Data>
                <Data name="status">
                    <value>Completed</value>
                </Data>
                <Data name="panchayat">
                    <value>Orlim</value>
                </Data>
                <Data name="wb_type">
                    <value>Pond</value>
                </Data>
                <Data name="owner_type">
                    <value>Private</value>
                </Data>
                <Data name="purpose">
                    <value>Irrigation</value>
                </Data>
                <Data name="construction">
                    <value>Natural</value>
                </Data>
                <Data name="condition">
                    <value>Needs Maintenance</value>
                </Data>
                <Data name="print_order">
                    <value>044</value>
                </Data>
                <Data name="wb_id">
                    <value>Sc/Orli/38</value>
                </Data>
                <Data name="storage_capacity">
                    <value>295.0</value>
                </Data>
                <Data name="wb_surface_id">
                    <value>1631</value>
                </Data>
                <Data name="created_at">
                    <value>2020-02-28 15:24:34</value>
                </Data>
                <Data name="updated_at">
                    <value>2023-07-22 14:03:14.307690</value>
                </Data>
                <Data name="book_id">
                    <value>5</value>
                </Data>
                <Data name="owners">
                    <value>Alfredo Costa</value>
                </Data>
                <Data name="label_x">
                    <value>987635.0</value>
                </Data>
                <Data name="label_y">
                    <value>979215.516376814</value>
                </Data>
            </ExtendedData>
            <Point id="64672">
                <coordinates>73.95251145,15.224778221,0.0</coordinates>
            </Point>
        </Placemark>
        <Placemark id="64705">
            <ExtendedData>
                <Data name="direction">
                    <value>https://maps.google.com?q=15.22436,73.95431&amp;t=h</value>
                </Data>
                <Data name="id">
                    <value>1975</value>
                </Data>
                <Data name="name">
                    <value>--</value>
                </Data>
                <Data name="taluka">
                    <value>Salcete</value>
                </Data>
                <Data name="syno">
                    <value>85</value>
                </Data>
                <Data name="subdiv">
                    <value>6</value>
                </Data>
                <Data name="village">
                    <value>Orlim</value>
                </Data>
                <Data name="latitude">
                    <value>15.22436</value>
                </Data>
                <Data name="longitude">
                    <value>73.95431</value>
                </Data>
                <Data name="photo_1">
                    <value>DCIM/20220105160435280.jpg</value>
                </Data>
                <Data name="photo_2">
                    <value>DCIM/20220105160508792.jpg</value>
                </Data>
                <Data name="constituency">
                    <value>32 - Benaulim</value>
                </Data>
                <Data name="status">
                    <value>Completed</value>
                </Data>
                <Data name="panchayat">
                    <value>Orlim</value>
                </Data>
                <Data name="wb_type">
                    <value>Pond</value>
                </Data>
                <Data name="owner_type">
                    <value>Private</value>
                </Data>
                <Data name="purpose">
                    <value>Irrigation</value>
                </Data>
                <Data name="construction">
                    <value>Natural</value>
                </Data>
                <Data name="condition">
                    <value>Needs Maintenance</value>
                </Data>
                <Data name="print_order">
                    <value>045</value>
                </Data>
                <Data name="wb_id">
                    <value>Sc/Orli/39</value>
                </Data>
                <Data name="storage_capacity">
                    <value>289.0</value>
                </Data>
                <Data name="wb_surface_id">
                    <value>1629</value>
                </Data>
                <Data name="created_at">
                    <value>2020-02-28 15:24:34</value>
                </Data>
                <Data name="updated_at">
                    <value>2023-07-22 14:03:14.307690</value>
                </Data>
                <Data name="book_id">
                    <value>5</value>
                </Data>
                <Data name="owners">
                    <value>Pe. Francis Xavier Gracias</value>
                </Data>
                <Data name="label_x">
                    <value>987635.0</value>
                </Data>
                <Data name="label_y">
                    <value>976415.516376814</value>
                </Data>
            </ExtendedData>
            <Point id="64704">
                <coordinates>73.954308393,15.22435519,0.0</coordinates>
            </Point>
        </Placemark>
        <Placemark id="64737">
            <ExtendedData>
                <Data name="direction">
                    <value>https://maps.google.com?q=15.22658,73.95539&amp;t=h</value>
                </Data>
                <Data name="id">
                    <value>1994</value>
                </Data>
                <Data name="name">
                    <value>Focumba</value>
                </Data>
                <Data name="taluka">
                    <value>Salcete</value>
                </Data>
                <Data name="syno">
                    <value>96</value>
                </Data>
                <Data name="subdiv">
                    <value>1</value>
                </Data>
                <Data name="village">
                    <value>Orlim</value>
                </Data>
                <Data name="latitude">
                    <value>15.22658</value>
                </Data>
                <Data name="longitude">
                    <value>73.95539</value>
                </Data>
                <Data name="photo_1">
                    <value>DCIM/20210917113021773.jpg</value>
                </Data>
                <Data name="photo_2">
                    <value>DCIM/20210917113053710.jpg</value>
                </Data>
                <Data name="constituency">
                    <value>32 - Benaulim</value>
                </Data>
                <Data name="status">
                    <value>Completed</value>
                </Data>
                <Data name="panchayat">
                    <value>Orlim</value>
                </Data>
                <Data name="wb_type">
                    <value>Pond</value>
                </Data>
                <Data name="owner_type">
                    <value>Private</value>
                </Data>
                <Data name="purpose">
                    <value>Irrigation</value>
                </Data>
                <Data name="construction">
                    <value>Natural</value>
                </Data>
                <Data name="condition">
                    <value>Needs Maintenance</value>
                </Data>
                <Data name="print_order">
                    <value>026</value>
                </Data>
                <Data name="wb_id">
                    <value>Sc/Orli/19</value>
                </Data>
                <Data name="storage_capacity">
                    <value>529.0</value>
                </Data>
                <Data name="wb_surface_id">
                    <value>1644</value>
                </Data>
                <Data name="created_at">
                    <value>2020-02-28 15:24:34</value>
                </Data>
                <Data name="updated_at">
                    <value>2023-07-22 14:03:14.307690</value>
                </Data>
                <Data name="book_id">
                    <value>5</value>
                </Data>
                <Data name="owners">
                    <value>Raimondo Santana Pereira</value>
                </Data>
                <Data name="label_x">
                    <value>987635.0</value>
                </Data>
                <Data name="label_y">
                    <value>978515.516376814</value>
                </Data>
            </ExtendedData>
            <Point id="64736">
                <coordinates>73.955391823,15.22658182,0.0</coordinates>
            </Point>
        </Placemark>
        <Placemark id="64769">
            <ExtendedData>
                <Data name="direction">
                    <value>https://maps.google.com?q=15.21428,73.95601&amp;t=h</value>
                </Data>
                <Data name="id">
                    <value>1929</value>
                </Data>
                <Data name="name">
                    <value>Sando</value>
                </Data>
                <Data name="taluka">
                    <value>Salcete</value>
                </Data>
                <Data name="syno">
                    <value>36</value>
                </Data>
                <Data name="subdiv">
                    <value>16</value>
                </Data>
                <Data name="village">
                    <value>Orlim</value>
                </Data>
                <Data name="latitude">
                    <value>15.21428</value>
                </Data>
                <Data name="longitude">
                    <value>73.95601</value>
                </Data>
                <Data name="photo_1">
                    <value>DCIM/20220105204257305.jpg</value>
                </Data>
                <Data name="photo_2">
                    <value>DCIM/20220105204304874.jpg</value>
                </Data>
                <Data name="constituency">
                    <value>32 - Benaulim</value>
                </Data>
                <Data name="status">
                    <value>Completed</value>
                </Data>
                <Data name="panchayat">
                    <value>Orlim</value>
                </Data>
                <Data name="wb_type">
                    <value>Pond</value>
                </Data>
                <Data name="owner_type">
                    <value>Private</value>
                </Data>
                <Data name="purpose">
                    <value>Irrigation</value>
                </Data>
                <Data name="construction">
                    <value>Natural</value>
                </Data>
                <Data name="condition">
                    <value>Needs Maintenance</value>
                </Data>
                <Data name="print_order">
                    <value>048</value>
                </Data>
                <Data name="wb_id">
                    <value>Sc/Orli/42</value>
                </Data>
                <Data name="storage_capacity">
                    <value>266.0</value>
                </Data>
                <Data name="wb_surface_id">
                    <value>1599</value>
                </Data>
                <Data name="created_at">
                    <value>2020-02-28 15:24:34</value>
                </Data>
                <Data name="updated_at">
                    <value>2023-07-22 14:03:14.307690</value>
                </Data>
                <Data name="book_id">
                    <value>5</value>
                </Data>
                <Data name="owners">
                    <value>Cruzinho Figueiredo
Flory Gigueiredo</value>
                </Data>
                <Data name="label_x">
                    <value>1008335.0</value>
                </Data>
                <Data name="label_y">
                    <value>975548.087559794</value>
                </Data>
            </ExtendedData>
            <Point id="64768">
                <coordinates>73.956012401,15.214281194,0.0</coordinates>
            </Point>
        </Placemark>
        <Placemark id="64801">
            <ExtendedData>
                <Data name="direction">
                    <value>https://maps.google.com?q=15.21764,73.95671&amp;t=h</value>
                </Data>
                <Data name="id">
                    <value>1944</value>
                </Data>
                <Data name="name">
                    <value>Zaripatto</value>
                </Data>
                <Data name="taluka">
                    <value>Salcete</value>
                </Data>
                <Data name="syno">
                    <value>33</value>
                </Data>
                <Data name="subdiv">
                    <value>1</value>
                </Data>
                <Data name="village">
                    <value>Orlim</value>
                </Data>
                <Data name="latitude">
                    <value>15.21764</value>
                </Data>
                <Data name="longitude">
                    <value>73.95671</value>
                </Data>
                <Data name="photo_1">
                    <value>DCIM/20220105203349907.jpg</value>
                </Data>
                <Data name="photo_2">
                    <value>DCIM/20220105203358129.jpg</value>
                </Data>
                <Data name="constituency">
                    <value>32 - Benaulim</value>
                </Data>
                <Data name="status">
                    <value>Completed</value>
                </Data>
                <Data name="panchayat">
                    <value>Orlim</value>
                </Data>
                <Data name="wb_type">
                    <value>Pond</value>
                </Data>
                <Data name="owner_type">
                    <value>Private</value>
                </Data>
                <Data name="purpose">
                    <value>Irrigation</value>
                </Data>
                <Data name="construction">
                    <value>Natural</value>
                </Data>
                <Data name="condition">
                    <value>Good</value>
                </Data>
                <Data name="print_order">
                    <value>016</value>
                </Data>
                <Data name="wb_id">
                    <value>Sc/Orli/09</value>
                </Data>
                <Data name="storage_capacity">
                    <value>1204.0</value>
                </Data>
                <Data name="wb_surface_id">
                    <value>1607</value>
                </Data>
                <Data name="created_at">
                    <value>2020-02-28 15:24:34</value>
                </Data>
                <Data name="updated_at">
                    <value>2023-07-22 14:03:14.307690</value>
                </Data>
                <Data name="book_id">
                    <value>5</value>
                </Data>
                <Data name="owners">
                    <value>Maria Bernadita Raquela Xavier Faleiro</value>
                </Data>
                <Data name="label_x">
                    <value>1008335.0</value>
                </Data>
                <Data name="label_y">
                    <value>979398.087559794</value>
                </Data>
            </ExtendedData>
            <Point id="64800">
                <coordinates>73.956711936,15.217644996,0.0</coordinates>
            </Point>
        </Placemark>
        <Placemark id="64833">
            <ExtendedData>
                <Data name="direction">
                    <value>https://maps.google.com?q=15.22441,73.95327&amp;t=h</value>
                </Data>
                <Data name="id">
                    <value>1974</value>
                </Data>
                <Data name="name">
                    <value>Atmer</value>
                </Data>
                <Data name="taluka">
                    <value>Salcete</value>
                </Data>
                <Data name="syno">
                    <value>83</value>
                </Data>
                <Data name="subdiv">
                    <value>7,8</value>
                </Data>
                <Data name="village">
                    <value>Orlim</value>
                </Data>
                <Data name="latitude">
                    <value>15.22441</value>
                </Data>
                <Data name="longitude">
                    <value>73.95327</value>
                </Data>
                <Data name="photo_1">
                    <value>DCIM/20220105163601265.jpg</value>
                </Data>
                <Data name="photo_2">
                    <value>DCIM/20220105160252943.jpg</value>
                </Data>
                <Data name="constituency">
                    <value>32 - Benaulim</value>
                </Data>
                <Data name="status">
                    <value>Completed</value>
                </Data>
                <Data name="panchayat">
                    <value>Orlim</value>
                </Data>
                <Data name="wb_type">
                    <value>Pond</value>
                </Data>
                <Data name="owner_type">
                    <value>Private</value>
                </Data>
                <Data name="purpose">
                    <value>Irrigation</value>
                </Data>
                <Data name="construction">
                    <value>Natural</value>
                </Data>
                <Data name="condition">
                    <value>Needs Maintenance</value>
                </Data>
                <Data name="print_order">
                    <value>023</value>
                </Data>
                <Data name="wb_id">
                    <value>Sc/Orli/16</value>
                </Data>
                <Data name="storage_capacity">
                    <value>775.0</value>
                </Data>
                <Data name="wb_surface_id">
                    <value>1630</value>
                </Data>
                <Data name="created_at">
                    <value>2020-02-28 15:24:34</value>
                </Data>
                <Data name="updated_at">
                    <value>2023-07-22 14:03:14.307690</value>
                </Data>
                <Data name="book_id">
                    <value>5</value>
                </Data>
                <Data name="owners">
                    <value>Emelia D'Silva
Eulario Costa
Jose Francis Martins
Mariana Braganza
Nervis Correia</value>
                </Data>
                <Data name="label_x">
                    <value>987635.0</value>
                </Data>
                <Data name="label_y">
                    <value>978165.516376814</value>
                </Data>
            </ExtendedData>
            <Point id="64832">
                <coordinates>73.953270709,15.224406833,0.0</coordinates>
            </Point>
        </Placemark>
    </Document>
</kml>
