<?xml version="1.0" encoding="UTF-8"?>
<kml xmlns="http://www.opengis.net/kml/2.2" xmlns:gx="http://www.google.com/kml/ext/2.2">
    <Document id="69751">
        <Placemark id="69753">
            <ExtendedData>
                <Data name="direction">
                    <value>https://maps.google.com?q=15.23268,73.92822&amp;t=h</value>
                </Data>
                <Data name="id">
                    <value>3665</value>
                </Data>
                <Data name="name">
                    <value>Lanco dos Praias.</value>
                </Data>
                <Data name="taluka">
                    <value>Salcete</value>
                </Data>
                <Data name="syno">
                    <value>213</value>
                </Data>
                <Data name="subdiv">
                    <value>9</value>
                </Data>
                <Data name="village">
                    <value>Varca</value>
                </Data>
                <Data name="latitude">
                    <value>15.23268</value>
                </Data>
                <Data name="longitude">
                    <value>73.92822</value>
                </Data>
                <Data name="photo_1">
                    <value>DCIM/20211209105625042.jpg</value>
                </Data>
                <Data name="photo_2">
                    <value>DCIM/20211209105604677.jpg</value>
                </Data>
                <Data name="constituency">
                    <value>32 - Benaulim</value>
                </Data>
                <Data name="status">
                    <value>Completed</value>
                </Data>
                <Data name="panchayat">
                    <value>Varca</value>
                </Data>
                <Data name="wb_type">
                    <value>Pond</value>
                </Data>
                <Data name="owner_type">
                    <value>Private</value>
                </Data>
                <Data name="purpose">
                    <value>Irrigation</value>
                </Data>
                <Data name="construction">
                    <value>Natural</value>
                </Data>
                <Data name="condition">
                    <value>Needs Maintenance</value>
                </Data>
                <Data name="print_order">
                    <value>123</value>
                </Data>
                <Data name="wb_id">
                    <value>Sc/Varc/57</value>
                </Data>
                <Data name="storage_capacity">
                    <value>246.0</value>
                </Data>
                <Data name="wb_surface_id">
                    <value>2261</value>
                </Data>
                <Data name="created_at">
                    <value>2021-03-14 16:01:11.494550</value>
                </Data>
                <Data name="updated_at">
                    <value>2023-07-22 14:03:14.307690</value>
                </Data>
                <Data name="book_id">
                    <value>6</value>
                </Data>
                <Data name="owners">
                    <value>M/s. Adarsh Realty &amp; Hotels Pvt. Limited</value>
                </Data>
                <Data name="label_x">
                    <value>987634.0</value>
                </Data>
                <Data name="label_y">
                    <value>986177.595217547</value>
                </Data>
            </ExtendedData>
            <Point id="69752">
                <coordinates>73.928215543,15.232677945,0.0</coordinates>
            </Point>
        </Placemark>
        <Placemark id="69785">
            <ExtendedData>
                <Data name="direction">
                    <value>https://maps.google.com?q=15.23354,73.9338&amp;t=h</value>
                </Data>
                <Data name="id">
                    <value>3660</value>
                </Data>
                <Data name="name">
                    <value>Bal</value>
                </Data>
                <Data name="taluka">
                    <value>Salcete</value>
                </Data>
                <Data name="syno">
                    <value>237</value>
                </Data>
                <Data name="subdiv">
                    <value>13</value>
                </Data>
                <Data name="village">
                    <value>Varca</value>
                </Data>
                <Data name="latitude">
                    <value>15.23354</value>
                </Data>
                <Data name="longitude">
                    <value>73.9338</value>
                </Data>
                <Data name="photo_1">
                    <value>DCIM/20211209100920820.jpg</value>
                </Data>
                <Data name="photo_2">
                    <value>DCIM/20211209100930392.jpg</value>
                </Data>
                <Data name="constituency">
                    <value>32 - Benaulim</value>
                </Data>
                <Data name="status">
                    <value>Completed</value>
                </Data>
                <Data name="panchayat">
                    <value>Varca</value>
                </Data>
                <Data name="wb_type">
                    <value>Pond</value>
                </Data>
                <Data name="owner_type">
                    <value>Communidade</value>
                </Data>
                <Data name="purpose">
                    <value>Irrigation</value>
                </Data>
                <Data name="construction">
                    <value>Natural</value>
                </Data>
                <Data name="condition">
                    <value>Needs Maintenance</value>
                </Data>
                <Data name="print_order">
                    <value>085</value>
                </Data>
                <Data name="wb_id">
                    <value>Sc/Varc/19</value>
                </Data>
                <Data name="storage_capacity">
                    <value>872.0</value>
                </Data>
                <Data name="wb_surface_id">
                    <value>2273</value>
                </Data>
                <Data name="created_at">
                    <value>2021-03-14 16:01:11</value>
                </Data>
                <Data name="updated_at">
                    <value>2023-07-22 14:03:14.307690</value>
                </Data>
                <Data name="book_id">
                    <value>6</value>
                </Data>
                <Data name="owners">
                    <value>Communidade of Varca</value>
                </Data>
                <Data name="label_x">
                    <value>987634.0</value>
                </Data>
                <Data name="label_y">
                    <value>992127.595217547</value>
                </Data>
            </ExtendedData>
            <Point id="69784">
                <coordinates>73.933796555,15.233537843,0.0</coordinates>
            </Point>
        </Placemark>
        <Placemark id="69817">
            <ExtendedData>
                <Data name="direction">
                    <value>https://maps.google.com?q=15.21508,73.93516&amp;t=h</value>
                </Data>
                <Data name="id">
                    <value>3853</value>
                </Data>
                <Data name="name">
                    <value>Quatra Lanco dos Praias</value>
                </Data>
                <Data name="taluka">
                    <value>Salcete</value>
                </Data>
                <Data name="syno">
                    <value>156</value>
                </Data>
                <Data name="subdiv">
                    <value>3</value>
                </Data>
                <Data name="village">
                    <value>Varca</value>
                </Data>
                <Data name="latitude">
                    <value>15.21508</value>
                </Data>
                <Data name="longitude">
                    <value>73.93516</value>
                </Data>
                <Data name="photo_1">
                    <value>DCIM/20210914092927637.jpg</value>
                </Data>
                <Data name="photo_2">
                    <value>DCIM/20210914092938755.jpg</value>
                </Data>
                <Data name="constituency">
                    <value>32 - Benaulim</value>
                </Data>
                <Data name="status">
                    <value>Completed</value>
                </Data>
                <Data name="panchayat">
                    <value>Varca</value>
                </Data>
                <Data name="wb_type">
                    <value>Pond</value>
                </Data>
                <Data name="owner_type">
                    <value>Private</value>
                </Data>
                <Data name="purpose">
                    <value>Irrigation</value>
                </Data>
                <Data name="construction">
                    <value>Natural</value>
                </Data>
                <Data name="condition">
                    <value>Needs Maintenance</value>
                </Data>
                <Data name="print_order">
                    <value>127</value>
                </Data>
                <Data name="wb_id">
                    <value>Sc/Varc/61</value>
                </Data>
                <Data name="storage_capacity">
                    <value>222.0</value>
                </Data>
                <Data name="wb_surface_id">
                    <value>2582</value>
                </Data>
                <Data name="created_at">
                    <value>2021-09-14 00:00:00</value>
                </Data>
                <Data name="updated_at">
                    <value>2023-07-22 14:03:14.307690</value>
                </Data>
                <Data name="book_id">
                    <value>6</value>
                </Data>
                <Data name="owners">
                    <value>M/s. Bramha Bazaz Hotels Limited</value>
                </Data>
                <Data name="label_x">
                    <value>987634.0</value>
                </Data>
                <Data name="label_y">
                    <value>976727.595217547</value>
                </Data>
            </ExtendedData>
            <Point id="69816">
                <coordinates>73.935160775,15.215075676,0.0</coordinates>
            </Point>
        </Placemark>
        <Placemark id="69849">
            <ExtendedData>
                <Data name="direction">
                    <value>https://maps.google.com?q=15.23731,73.92901&amp;t=h</value>
                </Data>
                <Data name="id">
                    <value>3947</value>
                </Data>
                <Data name="name">
                    <value>Gudxetavelem Bhim</value>
                </Data>
                <Data name="taluka">
                    <value>Salcete</value>
                </Data>
                <Data name="syno">
                    <value>219</value>
                </Data>
                <Data name="subdiv">
                    <value>3</value>
                </Data>
                <Data name="village">
                    <value>Varca</value>
                </Data>
                <Data name="latitude">
                    <value>15.23731</value>
                </Data>
                <Data name="longitude">
                    <value>73.92901</value>
                </Data>
                <Data name="photo_1">
                    <value>DCIM/20211101090733006.jpg</value>
                </Data>
                <Data name="photo_2">
                    <value>DCIM/20211101090740596.jpg</value>
                </Data>
                <Data name="constituency">
                    <value>32 - Benaulim</value>
                </Data>
                <Data name="status">
                    <value>Completed</value>
                </Data>
                <Data name="panchayat">
                    <value>Varca</value>
                </Data>
                <Data name="wb_type">
                    <value>Pond</value>
                </Data>
                <Data name="owner_type">
                    <value>Private</value>
                </Data>
                <Data name="purpose">
                    <value>Storage</value>
                </Data>
                <Data name="construction">
                    <value>Natural</value>
                </Data>
                <Data name="condition">
                    <value>Needs Maintenance</value>
                </Data>
                <Data name="print_order">
                    <value>109</value>
                </Data>
                <Data name="wb_id">
                    <value>Sc/Varc/43</value>
                </Data>
                <Data name="storage_capacity">
                    <value>402.0</value>
                </Data>
                <Data name="wb_surface_id">
                    <value>2638</value>
                </Data>
                <Data name="created_at">
                    <value>2021-11-01 00:00:00</value>
                </Data>
                <Data name="updated_at">
                    <value>2023-07-22 14:03:14.307690</value>
                </Data>
                <Data name="book_id">
                    <value>6</value>
                </Data>
                <Data name="owners">
                    <value>Francisca Mendes
Isidore Maria Gregorio Agnelo Cruz
Jaswin Paulo Rosario D`Cruz
Piedade Fernandes
Profula Fernandes
Rosalina Noronha alias Rosalina Cruz
Tome Joao Cruz
Trinidade Jeronina Pereira
Valencio D`Cruz
Villroy Michael D`Cruz,</value>
                </Data>
                <Data name="label_x">
                    <value>987634.0</value>
                </Data>
                <Data name="label_y">
                    <value>990377.595217547</value>
                </Data>
            </ExtendedData>
            <Point id="69848">
                <coordinates>73.929014298,15.237310554,0.0</coordinates>
            </Point>
        </Placemark>
        <Placemark id="69881">
            <ExtendedData>
                <Data name="direction">
                    <value>https://maps.google.com?q=15.23495,73.9267&amp;t=h</value>
                </Data>
                <Data name="id">
                    <value>3668</value>
                </Data>
                <Data name="name">
                    <value>Utterdoshichem Ped or Paklyancho Lanco</value>
                </Data>
                <Data name="taluka">
                    <value>Salcete</value>
                </Data>
                <Data name="syno">
                    <value>215</value>
                </Data>
                <Data name="subdiv">
                    <value>13,17</value>
                </Data>
                <Data name="village">
                    <value>Varca</value>
                </Data>
                <Data name="latitude">
                    <value>15.23495</value>
                </Data>
                <Data name="longitude">
                    <value>73.9267</value>
                </Data>
                <Data name="photo_1">
                    <value>DCIM/20211209110937065.jpg</value>
                </Data>
                <Data name="photo_2">
                    <value>DCIM/20211209110907614.jpg</value>
                </Data>
                <Data name="constituency">
                    <value>32 - Benaulim</value>
                </Data>
                <Data name="status">
                    <value>Completed</value>
                </Data>
                <Data name="panchayat">
                    <value>Varca</value>
                </Data>
                <Data name="wb_type">
                    <value>Pond</value>
                </Data>
                <Data name="owner_type">
                    <value>Private</value>
                </Data>
                <Data name="purpose">
                    <value>Irrigation</value>
                </Data>
                <Data name="construction">
                    <value>Natural</value>
                </Data>
                <Data name="condition">
                    <value>Needs Maintenance</value>
                </Data>
                <Data name="print_order">
                    <value>138</value>
                </Data>
                <Data name="wb_id">
                    <value>Sc/Varc/72</value>
                </Data>
                <Data name="storage_capacity">
                    <value>56.0</value>
                </Data>
                <Data name="wb_surface_id">
                    <value>2257</value>
                </Data>
                <Data name="created_at">
                    <value>2021-03-14 16:01:11.494550</value>
                </Data>
                <Data name="updated_at">
                    <value>2023-07-22 14:03:14.307690</value>
                </Data>
                <Data name="book_id">
                    <value>6</value>
                </Data>
                <Data name="owners">
                    <value>M/s. Ramsukh Resorts Pvt. Ltd
M/s. Ramsukh Resorts Pvt. Ltd.</value>
                </Data>
                <Data name="label_x">
                    <value>987634.0</value>
                </Data>
                <Data name="label_y">
                    <value>987927.595217547</value>
                </Data>
            </ExtendedData>
            <Point id="69880">
                <coordinates>73.926695756,15.234951853,0.0</coordinates>
            </Point>
        </Placemark>
        <Placemark id="69913">
            <ExtendedData>
                <Data name="direction">
                    <value>https://maps.google.com?q=15.23039,73.93288&amp;t=h</value>
                </Data>
                <Data name="id">
                    <value>3656</value>
                </Data>
                <Data name="name">
                    <value>Degdechi Bal</value>
                </Data>
                <Data name="taluka">
                    <value>Salcete</value>
                </Data>
                <Data name="syno">
                    <value>245</value>
                </Data>
                <Data name="subdiv">
                    <value>5</value>
                </Data>
                <Data name="village">
                    <value>Varca</value>
                </Data>
                <Data name="latitude">
                    <value>15.23039</value>
                </Data>
                <Data name="longitude">
                    <value>73.93288</value>
                </Data>
                <Data name="photo_1">
                    <value>DCIM/20211209091930562.jpg</value>
                </Data>
                <Data name="photo_2">
                    <value>DCIM/20211209091949484.jpg</value>
                </Data>
                <Data name="constituency">
                    <value>32 - Benaulim</value>
                </Data>
                <Data name="status">
                    <value>Completed</value>
                </Data>
                <Data name="panchayat">
                    <value>Varca</value>
                </Data>
                <Data name="wb_type">
                    <value>Pond</value>
                </Data>
                <Data name="owner_type">
                    <value>Communidade</value>
                </Data>
                <Data name="purpose">
                    <value>Irrigation</value>
                </Data>
                <Data name="construction">
                    <value>Natural</value>
                </Data>
                <Data name="condition">
                    <value>Needs Maintenance</value>
                </Data>
                <Data name="print_order">
                    <value>075</value>
                </Data>
                <Data name="wb_id">
                    <value>Sc/Varc/09</value>
                </Data>
                <Data name="storage_capacity">
                    <value>1397.0</value>
                </Data>
                <Data name="wb_surface_id">
                    <value>2221</value>
                </Data>
                <Data name="created_at">
                    <value>2021-03-14 16:00:35</value>
                </Data>
                <Data name="updated_at">
                    <value>2023-07-22 14:03:14.307690</value>
                </Data>
                <Data name="book_id">
                    <value>6</value>
                </Data>
                <Data name="owners">
                    <value>Communidade of Varca</value>
                </Data>
                <Data name="label_x">
                    <value>987634.0</value>
                </Data>
                <Data name="label_y">
                    <value>986877.595217547</value>
                </Data>
            </ExtendedData>
            <Point id="69912">
                <coordinates>73.932883526,15.230387746,0.0</coordinates>
            </Point>
        </Placemark>
        <Placemark id="69945">
            <ExtendedData>
                <Data name="direction">
                    <value>https://maps.google.com?q=15.22797,73.92897&amp;t=h</value>
                </Data>
                <Data name="id">
                    <value>3653</value>
                </Data>
                <Data name="name">
                    <value>Lanco dos Praia</value>
                </Data>
                <Data name="taluka">
                    <value>Salcete</value>
                </Data>
                <Data name="syno">
                    <value>201</value>
                </Data>
                <Data name="subdiv">
                    <value>8</value>
                </Data>
                <Data name="village">
                    <value>Varca</value>
                </Data>
                <Data name="latitude">
                    <value>15.22797</value>
                </Data>
                <Data name="longitude">
                    <value>73.92897</value>
                </Data>
                <Data name="photo_1">
                    <value>DCIM/20211209094735708.jpg</value>
                </Data>
                <Data name="photo_2">
                    <value>DCIM/20211209094711187.jpg</value>
                </Data>
                <Data name="constituency">
                    <value>32 - Benaulim</value>
                </Data>
                <Data name="status">
                    <value>Completed</value>
                </Data>
                <Data name="panchayat">
                    <value>Varca</value>
                </Data>
                <Data name="wb_type">
                    <value>Pond</value>
                </Data>
                <Data name="owner_type">
                    <value>Private</value>
                </Data>
                <Data name="purpose">
                    <value>Irrigation</value>
                </Data>
                <Data name="construction">
                    <value>Natural</value>
                </Data>
                <Data name="condition">
                    <value>Good</value>
                </Data>
                <Data name="print_order">
                    <value>129</value>
                </Data>
                <Data name="wb_id">
                    <value>Sc/Varc/63</value>
                </Data>
                <Data name="storage_capacity">
                    <value>204.0</value>
                </Data>
                <Data name="wb_surface_id">
                    <value>2218</value>
                </Data>
                <Data name="created_at">
                    <value>2021-03-14 16:00:35</value>
                </Data>
                <Data name="updated_at">
                    <value>2023-07-22 14:03:14.307690</value>
                </Data>
                <Data name="book_id">
                    <value>6</value>
                </Data>
                <Data name="owners">
                    <value>Ganapati Vaikunth Sinai Ghodde
Laxmikant Narsinha Sinai Ghodde</value>
                </Data>
                <Data name="label_x">
                    <value>987634.0</value>
                </Data>
                <Data name="label_y">
                    <value>983727.595217547</value>
                </Data>
            </ExtendedData>
            <Point id="69944">
                <coordinates>73.928971606,15.227969751,0.0</coordinates>
            </Point>
        </Placemark>
        <Placemark id="69977">
            <ExtendedData>
                <Data name="direction">
                    <value>https://maps.google.com?q=15.23035,73.93124&amp;t=h</value>
                </Data>
                <Data name="id">
                    <value>3655</value>
                </Data>
                <Data name="name">
                    <value>Mavod</value>
                </Data>
                <Data name="taluka">
                    <value>Salcete</value>
                </Data>
                <Data name="syno">
                    <value>204</value>
                </Data>
                <Data name="subdiv">
                    <value>27</value>
                </Data>
                <Data name="village">
                    <value>Varca</value>
                </Data>
                <Data name="latitude">
                    <value>15.23035</value>
                </Data>
                <Data name="longitude">
                    <value>73.93124</value>
                </Data>
                <Data name="photo_1">
                    <value>DCIM/20211209093703146.jpg</value>
                </Data>
                <Data name="photo_2">
                    <value>DCIM/20211209093712616.jpg</value>
                </Data>
                <Data name="constituency">
                    <value>32 - Benaulim</value>
                </Data>
                <Data name="status">
                    <value>Completed</value>
                </Data>
                <Data name="panchayat">
                    <value>Varca</value>
                </Data>
                <Data name="wb_type">
                    <value>Pond</value>
                </Data>
                <Data name="owner_type">
                    <value>Private</value>
                </Data>
                <Data name="purpose">
                    <value>Irrigation</value>
                </Data>
                <Data name="construction">
                    <value>Natural</value>
                </Data>
                <Data name="condition">
                    <value>Needs Maintenance</value>
                </Data>
                <Data name="print_order">
                    <value>120</value>
                </Data>
                <Data name="wb_id">
                    <value>Sc/Varc/54</value>
                </Data>
                <Data name="storage_capacity">
                    <value>252.0</value>
                </Data>
                <Data name="wb_surface_id">
                    <value>2220</value>
                </Data>
                <Data name="created_at">
                    <value>2021-03-14 16:00:35</value>
                </Data>
                <Data name="updated_at">
                    <value>2023-07-22 14:03:14.307690</value>
                </Data>
                <Data name="book_id">
                    <value>6</value>
                </Data>
                <Data name="owners">
                    <value>Adarsh Realty &amp; Hotels Pvt. Ltd.</value>
                </Data>
                <Data name="label_x">
                    <value>987634.0</value>
                </Data>
                <Data name="label_y">
                    <value>985477.595217547</value>
                </Data>
            </ExtendedData>
            <Point id="69976">
                <coordinates>73.931243887,15.230347185,0.0</coordinates>
            </Point>
        </Placemark>
        <Placemark id="70009">
            <ExtendedData>
                <Data name="direction">
                    <value>https://maps.google.com?q=15.23741,73.92942&amp;t=h</value>
                </Data>
                <Data name="id">
                    <value>3948</value>
                </Data>
                <Data name="name">
                    <value>Gudxetavelem Bhim</value>
                </Data>
                <Data name="taluka">
                    <value>Salcete</value>
                </Data>
                <Data name="syno">
                    <value>219</value>
                </Data>
                <Data name="subdiv">
                    <value>3</value>
                </Data>
                <Data name="village">
                    <value>Varca</value>
                </Data>
                <Data name="latitude">
                    <value>15.23741</value>
                </Data>
                <Data name="longitude">
                    <value>73.92942</value>
                </Data>
                <Data name="photo_1">
                    <value>DCIM/20211101090856448.jpg</value>
                </Data>
                <Data name="photo_2">
                    <value>DCIM/20211101090904716.jpg</value>
                </Data>
                <Data name="constituency">
                    <value>32 - Benaulim</value>
                </Data>
                <Data name="status">
                    <value>Completed</value>
                </Data>
                <Data name="panchayat">
                    <value>Varca</value>
                </Data>
                <Data name="wb_type">
                    <value>Pond</value>
                </Data>
                <Data name="owner_type">
                    <value>Private</value>
                </Data>
                <Data name="purpose">
                    <value>Storage</value>
                </Data>
                <Data name="construction">
                    <value>Natural</value>
                </Data>
                <Data name="condition">
                    <value>Needs Maintenance</value>
                </Data>
                <Data name="print_order">
                    <value>118</value>
                </Data>
                <Data name="wb_id">
                    <value>Sc/Varc/52</value>
                </Data>
                <Data name="storage_capacity">
                    <value>280.0</value>
                </Data>
                <Data name="wb_surface_id">
                    <value>2637</value>
                </Data>
                <Data name="created_at">
                    <value>2021-11-01 00:00:00</value>
                </Data>
                <Data name="updated_at">
                    <value>2023-07-22 14:03:14.307690</value>
                </Data>
                <Data name="book_id">
                    <value>6</value>
                </Data>
                <Data name="owners">
                    <value>Francisca Mendes
Isidore Maria Gregorio Agnelo Cruz
Jaswin Paulo Rosario D`Cruz
Piedade Fernandes
Profula Fernandes
Rosalina Noronha alias Rosalina Cruz
Tome Joao Cruz
Trinidade Jeronina Pereira
Valencio D`Cruz
Villroy Michael D`Cruz,</value>
                </Data>
                <Data name="label_x">
                    <value>987634.0</value>
                </Data>
                <Data name="label_y">
                    <value>991077.595217547</value>
                </Data>
            </ExtendedData>
            <Point id="70008">
                <coordinates>73.929424195,15.237414681,0.0</coordinates>
            </Point>
        </Placemark>
        <Placemark id="70041">
            <ExtendedData>
                <Data name="direction">
                    <value>https://maps.google.com?q=15.23067,73.94119&amp;t=h</value>
                </Data>
                <Data name="id">
                    <value>2201</value>
                </Data>
                <Data name="name">
                    <value>Caimpattoli</value>
                </Data>
                <Data name="taluka">
                    <value>Salcete</value>
                </Data>
                <Data name="syno">
                    <value>77</value>
                </Data>
                <Data name="subdiv">
                    <value>5</value>
                </Data>
                <Data name="village">
                    <value>Varca</value>
                </Data>
                <Data name="latitude">
                    <value>15.23067</value>
                </Data>
                <Data name="longitude">
                    <value>73.94119</value>
                </Data>
                <Data name="photo_1">
                    <value>DCIM/20220105121552885.jpg</value>
                </Data>
                <Data name="photo_2">
                    <value>DCIM/20220105121607571.jpg</value>
                </Data>
                <Data name="constituency">
                    <value>32 - Benaulim</value>
                </Data>
                <Data name="status">
                    <value>Completed</value>
                </Data>
                <Data name="panchayat">
                    <value>Varca</value>
                </Data>
                <Data name="wb_type">
                    <value>Pond</value>
                </Data>
                <Data name="owner_type">
                    <value>Communidade</value>
                </Data>
                <Data name="purpose">
                    <value>Storage</value>
                </Data>
                <Data name="construction">
                    <value>Natural</value>
                </Data>
                <Data name="condition">
                    <value>Needs Maintenance</value>
                </Data>
                <Data name="print_order">
                    <value>074</value>
                </Data>
                <Data name="wb_id">
                    <value>Sc/Varc/08</value>
                </Data>
                <Data name="storage_capacity">
                    <value>1559.0</value>
                </Data>
                <Data name="wb_surface_id">
                    <value>923</value>
                </Data>
                <Data name="created_at">
                    <value>2020-02-28 15:24:34</value>
                </Data>
                <Data name="updated_at">
                    <value>2023-07-22 14:03:14.307690</value>
                </Data>
                <Data name="book_id">
                    <value>6</value>
                </Data>
                <Data name="owners">
                    <value>Communidade of Varca</value>
                </Data>
                <Data name="label_x">
                    <value>987634.0</value>
                </Data>
                <Data name="label_y">
                    <value>993527.595217547</value>
                </Data>
            </ExtendedData>
            <Point id="70040">
                <coordinates>73.941191033,15.230669376,0.0</coordinates>
            </Point>
        </Placemark>
        <Placemark id="70073">
            <ExtendedData>
                <Data name="direction">
                    <value>https://maps.google.com?q=15.23513,73.94061&amp;t=h</value>
                </Data>
                <Data name="id">
                    <value>3743</value>
                </Data>
                <Data name="name">
                    <value>Vingali</value>
                </Data>
                <Data name="taluka">
                    <value>Salcete</value>
                </Data>
                <Data name="syno">
                    <value>258</value>
                </Data>
                <Data name="subdiv">
                    <value>4</value>
                </Data>
                <Data name="village">
                    <value>Varca</value>
                </Data>
                <Data name="latitude">
                    <value>15.23513</value>
                </Data>
                <Data name="longitude">
                    <value>73.94061</value>
                </Data>
                <Data name="photo_1">
                    <value>DCIM/20220105120520265.jpg</value>
                </Data>
                <Data name="photo_2">
                    <value>DCIM/20220105120526992.jpg</value>
                </Data>
                <Data name="constituency">
                    <value>32 - Benaulim</value>
                </Data>
                <Data name="status">
                    <value>Completed</value>
                </Data>
                <Data name="panchayat">
                    <value>Varca</value>
                </Data>
                <Data name="wb_type">
                    <value>Pond</value>
                </Data>
                <Data name="owner_type">
                    <value>Private</value>
                </Data>
                <Data name="purpose">
                    <value>Irrigation</value>
                </Data>
                <Data name="construction">
                    <value>Natural</value>
                </Data>
                <Data name="condition">
                    <value>Needs Maintenance</value>
                </Data>
                <Data name="print_order">
                    <value>105</value>
                </Data>
                <Data name="wb_id">
                    <value>Sc/Varc/39</value>
                </Data>
                <Data name="storage_capacity">
                    <value>460.0</value>
                </Data>
                <Data name="wb_surface_id">
                    <value>2264</value>
                </Data>
                <Data name="created_at">
                    <value>2021-03-13 10:52:06.922915</value>
                </Data>
                <Data name="updated_at">
                    <value>2023-07-22 14:03:14.307690</value>
                </Data>
                <Data name="book_id">
                    <value>6</value>
                </Data>
                <Data name="owners">
                    <value>Gregorio Rodrigues
Petornila Fernandes</value>
                </Data>
                <Data name="label_x">
                    <value>987634.0</value>
                </Data>
                <Data name="label_y">
                    <value>1002977.595217547</value>
                </Data>
            </ExtendedData>
            <Point id="70072">
                <coordinates>73.940612568,15.235131102,0.0</coordinates>
            </Point>
        </Placemark>
        <Placemark id="70105">
            <ExtendedData>
                <Data name="direction">
                    <value>https://maps.google.com?q=15.22228,73.93834&amp;t=h</value>
                </Data>
                <Data name="id">
                    <value>2181</value>
                </Data>
                <Data name="name">
                    <value>Siquetem Tolem</value>
                </Data>
                <Data name="taluka">
                    <value>Salcete</value>
                </Data>
                <Data name="syno">
                    <value>173</value>
                </Data>
                <Data name="subdiv">
                    <value>81</value>
                </Data>
                <Data name="village">
                    <value>Varca</value>
                </Data>
                <Data name="latitude">
                    <value>15.22228</value>
                </Data>
                <Data name="longitude">
                    <value>73.93834</value>
                </Data>
                <Data name="photo_1">
                    <value>DCIM/20211223094451875.jpg</value>
                </Data>
                <Data name="photo_2">
                    <value>DCIM/20211223094502038.jpg</value>
                </Data>
                <Data name="constituency">
                    <value>32 - Benaulim</value>
                </Data>
                <Data name="status">
                    <value>Completed</value>
                </Data>
                <Data name="panchayat">
                    <value>Varca</value>
                </Data>
                <Data name="wb_type">
                    <value>Pond</value>
                </Data>
                <Data name="owner_type">
                    <value>Private</value>
                </Data>
                <Data name="purpose">
                    <value>Irrigation</value>
                </Data>
                <Data name="construction">
                    <value>Natural</value>
                </Data>
                <Data name="condition">
                    <value>Good</value>
                </Data>
                <Data name="print_order">
                    <value>077</value>
                </Data>
                <Data name="wb_id">
                    <value>Sc/Varc/11</value>
                </Data>
                <Data name="storage_capacity">
                    <value>1359.0</value>
                </Data>
                <Data name="wb_surface_id">
                    <value>410</value>
                </Data>
                <Data name="created_at">
                    <value>2020-02-28 15:24:34</value>
                </Data>
                <Data name="updated_at">
                    <value>2023-07-22 14:03:14.307690</value>
                </Data>
                <Data name="book_id">
                    <value>6</value>
                </Data>
                <Data name="owners">
                    <value>Antonio Rodrigues Rebello
Fr. Jose Maria Rodrgiues Rebello</value>
                </Data>
                <Data name="label_x">
                    <value>987634.0</value>
                </Data>
                <Data name="label_y">
                    <value>979527.595217547</value>
                </Data>
            </ExtendedData>
            <Point id="70104">
                <coordinates>73.938340426,15.222281858,0.0</coordinates>
            </Point>
        </Placemark>
        <Placemark id="70137">
            <ExtendedData>
                <Data name="direction">
                    <value>https://maps.google.com?q=15.22034,73.94092&amp;t=h</value>
                </Data>
                <Data name="id">
                    <value>3649</value>
                </Data>
                <Data name="name">
                    <value>Pandi Patoli</value>
                </Data>
                <Data name="taluka">
                    <value>Salcete</value>
                </Data>
                <Data name="syno">
                    <value>148</value>
                </Data>
                <Data name="subdiv">
                    <value>89</value>
                </Data>
                <Data name="village">
                    <value>Varca</value>
                </Data>
                <Data name="latitude">
                    <value>15.22034</value>
                </Data>
                <Data name="longitude">
                    <value>73.94092</value>
                </Data>
                <Data name="photo_1">
                    <value>DCIM/20210914143225549.jpg</value>
                </Data>
                <Data name="photo_2">
                    <value>DCIM/20210914143233261.jpg</value>
                </Data>
                <Data name="constituency">
                    <value>32 - Benaulim</value>
                </Data>
                <Data name="status">
                    <value>Completed</value>
                </Data>
                <Data name="panchayat">
                    <value>Varca</value>
                </Data>
                <Data name="wb_type">
                    <value>Pond</value>
                </Data>
                <Data name="owner_type">
                    <value>Private</value>
                </Data>
                <Data name="purpose">
                    <value>Irrigation</value>
                </Data>
                <Data name="construction">
                    <value>Natural</value>
                </Data>
                <Data name="condition">
                    <value>Good</value>
                </Data>
                <Data name="print_order">
                    <value>095</value>
                </Data>
                <Data name="wb_id">
                    <value>Sc/Varc/29</value>
                </Data>
                <Data name="storage_capacity">
                    <value>648.0</value>
                </Data>
                <Data name="wb_surface_id">
                    <value>409</value>
                </Data>
                <Data name="created_at">
                    <value>2021-03-14 16:00:35</value>
                </Data>
                <Data name="updated_at">
                    <value>2023-07-22 14:03:14.307690</value>
                </Data>
                <Data name="book_id">
                    <value>6</value>
                </Data>
                <Data name="owners">
                    <value>Anthonio Bartholomeo Rodrigues</value>
                </Data>
                <Data name="label_x">
                    <value>987634.0</value>
                </Data>
                <Data name="label_y">
                    <value>975677.595217547</value>
                </Data>
            </ExtendedData>
            <Point id="70136">
                <coordinates>73.940919961,15.220335551,0.0</coordinates>
            </Point>
        </Placemark>
        <Placemark id="70169">
            <ExtendedData>
                <Data name="direction">
                    <value>https://maps.google.com?q=15.23692,73.93948&amp;t=h</value>
                </Data>
                <Data name="id">
                    <value>3744</value>
                </Data>
                <Data name="name">
                    <value>Lopato</value>
                </Data>
                <Data name="taluka">
                    <value>Salcete</value>
                </Data>
                <Data name="syno">
                    <value>267</value>
                </Data>
                <Data name="subdiv">
                    <value>13</value>
                </Data>
                <Data name="village">
                    <value>Varca</value>
                </Data>
                <Data name="latitude">
                    <value>15.23692</value>
                </Data>
                <Data name="longitude">
                    <value>73.93948</value>
                </Data>
                <Data name="photo_1">
                    <value>DCIM/20220105115858648.jpg</value>
                </Data>
                <Data name="photo_2">
                    <value>DCIM/20220105115906711.jpg</value>
                </Data>
                <Data name="constituency">
                    <value>32 - Benaulim</value>
                </Data>
                <Data name="status">
                    <value>Completed</value>
                </Data>
                <Data name="panchayat">
                    <value>Varca</value>
                </Data>
                <Data name="wb_type">
                    <value>Pond</value>
                </Data>
                <Data name="owner_type">
                    <value>Communidade</value>
                </Data>
                <Data name="purpose">
                    <value>Irrigation</value>
                </Data>
                <Data name="construction">
                    <value>Natural</value>
                </Data>
                <Data name="condition">
                    <value>Needs Maintenance</value>
                </Data>
                <Data name="print_order">
                    <value>083</value>
                </Data>
                <Data name="wb_id">
                    <value>Sc/Varc/17</value>
                </Data>
                <Data name="storage_capacity">
                    <value>922.0</value>
                </Data>
                <Data name="wb_surface_id">
                    <value>402</value>
                </Data>
                <Data name="created_at">
                    <value>2021-03-13 10:52:06.922915</value>
                </Data>
                <Data name="updated_at">
                    <value>2023-07-22 14:03:14.307690</value>
                </Data>
                <Data name="book_id">
                    <value>6</value>
                </Data>
                <Data name="owners">
                    <value>Communidade of Varca</value>
                </Data>
                <Data name="label_x">
                    <value>987634.0</value>
                </Data>
                <Data name="label_y">
                    <value>1002277.595217547</value>
                </Data>
            </ExtendedData>
            <Point id="70168">
                <coordinates>73.939480293,15.236923324,0.0</coordinates>
            </Point>
        </Placemark>
        <Placemark id="70201">
            <ExtendedData>
                <Data name="direction">
                    <value>https://maps.google.com?q=15.2384,73.93893&amp;t=h</value>
                </Data>
                <Data name="id">
                    <value>3742</value>
                </Data>
                <Data name="name">
                    <value>Lopato</value>
                </Data>
                <Data name="taluka">
                    <value>Salcete</value>
                </Data>
                <Data name="syno">
                    <value>268</value>
                </Data>
                <Data name="subdiv">
                    <value>24</value>
                </Data>
                <Data name="village">
                    <value>Varca</value>
                </Data>
                <Data name="latitude">
                    <value>15.2384</value>
                </Data>
                <Data name="longitude">
                    <value>73.93893</value>
                </Data>
                <Data name="photo_1">
                    <value>DCIM/20220105115749574.jpg</value>
                </Data>
                <Data name="photo_2">
                    <value>DCIM/20220105115759458.jpg</value>
                </Data>
                <Data name="constituency">
                    <value>32 - Benaulim</value>
                </Data>
                <Data name="status">
                    <value>Completed</value>
                </Data>
                <Data name="panchayat">
                    <value>Varca</value>
                </Data>
                <Data name="wb_type">
                    <value>Pond</value>
                </Data>
                <Data name="owner_type">
                    <value>Communidade</value>
                </Data>
                <Data name="purpose">
                    <value>Irrigation</value>
                </Data>
                <Data name="construction">
                    <value>Natural</value>
                </Data>
                <Data name="condition">
                    <value>Needs Maintenance</value>
                </Data>
                <Data name="print_order">
                    <value>087</value>
                </Data>
                <Data name="wb_id">
                    <value>Sc/Varc/21</value>
                </Data>
                <Data name="storage_capacity">
                    <value>788.0</value>
                </Data>
                <Data name="wb_surface_id">
                    <value>2263</value>
                </Data>
                <Data name="created_at">
                    <value>2021-03-13 10:52:06.922915</value>
                </Data>
                <Data name="updated_at">
                    <value>2023-07-22 14:03:14.307690</value>
                </Data>
                <Data name="book_id">
                    <value>6</value>
                </Data>
                <Data name="owners">
                    <value>Communidade of Varca</value>
                </Data>
                <Data name="label_x">
                    <value>987634.0</value>
                </Data>
                <Data name="label_y">
                    <value>995977.595217547</value>
                </Data>
            </ExtendedData>
            <Point id="70200">
                <coordinates>73.938931176,15.23840276,0.0</coordinates>
            </Point>
        </Placemark>
        <Placemark id="70233">
            <ExtendedData>
                <Data name="direction">
                    <value>https://maps.google.com?q=15.21165,73.94008&amp;t=h</value>
                </Data>
                <Data name="id">
                    <value>2173</value>
                </Data>
                <Data name="name">
                    <value>Fatravado</value>
                </Data>
                <Data name="taluka">
                    <value>Salcete</value>
                </Data>
                <Data name="syno">
                    <value>110</value>
                </Data>
                <Data name="subdiv">
                    <value>0</value>
                </Data>
                <Data name="village">
                    <value>Varca</value>
                </Data>
                <Data name="latitude">
                    <value>15.21165</value>
                </Data>
                <Data name="longitude">
                    <value>73.94008</value>
                </Data>
                <Data name="photo_1">
                    <value>DCIM/20210805185018537.jpg</value>
                </Data>
                <Data name="photo_2">
                    <value>DCIM/20210805185029081.jpg</value>
                </Data>
                <Data name="constituency">
                    <value>32 - Benaulim</value>
                </Data>
                <Data name="status">
                    <value>Completed</value>
                </Data>
                <Data name="panchayat">
                    <value>Varca</value>
                </Data>
                <Data name="wb_type">
                    <value>Pond</value>
                </Data>
                <Data name="owner_type">
                    <value>Private</value>
                </Data>
                <Data name="purpose">
                    <value>Irrigation</value>
                </Data>
                <Data name="construction">
                    <value>Natural</value>
                </Data>
                <Data name="condition">
                    <value>Needs Maintenance</value>
                </Data>
                <Data name="print_order">
                    <value>108</value>
                </Data>
                <Data name="wb_id">
                    <value>Sc/Varc/42</value>
                </Data>
                <Data name="storage_capacity">
                    <value>418.0</value>
                </Data>
                <Data name="wb_surface_id">
                    <value>909</value>
                </Data>
                <Data name="created_at">
                    <value>2020-02-28 15:24:34</value>
                </Data>
                <Data name="updated_at">
                    <value>2023-07-22 14:03:14.307690</value>
                </Data>
                <Data name="book_id">
                    <value>6</value>
                </Data>
                <Data name="owners">
                    <value>Clotilda Pereira Gomes
George Pereira Gomes
Gracinda Pereira e Gomes
Jose Nicolau Pereira Gomes
Maria Albertina Pereira e Gomes
Pilar Sisters Association</value>
                </Data>
                <Data name="label_x">
                    <value>1008334.0</value>
                </Data>
                <Data name="label_y">
                    <value>977513.801375261</value>
                </Data>
            </ExtendedData>
            <Point id="70232">
                <coordinates>73.94007714,15.211647724,0.0</coordinates>
            </Point>
        </Placemark>
        <Placemark id="70265">
            <ExtendedData>
                <Data name="direction">
                    <value>https://maps.google.com?q=15.23954,73.93849&amp;t=h</value>
                </Data>
                <Data name="id">
                    <value>2189</value>
                </Data>
                <Data name="name">
                    <value>Lapota</value>
                </Data>
                <Data name="taluka">
                    <value>Salcete</value>
                </Data>
                <Data name="syno">
                    <value>269</value>
                </Data>
                <Data name="subdiv">
                    <value>5</value>
                </Data>
                <Data name="village">
                    <value>Varca</value>
                </Data>
                <Data name="latitude">
                    <value>15.23954</value>
                </Data>
                <Data name="longitude">
                    <value>73.93849</value>
                </Data>
                <Data name="photo_1">
                    <value>DCIM/20220105115621614.jpg</value>
                </Data>
                <Data name="photo_2">
                    <value>DCIM/20220105115630154.jpg</value>
                </Data>
                <Data name="constituency">
                    <value>32 - Benaulim</value>
                </Data>
                <Data name="status">
                    <value>Completed</value>
                </Data>
                <Data name="panchayat">
                    <value>Varca</value>
                </Data>
                <Data name="wb_type">
                    <value>Pond</value>
                </Data>
                <Data name="owner_type">
                    <value>Communidade</value>
                </Data>
                <Data name="purpose">
                    <value>Irrigation</value>
                </Data>
                <Data name="construction">
                    <value>Natural</value>
                </Data>
                <Data name="condition">
                    <value>Needs Maintenance</value>
                </Data>
                <Data name="print_order">
                    <value>099</value>
                </Data>
                <Data name="wb_id">
                    <value>Sc/Varc/33</value>
                </Data>
                <Data name="storage_capacity">
                    <value>572.0</value>
                </Data>
                <Data name="wb_surface_id">
                    <value>398</value>
                </Data>
                <Data name="created_at">
                    <value>2020-02-28 15:24:34</value>
                </Data>
                <Data name="updated_at">
                    <value>2023-07-22 14:03:14.307690</value>
                </Data>
                <Data name="book_id">
                    <value>6</value>
                </Data>
                <Data name="owners">
                    <value>Communidade of Varca</value>
                </Data>
                <Data name="label_x">
                    <value>987634.0</value>
                </Data>
                <Data name="label_y">
                    <value>996327.595217547</value>
                </Data>
            </ExtendedData>
            <Point id="70264">
                <coordinates>73.938485084,15.239540763,0.0</coordinates>
            </Point>
        </Placemark>
        <Placemark id="70297">
            <ExtendedData>
                <Data name="direction">
                    <value>https://maps.google.com?q=15.23609,73.93728&amp;t=h</value>
                </Data>
                <Data name="id">
                    <value>2184</value>
                </Data>
                <Data name="name">
                    <value>--</value>
                </Data>
                <Data name="taluka">
                    <value>Salcete</value>
                </Data>
                <Data name="syno">
                    <value>229</value>
                </Data>
                <Data name="subdiv">
                    <value>14</value>
                </Data>
                <Data name="village">
                    <value>Varca</value>
                </Data>
                <Data name="latitude">
                    <value>15.23609</value>
                </Data>
                <Data name="longitude">
                    <value>73.93728</value>
                </Data>
                <Data name="photo_1">
                    <value>DCIM/20220105115420755.jpg</value>
                </Data>
                <Data name="photo_2">
                    <value>DCIM/20220105115445738.jpg</value>
                </Data>
                <Data name="constituency">
                    <value>32 - Benaulim</value>
                </Data>
                <Data name="status">
                    <value>Completed</value>
                </Data>
                <Data name="panchayat">
                    <value>Varca</value>
                </Data>
                <Data name="wb_type">
                    <value>Pond</value>
                </Data>
                <Data name="owner_type">
                    <value>Communidade</value>
                </Data>
                <Data name="purpose">
                    <value>Irrigation</value>
                </Data>
                <Data name="construction">
                    <value>Natural</value>
                </Data>
                <Data name="condition">
                    <value>Good</value>
                </Data>
                <Data name="print_order">
                    <value>073</value>
                </Data>
                <Data name="wb_id">
                    <value>Sc/Varc/07</value>
                </Data>
                <Data name="storage_capacity">
                    <value>1768.0</value>
                </Data>
                <Data name="wb_surface_id">
                    <value>399</value>
                </Data>
                <Data name="created_at">
                    <value>2020-02-28 15:24:34</value>
                </Data>
                <Data name="updated_at">
                    <value>2023-07-22 14:03:14.307690</value>
                </Data>
                <Data name="book_id">
                    <value>6</value>
                </Data>
                <Data name="owners">
                    <value>Communidade of Varca</value>
                </Data>
                <Data name="label_x">
                    <value>987634.0</value>
                </Data>
                <Data name="label_y">
                    <value>993177.595217547</value>
                </Data>
            </ExtendedData>
            <Point id="70296">
                <coordinates>73.93727604,15.236087811,0.0</coordinates>
            </Point>
        </Placemark>
        <Placemark id="70329">
            <ExtendedData>
                <Data name="direction">
                    <value>https://maps.google.com?q=15.23196,73.94112&amp;t=h</value>
                </Data>
                <Data name="id">
                    <value>4124</value>
                </Data>
                <Data name="name">
                    <value>Adoyem</value>
                </Data>
                <Data name="taluka">
                    <value>Salcete</value>
                </Data>
                <Data name="syno">
                    <value>253</value>
                </Data>
                <Data name="subdiv">
                    <value>3</value>
                </Data>
                <Data name="village">
                    <value>Varca</value>
                </Data>
                <Data name="latitude">
                    <value>15.23196</value>
                </Data>
                <Data name="longitude">
                    <value>73.94112</value>
                </Data>
                <Data name="photo_1">
                    <value>DCIM/20220105121511511.jpg</value>
                </Data>
                <Data name="photo_2">
                    <value>DCIM/20220105121525917.jpg</value>
                </Data>
                <Data name="constituency">
                    <value>32 - Benaulim</value>
                </Data>
                <Data name="status">
                    <value>Completed</value>
                </Data>
                <Data name="panchayat">
                    <value>Varca</value>
                </Data>
                <Data name="wb_type">
                    <value>Pond</value>
                </Data>
                <Data name="owner_type">
                    <value>Communidade</value>
                </Data>
                <Data name="purpose">
                    <value>Irrigation</value>
                </Data>
                <Data name="construction">
                    <value>Natural</value>
                </Data>
                <Data name="condition">
                    <value>Needs Maintenance</value>
                </Data>
                <Data name="print_order">
                    <value>092</value>
                </Data>
                <Data name="wb_id">
                    <value>Sc/Varc/26</value>
                </Data>
                <Data name="storage_capacity">
                    <value>722.0</value>
                </Data>
                <Data name="wb_surface_id">
                    <value>2862</value>
                </Data>
                <Data name="created_at">
                    <value>2021-11-28 01:28:52.309644</value>
                </Data>
                <Data name="updated_at">
                    <value>2023-07-22 14:03:14.307690</value>
                </Data>
                <Data name="book_id">
                    <value>6</value>
                </Data>
                <Data name="owners">
                    <value>Communidade of Varca</value>
                </Data>
                <Data name="label_x">
                    <value>987634.0</value>
                </Data>
                <Data name="label_y">
                    <value>994227.595217547</value>
                </Data>
            </ExtendedData>
            <Point id="70328">
                <coordinates>73.941118434,15.231960058,0.0</coordinates>
            </Point>
        </Placemark>
        <Placemark id="70361">
            <ExtendedData>
                <Data name="direction">
                    <value>https://maps.google.com?q=15.21159,73.93824&amp;t=h</value>
                </Data>
                <Data name="id">
                    <value>2172</value>
                </Data>
                <Data name="name">
                    <value>Pasolem</value>
                </Data>
                <Data name="taluka">
                    <value>Salcete</value>
                </Data>
                <Data name="syno">
                    <value>140</value>
                </Data>
                <Data name="subdiv">
                    <value>39</value>
                </Data>
                <Data name="village">
                    <value>Varca</value>
                </Data>
                <Data name="latitude">
                    <value>15.21159</value>
                </Data>
                <Data name="longitude">
                    <value>73.93824</value>
                </Data>
                <Data name="photo_1">
                    <value>DCIM/20210805185822352.jpg</value>
                </Data>
                <Data name="photo_2">
                    <value>DCIM/20210805185834489.jpg</value>
                </Data>
                <Data name="constituency">
                    <value>32 - Benaulim</value>
                </Data>
                <Data name="status">
                    <value>Completed</value>
                </Data>
                <Data name="panchayat">
                    <value>Varca</value>
                </Data>
                <Data name="wb_type">
                    <value>Pond</value>
                </Data>
                <Data name="owner_type">
                    <value>Communidade</value>
                </Data>
                <Data name="purpose">
                    <value>Storage</value>
                </Data>
                <Data name="construction">
                    <value>Natural</value>
                </Data>
                <Data name="condition">
                    <value>Needs Maintenance</value>
                </Data>
                <Data name="print_order">
                    <value>069</value>
                </Data>
                <Data name="wb_id">
                    <value>Sc/Varc/03</value>
                </Data>
                <Data name="storage_capacity">
                    <value>3019.0</value>
                </Data>
                <Data name="wb_surface_id">
                    <value>403</value>
                </Data>
                <Data name="created_at">
                    <value>2020-02-28 15:24:34</value>
                </Data>
                <Data name="updated_at">
                    <value>2023-07-22 14:03:14.307690</value>
                </Data>
                <Data name="book_id">
                    <value>6</value>
                </Data>
                <Data name="owners">
                    <value>Communidade of Varca</value>
                </Data>
                <Data name="label_x">
                    <value>1008334.0</value>
                </Data>
                <Data name="label_y">
                    <value>976463.801375261</value>
                </Data>
            </ExtendedData>
            <Point id="70360">
                <coordinates>73.938237471,15.211592598,0.0</coordinates>
            </Point>
        </Placemark>
        <Placemark id="70393">
            <ExtendedData>
                <Data name="direction">
                    <value>https://maps.google.com?q=15.23458,73.92672&amp;t=h</value>
                </Data>
                <Data name="id">
                    <value>3667</value>
                </Data>
                <Data name="name">
                    <value>Utterdoshichem Ped or Pakyancho Lanso</value>
                </Data>
                <Data name="taluka">
                    <value>Salcete</value>
                </Data>
                <Data name="syno">
                    <value>215</value>
                </Data>
                <Data name="subdiv">
                    <value>35</value>
                </Data>
                <Data name="village">
                    <value>Varca</value>
                </Data>
                <Data name="latitude">
                    <value>15.23458</value>
                </Data>
                <Data name="longitude">
                    <value>73.92672</value>
                </Data>
                <Data name="photo_1">
                    <value>DCIM/20211209110455790.jpg</value>
                </Data>
                <Data name="photo_2">
                    <value>DCIM/20211209110504198.jpg</value>
                </Data>
                <Data name="constituency">
                    <value>32 - Benaulim</value>
                </Data>
                <Data name="status">
                    <value>Completed</value>
                </Data>
                <Data name="panchayat">
                    <value>Varca</value>
                </Data>
                <Data name="wb_type">
                    <value>Pond</value>
                </Data>
                <Data name="owner_type">
                    <value>Private</value>
                </Data>
                <Data name="purpose">
                    <value>Irrigation</value>
                </Data>
                <Data name="construction">
                    <value>Natural</value>
                </Data>
                <Data name="condition">
                    <value>Needs Maintenance</value>
                </Data>
                <Data name="print_order">
                    <value>126</value>
                </Data>
                <Data name="wb_id">
                    <value>Sc/Varc/60</value>
                </Data>
                <Data name="storage_capacity">
                    <value>222.0</value>
                </Data>
                <Data name="wb_surface_id">
                    <value>2259</value>
                </Data>
                <Data name="created_at">
                    <value>2021-03-14 16:01:11.494550</value>
                </Data>
                <Data name="updated_at">
                    <value>2023-07-22 14:03:14.307690</value>
                </Data>
                <Data name="book_id">
                    <value>6</value>
                </Data>
                <Data name="owners">
                    <value>Eric Furtado
Ermelinda Mable Furtado
Joao Furtado
Thomas Aquino Furtado
Valeriano Furtado</value>
                </Data>
                <Data name="label_x">
                    <value>987634.0</value>
                </Data>
                <Data name="label_y">
                    <value>987227.595217547</value>
                </Data>
            </ExtendedData>
            <Point id="70392">
                <coordinates>73.926720269,15.234583569,0.0</coordinates>
            </Point>
        </Placemark>
        <Placemark id="70425">
            <ExtendedData>
                <Data name="direction">
                    <value>https://maps.google.com?q=15.22743,73.93251&amp;t=h</value>
                </Data>
                <Data name="id">
                    <value>4204</value>
                </Data>
                <Data name="name">
                    <value>Camadya Bhuim</value>
                </Data>
                <Data name="taluka">
                    <value>Salcete</value>
                </Data>
                <Data name="syno">
                    <value>198</value>
                </Data>
                <Data name="subdiv">
                    <value>23</value>
                </Data>
                <Data name="village">
                    <value>Varca</value>
                </Data>
                <Data name="latitude">
                    <value>15.22743</value>
                </Data>
                <Data name="longitude">
                    <value>73.93251</value>
                </Data>
                <Data name="photo_1">
                    <value>DCIM/20211209095915080.jpg</value>
                </Data>
                <Data name="photo_2">
                    <value>DCIM/20211209095935719.jpg</value>
                </Data>
                <Data name="constituency">
                    <value>32 - Benaulim</value>
                </Data>
                <Data name="status">
                    <value>Completed</value>
                </Data>
                <Data name="panchayat">
                    <value>Varca</value>
                </Data>
                <Data name="wb_type">
                    <value>Pond</value>
                </Data>
                <Data name="owner_type">
                    <value>Communidade</value>
                </Data>
                <Data name="purpose">
                    <value>Irrigation</value>
                </Data>
                <Data name="construction">
                    <value>Natural</value>
                </Data>
                <Data name="condition">
                    <value>Needs Maintenance</value>
                </Data>
                <Data name="print_order">
                    <value>080</value>
                </Data>
                <Data name="wb_id">
                    <value>Sc/Varc/14</value>
                </Data>
                <Data name="storage_capacity">
                    <value>1093.0</value>
                </Data>
                <Data name="wb_surface_id">
                    <value>2944</value>
                </Data>
                <Data name="created_at">
                    <value>2021-12-09 00:00:00</value>
                </Data>
                <Data name="updated_at">
                    <value>2023-07-22 14:03:14.307690</value>
                </Data>
                <Data name="book_id">
                    <value>6</value>
                </Data>
                <Data name="owners">
                    <value>Communidade of Varca</value>
                </Data>
                <Data name="label_x">
                    <value>987634.0</value>
                </Data>
                <Data name="label_y">
                    <value>983027.595217547</value>
                </Data>
            </ExtendedData>
            <Point id="70424">
                <coordinates>73.932507212,15.227430197,0.0</coordinates>
            </Point>
        </Placemark>
        <Placemark id="70457">
            <ExtendedData>
                <Data name="direction">
                    <value>https://maps.google.com?q=15.23014,73.92869&amp;t=h</value>
                </Data>
                <Data name="id">
                    <value>3657</value>
                </Data>
                <Data name="name">
                    <value>Tringessimo Lanco dos Praisa</value>
                </Data>
                <Data name="taluka">
                    <value>Salcete</value>
                </Data>
                <Data name="syno">
                    <value>205</value>
                </Data>
                <Data name="subdiv">
                    <value>8</value>
                </Data>
                <Data name="village">
                    <value>Varca</value>
                </Data>
                <Data name="latitude">
                    <value>15.23014</value>
                </Data>
                <Data name="longitude">
                    <value>73.92869</value>
                </Data>
                <Data name="photo_1">
                    <value>DCIM/20220105122036630.jpg</value>
                </Data>
                <Data name="photo_2">
                    <value>DCIM/20220105122045988.jpg</value>
                </Data>
                <Data name="constituency">
                    <value>32 - Benaulim</value>
                </Data>
                <Data name="status">
                    <value>Completed</value>
                </Data>
                <Data name="panchayat">
                    <value>Varca</value>
                </Data>
                <Data name="wb_type">
                    <value>Pond</value>
                </Data>
                <Data name="owner_type">
                    <value>Private</value>
                </Data>
                <Data name="purpose">
                    <value>Irrigation</value>
                </Data>
                <Data name="construction">
                    <value>Natural</value>
                </Data>
                <Data name="condition">
                    <value>Good</value>
                </Data>
                <Data name="print_order">
                    <value>136</value>
                </Data>
                <Data name="wb_id">
                    <value>Sc/Varc/70</value>
                </Data>
                <Data name="storage_capacity">
                    <value>80.0</value>
                </Data>
                <Data name="wb_surface_id">
                    <value>2268</value>
                </Data>
                <Data name="created_at">
                    <value>2021-03-14 16:00:35</value>
                </Data>
                <Data name="updated_at">
                    <value>2023-07-22 14:03:14.307690</value>
                </Data>
                <Data name="book_id">
                    <value>6</value>
                </Data>
                <Data name="owners">
                    <value>Fabrica de Igreza de Varca</value>
                </Data>
                <Data name="label_x">
                    <value>987634.0</value>
                </Data>
                <Data name="label_y">
                    <value>984427.595217547</value>
                </Data>
            </ExtendedData>
            <Point id="70456">
                <coordinates>73.928687412,15.230143844,0.0</coordinates>
            </Point>
        </Placemark>
        <Placemark id="70489">
            <ExtendedData>
                <Data name="direction">
                    <value>https://maps.google.com?q=15.21903,73.93858&amp;t=h</value>
                </Data>
                <Data name="id">
                    <value>3650</value>
                </Data>
                <Data name="name">
                    <value>Dakarachem Ped or Dolopato</value>
                </Data>
                <Data name="taluka">
                    <value>Salcete</value>
                </Data>
                <Data name="syno">
                    <value>150</value>
                </Data>
                <Data name="subdiv">
                    <value>2</value>
                </Data>
                <Data name="village">
                    <value>Varca</value>
                </Data>
                <Data name="latitude">
                    <value>15.21903</value>
                </Data>
                <Data name="longitude">
                    <value>73.93858</value>
                </Data>
                <Data name="photo_1">
                    <value>DCIM/20211223095141847.jpg</value>
                </Data>
                <Data name="photo_2">
                    <value>DCIM/20211223095155411.jpg</value>
                </Data>
                <Data name="constituency">
                    <value>32 - Benaulim</value>
                </Data>
                <Data name="status">
                    <value>Completed</value>
                </Data>
                <Data name="panchayat">
                    <value>Varca</value>
                </Data>
                <Data name="wb_type">
                    <value>Pond</value>
                </Data>
                <Data name="owner_type">
                    <value>Private</value>
                </Data>
                <Data name="purpose">
                    <value>Irrigation</value>
                </Data>
                <Data name="construction">
                    <value>Natural</value>
                </Data>
                <Data name="condition">
                    <value>Good</value>
                </Data>
                <Data name="print_order">
                    <value>103</value>
                </Data>
                <Data name="wb_id">
                    <value>Sc/Varc/37</value>
                </Data>
                <Data name="storage_capacity">
                    <value>483.0</value>
                </Data>
                <Data name="wb_surface_id">
                    <value>2270</value>
                </Data>
                <Data name="created_at">
                    <value>2021-03-14 16:00:35</value>
                </Data>
                <Data name="updated_at">
                    <value>2023-07-22 14:03:14.307690</value>
                </Data>
                <Data name="book_id">
                    <value>6</value>
                </Data>
                <Data name="owners">
                    <value>Alvaro Furtado
Paulina Fernandes</value>
                </Data>
                <Data name="label_x">
                    <value>987634.0</value>
                </Data>
                <Data name="label_y">
                    <value>977427.595217547</value>
                </Data>
            </ExtendedData>
            <Point id="70488">
                <coordinates>73.938579172,15.219032514,0.0</coordinates>
            </Point>
        </Placemark>
        <Placemark id="70521">
            <ExtendedData>
                <Data name="direction">
                    <value>https://maps.google.com?q=15.23886,73.93255&amp;t=h</value>
                </Data>
                <Data name="id">
                    <value>4206</value>
                </Data>
                <Data name="name">
                    <value>Sarvad</value>
                </Data>
                <Data name="taluka">
                    <value>Salcete</value>
                </Data>
                <Data name="syno">
                    <value>224</value>
                </Data>
                <Data name="subdiv">
                    <value>7</value>
                </Data>
                <Data name="village">
                    <value>Varca</value>
                </Data>
                <Data name="latitude">
                    <value>15.23886</value>
                </Data>
                <Data name="longitude">
                    <value>73.93255</value>
                </Data>
                <Data name="photo_1">
                    <value>DCIM/20211209104356192.jpg</value>
                </Data>
                <Data name="photo_2">
                    <value>DCIM/20211209104343170.jpg</value>
                </Data>
                <Data name="constituency">
                    <value>32 - Benaulim</value>
                </Data>
                <Data name="status">
                    <value>Completed</value>
                </Data>
                <Data name="panchayat">
                    <value>Varca</value>
                </Data>
                <Data name="wb_type">
                    <value>Pond</value>
                </Data>
                <Data name="owner_type">
                    <value>Communidade</value>
                </Data>
                <Data name="purpose">
                    <value>Irrigation</value>
                </Data>
                <Data name="construction">
                    <value>Natural</value>
                </Data>
                <Data name="condition">
                    <value>Needs Maintenance</value>
                </Data>
                <Data name="print_order">
                    <value>132</value>
                </Data>
                <Data name="wb_id">
                    <value>Sc/Varc/66</value>
                </Data>
                <Data name="storage_capacity">
                    <value>115.0</value>
                </Data>
                <Data name="wb_surface_id">
                    <value>2956</value>
                </Data>
                <Data name="created_at">
                    <value>2021-12-09 00:00:00</value>
                </Data>
                <Data name="updated_at">
                    <value>2023-07-22 14:03:14.307690</value>
                </Data>
                <Data name="book_id">
                    <value>6</value>
                </Data>
                <Data name="owners">
                    <value>Communidade of Varca</value>
                </Data>
                <Data name="label_x">
                    <value>987634.0</value>
                </Data>
                <Data name="label_y">
                    <value>992477.595217547</value>
                </Data>
            </ExtendedData>
            <Point id="70520">
                <coordinates>73.932551498,15.238858278,0.0</coordinates>
            </Point>
        </Placemark>
        <Placemark id="70553">
            <ExtendedData>
                <Data name="direction">
                    <value>https://maps.google.com?q=15.23685,73.94628&amp;t=h</value>
                </Data>
                <Data name="id">
                    <value>2190</value>
                </Data>
                <Data name="name">
                    <value>Alegoa Khailad</value>
                </Data>
                <Data name="taluka">
                    <value>Salcete</value>
                </Data>
                <Data name="syno">
                    <value>10</value>
                </Data>
                <Data name="subdiv">
                    <value>1-16</value>
                </Data>
                <Data name="village">
                    <value>Varca</value>
                </Data>
                <Data name="latitude">
                    <value>15.23685</value>
                </Data>
                <Data name="longitude">
                    <value>73.94628</value>
                </Data>
                <Data name="photo_1">
                    <value>DCIM/20211223092139267.jpg</value>
                </Data>
                <Data name="photo_2">
                    <value>DCIM/20211223092154182.jpg</value>
                </Data>
                <Data name="constituency">
                    <value>32 - Benaulim</value>
                </Data>
                <Data name="status">
                    <value>Completed</value>
                </Data>
                <Data name="panchayat">
                    <value>Varca</value>
                </Data>
                <Data name="wb_type">
                    <value>Lake</value>
                </Data>
                <Data name="owner_type">
                    <value>Communidade</value>
                </Data>
                <Data name="purpose">
                    <value>Irrigation</value>
                </Data>
                <Data name="construction">
                    <value>Man Made</value>
                </Data>
                <Data name="condition">
                    <value>Good</value>
                </Data>
                <Data name="print_order">
                    <value>003</value>
                </Data>
                <Data name="wb_id">
                    <value>Sc/Varc/01</value>
                </Data>
                <Data name="storage_capacity">
                    <value>140921.0</value>
                </Data>
                <Data name="wb_surface_id">
                    <value>939</value>
                </Data>
                <Data name="created_at">
                    <value>2020-02-28 15:24:34</value>
                </Data>
                <Data name="updated_at">
                    <value>2023-07-22 14:03:14.307690</value>
                </Data>
                <Data name="book_id">
                    <value>6</value>
                </Data>
                <Data name="owners">
                    <value>Communidade of Varca</value>
                </Data>
                <Data name="label_x">
                    <value>1008334.0</value>
                </Data>
                <Data name="label_y">
                    <value>981013.801375261</value>
                </Data>
            </ExtendedData>
            <Point id="70552">
                <coordinates>73.946276248,15.236845435,0.0</coordinates>
            </Point>
        </Placemark>
        <Placemark id="70585">
            <ExtendedData>
                <Data name="direction">
                    <value>https://maps.google.com?q=15.23011,73.93191&amp;t=h</value>
                </Data>
                <Data name="id">
                    <value>3751</value>
                </Data>
                <Data name="name">
                    <value>Degdoshi Bal</value>
                </Data>
                <Data name="taluka">
                    <value>Salcete</value>
                </Data>
                <Data name="syno">
                    <value>204</value>
                </Data>
                <Data name="subdiv">
                    <value>21</value>
                </Data>
                <Data name="village">
                    <value>Varca</value>
                </Data>
                <Data name="latitude">
                    <value>15.23011</value>
                </Data>
                <Data name="longitude">
                    <value>73.93191</value>
                </Data>
                <Data name="photo_1">
                    <value>DCIM/20211209092229120.jpg</value>
                </Data>
                <Data name="photo_2">
                    <value>DCIM/20211209092249257.jpg</value>
                </Data>
                <Data name="constituency">
                    <value>32 - Benaulim</value>
                </Data>
                <Data name="status">
                    <value>Completed</value>
                </Data>
                <Data name="panchayat">
                    <value>Varca</value>
                </Data>
                <Data name="wb_type">
                    <value>Pond</value>
                </Data>
                <Data name="owner_type">
                    <value>Communidade</value>
                </Data>
                <Data name="purpose">
                    <value>Irrigation</value>
                </Data>
                <Data name="construction">
                    <value>Natural</value>
                </Data>
                <Data name="condition">
                    <value>Needs Maintenance</value>
                </Data>
                <Data name="print_order">
                    <value>096</value>
                </Data>
                <Data name="wb_id">
                    <value>Sc/Varc/30</value>
                </Data>
                <Data name="storage_capacity">
                    <value>644.0</value>
                </Data>
                <Data name="wb_surface_id">
                    <value>2222</value>
                </Data>
                <Data name="created_at">
                    <value>2021-03-13 10:52:06.922915</value>
                </Data>
                <Data name="updated_at">
                    <value>2023-07-22 14:03:14.307690</value>
                </Data>
                <Data name="book_id">
                    <value>6</value>
                </Data>
                <Data name="owners">
                    <value>Communidade of Varca</value>
                </Data>
                <Data name="label_x">
                    <value>987634.0</value>
                </Data>
                <Data name="label_y">
                    <value>985127.595217547</value>
                </Data>
            </ExtendedData>
            <Point id="70584">
                <coordinates>73.9319076,15.230106189,0.0</coordinates>
            </Point>
        </Placemark>
        <Placemark id="70617">
            <ExtendedData>
                <Data name="direction">
                    <value>https://maps.google.com?q=15.23454,73.93229&amp;t=h</value>
                </Data>
                <Data name="id">
                    <value>3663</value>
                </Data>
                <Data name="name">
                    <value>Bal</value>
                </Data>
                <Data name="taluka">
                    <value>Salcete</value>
                </Data>
                <Data name="syno">
                    <value>236</value>
                </Data>
                <Data name="subdiv">
                    <value>26</value>
                </Data>
                <Data name="village">
                    <value>Varca</value>
                </Data>
                <Data name="latitude">
                    <value>15.23454</value>
                </Data>
                <Data name="longitude">
                    <value>73.93229</value>
                </Data>
                <Data name="photo_1">
                    <value>DCIM/20211209101520748.jpg</value>
                </Data>
                <Data name="photo_2">
                    <value>DCIM/20211209101533428.jpg</value>
                </Data>
                <Data name="constituency">
                    <value>32 - Benaulim</value>
                </Data>
                <Data name="status">
                    <value>Completed</value>
                </Data>
                <Data name="panchayat">
                    <value>Varca</value>
                </Data>
                <Data name="wb_type">
                    <value>Pond</value>
                </Data>
                <Data name="owner_type">
                    <value>Communidade</value>
                </Data>
                <Data name="purpose">
                    <value>Irrigation</value>
                </Data>
                <Data name="construction">
                    <value>Natural</value>
                </Data>
                <Data name="condition">
                    <value>Needs Maintenance</value>
                </Data>
                <Data name="print_order">
                    <value>106</value>
                </Data>
                <Data name="wb_id">
                    <value>Sc/Varc/40</value>
                </Data>
                <Data name="storage_capacity">
                    <value>426.0</value>
                </Data>
                <Data name="wb_surface_id">
                    <value>2267</value>
                </Data>
                <Data name="created_at">
                    <value>2021-03-14 16:01:11.494550</value>
                </Data>
                <Data name="updated_at">
                    <value>2023-07-22 14:03:14.307690</value>
                </Data>
                <Data name="book_id">
                    <value>6</value>
                </Data>
                <Data name="owners">
                    <value>Communidade of Varca</value>
                </Data>
                <Data name="label_x">
                    <value>987634.0</value>
                </Data>
                <Data name="label_y">
                    <value>991427.595217547</value>
                </Data>
            </ExtendedData>
            <Point id="70616">
                <coordinates>73.932294531,15.234537682,0.0</coordinates>
            </Point>
        </Placemark>
        <Placemark id="70649">
            <ExtendedData>
                <Data name="direction">
                    <value>https://maps.google.com?q=15.23688,73.92937&amp;t=h</value>
                </Data>
                <Data name="id">
                    <value>3946</value>
                </Data>
                <Data name="name">
                    <value>Gudxetavelem Bhim</value>
                </Data>
                <Data name="taluka">
                    <value>Salcete</value>
                </Data>
                <Data name="syno">
                    <value>219</value>
                </Data>
                <Data name="subdiv">
                    <value>3</value>
                </Data>
                <Data name="village">
                    <value>Varca</value>
                </Data>
                <Data name="latitude">
                    <value>15.23688</value>
                </Data>
                <Data name="longitude">
                    <value>73.92937</value>
                </Data>
                <Data name="photo_1">
                    <value>DCIM/20211101090338639.jpg</value>
                </Data>
                <Data name="photo_2">
                    <value>DCIM/20211101090629755.jpg</value>
                </Data>
                <Data name="constituency">
                    <value>32 - Benaulim</value>
                </Data>
                <Data name="status">
                    <value>Completed</value>
                </Data>
                <Data name="panchayat">
                    <value>Varca</value>
                </Data>
                <Data name="wb_type">
                    <value>Pond</value>
                </Data>
                <Data name="owner_type">
                    <value>Private</value>
                </Data>
                <Data name="purpose">
                    <value>Storage</value>
                </Data>
                <Data name="construction">
                    <value>Natural</value>
                </Data>
                <Data name="condition">
                    <value>Needs Maintenance</value>
                </Data>
                <Data name="print_order">
                    <value>119</value>
                </Data>
                <Data name="wb_id">
                    <value>Sc/Varc/53</value>
                </Data>
                <Data name="storage_capacity">
                    <value>272.0</value>
                </Data>
                <Data name="wb_surface_id">
                    <value>2640</value>
                </Data>
                <Data name="created_at">
                    <value>2021-11-01 00:00:00</value>
                </Data>
                <Data name="updated_at">
                    <value>2023-07-22 14:03:14.307690</value>
                </Data>
                <Data name="book_id">
                    <value>6</value>
                </Data>
                <Data name="owners">
                    <value>Francisca Mendes
Isidore Maria Gregorio Agnelo Cruz
Jaswin Paulo Rosario D`Cruz
Piedade Fernandes
Profula Fernandes
Rosalina Noronha alias Rosalina Cruz
Tome Joao Cruz
Trinidade Jeronina Pereira
Valencio D`Cruz
Villroy Michael D`Cruz,</value>
                </Data>
                <Data name="label_x">
                    <value>987634.0</value>
                </Data>
                <Data name="label_y">
                    <value>990727.595217547</value>
                </Data>
            </ExtendedData>
            <Point id="70648">
                <coordinates>73.929368411,15.236875011,0.0</coordinates>
            </Point>
        </Placemark>
        <Placemark id="70681">
            <ExtendedData>
                <Data name="direction">
                    <value>https://maps.google.com?q=15.21784,73.93596&amp;t=h</value>
                </Data>
                <Data name="id">
                    <value>2180</value>
                </Data>
                <Data name="name">
                    <value>Udiyo</value>
                </Data>
                <Data name="taluka">
                    <value>Salcete</value>
                </Data>
                <Data name="syno">
                    <value>163</value>
                </Data>
                <Data name="subdiv">
                    <value>71</value>
                </Data>
                <Data name="village">
                    <value>Varca</value>
                </Data>
                <Data name="latitude">
                    <value>15.21784</value>
                </Data>
                <Data name="longitude">
                    <value>73.93596</value>
                </Data>
                <Data name="photo_1">
                    <value>DCIM/20211223095934629.jpg</value>
                </Data>
                <Data name="photo_2">
                    <value>DCIM/20211223095959651.jpg</value>
                </Data>
                <Data name="constituency">
                    <value>32 - Benaulim</value>
                </Data>
                <Data name="status">
                    <value>Completed</value>
                </Data>
                <Data name="panchayat">
                    <value>Varca</value>
                </Data>
                <Data name="wb_type">
                    <value>Pond</value>
                </Data>
                <Data name="owner_type">
                    <value>Communidade</value>
                </Data>
                <Data name="purpose">
                    <value>Irrigation</value>
                </Data>
                <Data name="construction">
                    <value>Natural</value>
                </Data>
                <Data name="condition">
                    <value>Needs Maintenance</value>
                </Data>
                <Data name="print_order">
                    <value>111</value>
                </Data>
                <Data name="wb_id">
                    <value>Sc/Varc/45</value>
                </Data>
                <Data name="storage_capacity">
                    <value>382.0</value>
                </Data>
                <Data name="wb_surface_id">
                    <value>915</value>
                </Data>
                <Data name="created_at">
                    <value>2020-02-28 15:24:34</value>
                </Data>
                <Data name="updated_at">
                    <value>2023-07-22 14:03:14.307690</value>
                </Data>
                <Data name="book_id">
                    <value>6</value>
                </Data>
                <Data name="owners">
                    <value>Communidade of Varca</value>
                </Data>
                <Data name="label_x">
                    <value>987634.0</value>
                </Data>
                <Data name="label_y">
                    <value>978827.595217547</value>
                </Data>
            </ExtendedData>
            <Point id="70680">
                <coordinates>73.935956773,15.217840726,0.0</coordinates>
            </Point>
        </Placemark>
        <Placemark id="70713">
            <ExtendedData>
                <Data name="direction">
                    <value>https://maps.google.com?q=15.23418,73.94071&amp;t=h</value>
                </Data>
                <Data name="id">
                    <value>2186</value>
                </Data>
                <Data name="name">
                    <value>Govalem</value>
                </Data>
                <Data name="taluka">
                    <value>Salcete</value>
                </Data>
                <Data name="syno">
                    <value>258</value>
                </Data>
                <Data name="subdiv">
                    <value>12</value>
                </Data>
                <Data name="village">
                    <value>Varca</value>
                </Data>
                <Data name="latitude">
                    <value>15.23418</value>
                </Data>
                <Data name="longitude">
                    <value>73.94071</value>
                </Data>
                <Data name="photo_1">
                    <value>DCIM/20220105120623481.jpg</value>
                </Data>
                <Data name="photo_2">
                    <value>DCIM/20220105120633601.jpg</value>
                </Data>
                <Data name="constituency">
                    <value>32 - Benaulim</value>
                </Data>
                <Data name="status">
                    <value>Completed</value>
                </Data>
                <Data name="panchayat">
                    <value>Varca</value>
                </Data>
                <Data name="wb_type">
                    <value>Pond</value>
                </Data>
                <Data name="owner_type">
                    <value>Private</value>
                </Data>
                <Data name="purpose">
                    <value>Irrigation</value>
                </Data>
                <Data name="construction">
                    <value>Natural</value>
                </Data>
                <Data name="condition">
                    <value>Needs Maintenance</value>
                </Data>
                <Data name="print_order">
                    <value>114</value>
                </Data>
                <Data name="wb_id">
                    <value>Sc/Varc/48</value>
                </Data>
                <Data name="storage_capacity">
                    <value>361.0</value>
                </Data>
                <Data name="wb_surface_id">
                    <value>924</value>
                </Data>
                <Data name="created_at">
                    <value>2020-02-28 15:24:34</value>
                </Data>
                <Data name="updated_at">
                    <value>2023-07-22 14:03:14.307690</value>
                </Data>
                <Data name="book_id">
                    <value>6</value>
                </Data>
                <Data name="owners">
                    <value>Teodomiro Francisco Antonio Mendonca</value>
                </Data>
                <Data name="label_x">
                    <value>987634.0</value>
                </Data>
                <Data name="label_y">
                    <value>1002627.595217547</value>
                </Data>
            </ExtendedData>
            <Point id="70712">
                <coordinates>73.940707243,15.234175075,0.0</coordinates>
            </Point>
        </Placemark>
        <Placemark id="70745">
            <ExtendedData>
                <Data name="direction">
                    <value>https://maps.google.com?q=15.23402,73.92747&amp;t=h</value>
                </Data>
                <Data name="id">
                    <value>4208</value>
                </Data>
                <Data name="name">
                    <value>Utterdeshichem Ped or Paklyancho Lanco.</value>
                </Data>
                <Data name="taluka">
                    <value>Salcete</value>
                </Data>
                <Data name="syno">
                    <value>215</value>
                </Data>
                <Data name="subdiv">
                    <value>83</value>
                </Data>
                <Data name="village">
                    <value>Varca</value>
                </Data>
                <Data name="latitude">
                    <value>15.23402</value>
                </Data>
                <Data name="longitude">
                    <value>73.92747</value>
                </Data>
                <Data name="photo_1">
                    <value>DCIM/20211209111323752.jpg</value>
                </Data>
                <Data name="photo_2">
                    <value>DCIM/20211209111333011.jpg</value>
                </Data>
                <Data name="constituency">
                    <value>32 - Benaulim</value>
                </Data>
                <Data name="status">
                    <value>Completed</value>
                </Data>
                <Data name="panchayat">
                    <value>Varca</value>
                </Data>
                <Data name="wb_type">
                    <value>Pond</value>
                </Data>
                <Data name="owner_type">
                    <value>Private</value>
                </Data>
                <Data name="purpose">
                    <value>Irrigation</value>
                </Data>
                <Data name="construction">
                    <value>Natural</value>
                </Data>
                <Data name="condition">
                    <value>Needs Maintenance</value>
                </Data>
                <Data name="print_order">
                    <value>078</value>
                </Data>
                <Data name="wb_id">
                    <value>Sc/Varc/12</value>
                </Data>
                <Data name="storage_capacity">
                    <value>1257.0</value>
                </Data>
                <Data name="wb_surface_id">
                    <value>2959</value>
                </Data>
                <Data name="created_at">
                    <value>2021-12-09 00:00:00</value>
                </Data>
                <Data name="updated_at">
                    <value>2023-07-22 14:03:14.307690</value>
                </Data>
                <Data name="book_id">
                    <value>6</value>
                </Data>
                <Data name="owners">
                    <value>Eric Furtado
Ermelinda Mable Furtado
Joao Furtado
Thomas Aquino Furtado
Valeriano Furtado</value>
                </Data>
                <Data name="label_x">
                    <value>987634.0</value>
                </Data>
                <Data name="label_y">
                    <value>987577.595217547</value>
                </Data>
            </ExtendedData>
            <Point id="70744">
                <coordinates>73.92747341,15.234022105,0.0</coordinates>
            </Point>
        </Placemark>
        <Placemark id="70777">
            <ExtendedData>
                <Data name="direction">
                    <value>https://maps.google.com?q=15.22172,73.93855&amp;t=h</value>
                </Data>
                <Data name="id">
                    <value>4253</value>
                </Data>
                <Data name="name">
                    <value>Siquetim Tolem</value>
                </Data>
                <Data name="taluka">
                    <value>Salcete</value>
                </Data>
                <Data name="syno">
                    <value>169</value>
                </Data>
                <Data name="subdiv">
                    <value>34</value>
                </Data>
                <Data name="village">
                    <value>Varca</value>
                </Data>
                <Data name="latitude">
                    <value>15.22172</value>
                </Data>
                <Data name="longitude">
                    <value>73.93855</value>
                </Data>
                <Data name="photo_1">
                    <value>DCIM/20211223041321743.jpg</value>
                </Data>
                <Data name="photo_2">
                    <value>DCIM/20211223094329570.jpg</value>
                </Data>
                <Data name="constituency">
                    <value>32 - Benaulim</value>
                </Data>
                <Data name="status">
                    <value>Completed</value>
                </Data>
                <Data name="panchayat">
                    <value>Varca</value>
                </Data>
                <Data name="wb_type">
                    <value>Pond</value>
                </Data>
                <Data name="owner_type">
                    <value>Private</value>
                </Data>
                <Data name="purpose">
                    <value>Irrigation</value>
                </Data>
                <Data name="construction">
                    <value>Natural</value>
                </Data>
                <Data name="condition">
                    <value>Good</value>
                </Data>
                <Data name="print_order">
                    <value>086</value>
                </Data>
                <Data name="wb_id">
                    <value>Sc/Varc/20</value>
                </Data>
                <Data name="storage_capacity">
                    <value>847.0</value>
                </Data>
                <Data name="wb_surface_id">
                    <value>3285</value>
                </Data>
                <Data name="created_at">
                    <value>2021-12-23 00:00:00</value>
                </Data>
                <Data name="updated_at">
                    <value>2023-07-22 14:03:14.307690</value>
                </Data>
                <Data name="book_id">
                    <value>6</value>
                </Data>
                <Data name="owners">
                    <value>CorhelO Cardozo</value>
                </Data>
                <Data name="label_x">
                    <value>987634.0</value>
                </Data>
                <Data name="label_y">
                    <value>979177.595217547</value>
                </Data>
            </ExtendedData>
            <Point id="70776">
                <coordinates>73.938545,15.221721667,0.0</coordinates>
            </Point>
        </Placemark>
        <Placemark id="70809">
            <ExtendedData>
                <Data name="direction">
                    <value>https://maps.google.com?q=15.23332,73.93338&amp;t=h</value>
                </Data>
                <Data name="id">
                    <value>3661</value>
                </Data>
                <Data name="name">
                    <value>Bal</value>
                </Data>
                <Data name="taluka">
                    <value>Salcete</value>
                </Data>
                <Data name="syno">
                    <value>237</value>
                </Data>
                <Data name="subdiv">
                    <value>15</value>
                </Data>
                <Data name="village">
                    <value>Varca</value>
                </Data>
                <Data name="latitude">
                    <value>15.23332</value>
                </Data>
                <Data name="longitude">
                    <value>73.93338</value>
                </Data>
                <Data name="photo_1">
                    <value>DCIM/20211209101016846.jpg</value>
                </Data>
                <Data name="photo_2">
                    <value>DCIM/20211209100955202.jpg</value>
                </Data>
                <Data name="constituency">
                    <value>32 - Benaulim</value>
                </Data>
                <Data name="status">
                    <value>Completed</value>
                </Data>
                <Data name="panchayat">
                    <value>Varca</value>
                </Data>
                <Data name="wb_type">
                    <value>Pond</value>
                </Data>
                <Data name="owner_type">
                    <value>Communidade</value>
                </Data>
                <Data name="purpose">
                    <value>Irrigation</value>
                </Data>
                <Data name="construction">
                    <value>Natural</value>
                </Data>
                <Data name="condition">
                    <value>Needs Maintenance</value>
                </Data>
                <Data name="print_order">
                    <value>113</value>
                </Data>
                <Data name="wb_id">
                    <value>Sc/Varc/47</value>
                </Data>
                <Data name="storage_capacity">
                    <value>371.0</value>
                </Data>
                <Data name="wb_surface_id">
                    <value>2272</value>
                </Data>
                <Data name="created_at">
                    <value>2021-03-14 16:01:11</value>
                </Data>
                <Data name="updated_at">
                    <value>2023-07-22 14:03:14.307690</value>
                </Data>
                <Data name="book_id">
                    <value>6</value>
                </Data>
                <Data name="owners">
                    <value>Communidade of Varca</value>
                </Data>
                <Data name="label_x">
                    <value>987634.0</value>
                </Data>
                <Data name="label_y">
                    <value>991777.595217547</value>
                </Data>
            </ExtendedData>
            <Point id="70808">
                <coordinates>73.933378088,15.233318223,0.0</coordinates>
            </Point>
        </Placemark>
        <Placemark id="70841">
            <ExtendedData>
                <Data name="direction">
                    <value>https://maps.google.com?q=15.22974,73.95723&amp;t=h</value>
                </Data>
                <Data name="id">
                    <value>3865</value>
                </Data>
                <Data name="name">
                    <value>Pistacazon</value>
                </Data>
                <Data name="taluka">
                    <value>Salcete</value>
                </Data>
                <Data name="syno">
                    <value>48</value>
                </Data>
                <Data name="subdiv">
                    <value>5</value>
                </Data>
                <Data name="village">
                    <value>Varca</value>
                </Data>
                <Data name="latitude">
                    <value>15.22974</value>
                </Data>
                <Data name="longitude">
                    <value>73.95723</value>
                </Data>
                <Data name="photo_1">
                    <value>DCIM/20210917114935730.jpg</value>
                </Data>
                <Data name="photo_2">
                    <value>DCIM/20210917114942979.jpg</value>
                </Data>
                <Data name="constituency">
                    <value>32 - Benaulim</value>
                </Data>
                <Data name="status">
                    <value>Completed</value>
                </Data>
                <Data name="panchayat">
                    <value>Varca</value>
                </Data>
                <Data name="wb_type">
                    <value>Pond</value>
                </Data>
                <Data name="owner_type">
                    <value>Private</value>
                </Data>
                <Data name="purpose">
                    <value>Irrigation</value>
                </Data>
                <Data name="construction">
                    <value>Natural</value>
                </Data>
                <Data name="condition">
                    <value>Good</value>
                </Data>
                <Data name="print_order">
                    <value>115</value>
                </Data>
                <Data name="wb_id">
                    <value>Sc/Varc/49</value>
                </Data>
                <Data name="storage_capacity">
                    <value>324.0</value>
                </Data>
                <Data name="wb_surface_id">
                    <value>2559</value>
                </Data>
                <Data name="created_at">
                    <value>2021-09-17 00:00:00</value>
                </Data>
                <Data name="updated_at">
                    <value>2023-07-22 14:03:14.307690</value>
                </Data>
                <Data name="book_id">
                    <value>6</value>
                </Data>
                <Data name="owners">
                    <value>Alberto Fernando Vaz
Alipio Sebastiao Vaz
Atanazio Santana Vaz
Belarmino Menino Vaz
Jose Antonio Vaz
Reginaldo Romaldo Vaz
Teotonio Romaldo Vaz</value>
                </Data>
                <Data name="label_x">
                    <value>1008334.0</value>
                </Data>
                <Data name="label_y">
                    <value>980663.801375261</value>
                </Data>
            </ExtendedData>
            <Point id="70840">
                <coordinates>73.957234285,15.229739268,0.0</coordinates>
            </Point>
        </Placemark>
        <Placemark id="70873">
            <ExtendedData>
                <Data name="direction">
                    <value>https://maps.google.com?q=15.22718,73.94135&amp;t=h</value>
                </Data>
                <Data name="id">
                    <value>2198</value>
                </Data>
                <Data name="name">
                    <value>Patoli</value>
                </Data>
                <Data name="taluka">
                    <value>Salcete</value>
                </Data>
                <Data name="syno">
                    <value>82</value>
                </Data>
                <Data name="subdiv">
                    <value>41</value>
                </Data>
                <Data name="village">
                    <value>Varca</value>
                </Data>
                <Data name="latitude">
                    <value>15.22718</value>
                </Data>
                <Data name="longitude">
                    <value>73.94135</value>
                </Data>
                <Data name="photo_1">
                    <value>DCIM/20220105125022403.jpg</value>
                </Data>
                <Data name="photo_2">
                    <value>DCIM/20220105125029423.jpg</value>
                </Data>
                <Data name="constituency">
                    <value>32 - Benaulim</value>
                </Data>
                <Data name="status">
                    <value>Completed</value>
                </Data>
                <Data name="panchayat">
                    <value>Varca</value>
                </Data>
                <Data name="wb_type">
                    <value>Pond</value>
                </Data>
                <Data name="owner_type">
                    <value>Communidade</value>
                </Data>
                <Data name="purpose">
                    <value>Irrigation</value>
                </Data>
                <Data name="construction">
                    <value>Natural</value>
                </Data>
                <Data name="condition">
                    <value>Needs Maintenance</value>
                </Data>
                <Data name="print_order">
                    <value>076</value>
                </Data>
                <Data name="wb_id">
                    <value>Sc/Varc/10</value>
                </Data>
                <Data name="storage_capacity">
                    <value>1366.0</value>
                </Data>
                <Data name="wb_surface_id">
                    <value>920</value>
                </Data>
                <Data name="created_at">
                    <value>2020-02-28 15:24:34</value>
                </Data>
                <Data name="updated_at">
                    <value>2023-07-22 14:03:14.307690</value>
                </Data>
                <Data name="book_id">
                    <value>6</value>
                </Data>
                <Data name="owners">
                    <value>Communidade of Varca</value>
                </Data>
                <Data name="label_x">
                    <value>987634.0</value>
                </Data>
                <Data name="label_y">
                    <value>980577.595217547</value>
                </Data>
            </ExtendedData>
            <Point id="70872">
                <coordinates>73.941353039,15.227181413,0.0</coordinates>
            </Point>
        </Placemark>
        <Placemark id="70905">
            <ExtendedData>
                <Data name="direction">
                    <value>https://maps.google.com?q=15.23867,73.93714&amp;t=h</value>
                </Data>
                <Data name="id">
                    <value>2187</value>
                </Data>
                <Data name="name">
                    <value>Lapato</value>
                </Data>
                <Data name="taluka">
                    <value>Salcete</value>
                </Data>
                <Data name="syno">
                    <value>269</value>
                </Data>
                <Data name="subdiv">
                    <value>8</value>
                </Data>
                <Data name="village">
                    <value>Varca</value>
                </Data>
                <Data name="latitude">
                    <value>15.23867</value>
                </Data>
                <Data name="longitude">
                    <value>73.93714</value>
                </Data>
                <Data name="photo_1">
                    <value>DCIM/20211029122303285.jpg</value>
                </Data>
                <Data name="photo_2">
                    <value>DCIM/20211029122312219.jpg</value>
                </Data>
                <Data name="constituency">
                    <value>32 - Benaulim</value>
                </Data>
                <Data name="status">
                    <value>Completed</value>
                </Data>
                <Data name="panchayat">
                    <value>Varca</value>
                </Data>
                <Data name="wb_type">
                    <value>Pond</value>
                </Data>
                <Data name="owner_type">
                    <value>Communidade</value>
                </Data>
                <Data name="purpose">
                    <value>Irrigation</value>
                </Data>
                <Data name="construction">
                    <value>Natural</value>
                </Data>
                <Data name="condition">
                    <value>Needs Maintenance</value>
                </Data>
                <Data name="print_order">
                    <value>068</value>
                </Data>
                <Data name="wb_id">
                    <value>Sc/Varc/02</value>
                </Data>
                <Data name="storage_capacity">
                    <value>9554.0</value>
                </Data>
                <Data name="wb_surface_id">
                    <value>396</value>
                </Data>
                <Data name="created_at">
                    <value>2020-02-28 15:24:34</value>
                </Data>
                <Data name="updated_at">
                    <value>2023-07-22 14:03:14.307690</value>
                </Data>
                <Data name="book_id">
                    <value>6</value>
                </Data>
                <Data name="owners">
                    <value>Communidade of Varca</value>
                </Data>
                <Data name="label_x">
                    <value>987634.0</value>
                </Data>
                <Data name="label_y">
                    <value>993877.595217547</value>
                </Data>
            </ExtendedData>
            <Point id="70904">
                <coordinates>73.937143292,15.238666845,0.0</coordinates>
            </Point>
        </Placemark>
        <Placemark id="70937">
            <ExtendedData>
                <Data name="direction">
                    <value>https://maps.google.com?q=15.22462,73.94132&amp;t=h</value>
                </Data>
                <Data name="id">
                    <value>2197</value>
                </Data>
                <Data name="name">
                    <value>Garado</value>
                </Data>
                <Data name="taluka">
                    <value>Salcete</value>
                </Data>
                <Data name="syno">
                    <value>84</value>
                </Data>
                <Data name="subdiv">
                    <value>3</value>
                </Data>
                <Data name="village">
                    <value>Varca</value>
                </Data>
                <Data name="latitude">
                    <value>15.22462</value>
                </Data>
                <Data name="longitude">
                    <value>73.94132</value>
                </Data>
                <Data name="photo_1">
                    <value>DCIM/20220105125209665.jpg</value>
                </Data>
                <Data name="photo_2">
                    <value>DCIM/20220105125219714.jpg</value>
                </Data>
                <Data name="constituency">
                    <value>32 - Benaulim</value>
                </Data>
                <Data name="status">
                    <value>Completed</value>
                </Data>
                <Data name="panchayat">
                    <value>Varca</value>
                </Data>
                <Data name="wb_type">
                    <value>Pond</value>
                </Data>
                <Data name="owner_type">
                    <value>Communidade</value>
                </Data>
                <Data name="purpose">
                    <value>Irrigation</value>
                </Data>
                <Data name="construction">
                    <value>Natural</value>
                </Data>
                <Data name="condition">
                    <value>Needs Maintenance</value>
                </Data>
                <Data name="print_order">
                    <value>084</value>
                </Data>
                <Data name="wb_id">
                    <value>Sc/Varc/18</value>
                </Data>
                <Data name="storage_capacity">
                    <value>881.0</value>
                </Data>
                <Data name="wb_surface_id">
                    <value>918</value>
                </Data>
                <Data name="created_at">
                    <value>2020-02-28 15:24:34</value>
                </Data>
                <Data name="updated_at">
                    <value>2023-07-22 14:03:14.307690</value>
                </Data>
                <Data name="book_id">
                    <value>6</value>
                </Data>
                <Data name="owners">
                    <value>Communidade of Varca</value>
                </Data>
                <Data name="label_x">
                    <value>987634.0</value>
                </Data>
                <Data name="label_y">
                    <value>979877.595217547</value>
                </Data>
            </ExtendedData>
            <Point id="70936">
                <coordinates>73.941315337,15.224624719,0.0</coordinates>
            </Point>
        </Placemark>
        <Placemark id="70969">
            <ExtendedData>
                <Data name="direction">
                    <value>https://maps.google.com?q=15.23754,73.93331&amp;t=h</value>
                </Data>
                <Data name="id">
                    <value>3949</value>
                </Data>
                <Data name="name">
                    <value>Aska Modiche Pede</value>
                </Data>
                <Data name="taluka">
                    <value>Salcete</value>
                </Data>
                <Data name="syno">
                    <value>234</value>
                </Data>
                <Data name="subdiv">
                    <value>3</value>
                </Data>
                <Data name="village">
                    <value>Varca</value>
                </Data>
                <Data name="latitude">
                    <value>15.23754</value>
                </Data>
                <Data name="longitude">
                    <value>73.93331</value>
                </Data>
                <Data name="photo_1">
                    <value>DCIM/20211101035122764.jpg</value>
                </Data>
                <Data name="photo_2">
                    <value>DCIM/20211101092130740.jpg</value>
                </Data>
                <Data name="constituency">
                    <value>32 - Benaulim</value>
                </Data>
                <Data name="status">
                    <value>Completed</value>
                </Data>
                <Data name="panchayat">
                    <value>Varca</value>
                </Data>
                <Data name="wb_type">
                    <value>Pond</value>
                </Data>
                <Data name="owner_type">
                    <value>Private</value>
                </Data>
                <Data name="purpose">
                    <value>Storage</value>
                </Data>
                <Data name="construction">
                    <value>Natural</value>
                </Data>
                <Data name="condition">
                    <value>Good</value>
                </Data>
                <Data name="print_order">
                    <value>110</value>
                </Data>
                <Data name="wb_id">
                    <value>Sc/Varc/44</value>
                </Data>
                <Data name="storage_capacity">
                    <value>402.0</value>
                </Data>
                <Data name="wb_surface_id">
                    <value>2641</value>
                </Data>
                <Data name="created_at">
                    <value>2021-11-01 00:00:00</value>
                </Data>
                <Data name="updated_at">
                    <value>2023-07-22 14:03:14.307690</value>
                </Data>
                <Data name="book_id">
                    <value>6</value>
                </Data>
                <Data name="owners">
                    <value>Elias Angelo Castanha
Joaquim Santana Castanha</value>
                </Data>
                <Data name="label_x">
                    <value>987634.0</value>
                </Data>
                <Data name="label_y">
                    <value>992827.595217547</value>
                </Data>
            </ExtendedData>
            <Point id="70968">
                <coordinates>73.93331,15.237543333,0.0</coordinates>
            </Point>
        </Placemark>
        <Placemark id="71001">
            <ExtendedData>
                <Data name="direction">
                    <value>https://maps.google.com?q=15.2339,73.93037&amp;t=h</value>
                </Data>
                <Data name="id">
                    <value>3662</value>
                </Data>
                <Data name="name">
                    <value>Morod Bal</value>
                </Data>
                <Data name="taluka">
                    <value>Salcete</value>
                </Data>
                <Data name="syno">
                    <value>210</value>
                </Data>
                <Data name="subdiv">
                    <value>33</value>
                </Data>
                <Data name="village">
                    <value>Varca</value>
                </Data>
                <Data name="latitude">
                    <value>15.2339</value>
                </Data>
                <Data name="longitude">
                    <value>73.93037</value>
                </Data>
                <Data name="photo_1">
                    <value>DCIM/20211209102605099.jpg</value>
                </Data>
                <Data name="photo_2">
                    <value>DCIM/20211209102543965.jpg</value>
                </Data>
                <Data name="constituency">
                    <value>32 - Benaulim</value>
                </Data>
                <Data name="status">
                    <value>Completed</value>
                </Data>
                <Data name="panchayat">
                    <value>Varca</value>
                </Data>
                <Data name="wb_type">
                    <value>Pond</value>
                </Data>
                <Data name="owner_type">
                    <value>Communidade</value>
                </Data>
                <Data name="purpose">
                    <value>Irrigation</value>
                </Data>
                <Data name="construction">
                    <value>Natural</value>
                </Data>
                <Data name="condition">
                    <value>Needs Maintenance</value>
                </Data>
                <Data name="print_order">
                    <value>097</value>
                </Data>
                <Data name="wb_id">
                    <value>Sc/Varc/31</value>
                </Data>
                <Data name="storage_capacity">
                    <value>632.0</value>
                </Data>
                <Data name="wb_surface_id">
                    <value>2274</value>
                </Data>
                <Data name="created_at">
                    <value>2021-03-14 16:01:11</value>
                </Data>
                <Data name="updated_at">
                    <value>2023-07-22 14:03:14.307690</value>
                </Data>
                <Data name="book_id">
                    <value>6</value>
                </Data>
                <Data name="owners">
                    <value>Communidade of Varca</value>
                </Data>
                <Data name="label_x">
                    <value>987634.0</value>
                </Data>
                <Data name="label_y">
                    <value>989327.595217547</value>
                </Data>
            </ExtendedData>
            <Point id="71000">
                <coordinates>73.930368281,15.233899371,0.0</coordinates>
            </Point>
        </Placemark>
        <Placemark id="71033">
            <ExtendedData>
                <Data name="direction">
                    <value>https://maps.google.com?q=15.22089,73.94049&amp;t=h</value>
                </Data>
                <Data name="id">
                    <value>3851</value>
                </Data>
                <Data name="name">
                    <value>Pandi Patoli</value>
                </Data>
                <Data name="taluka">
                    <value>Salcete</value>
                </Data>
                <Data name="syno">
                    <value>148</value>
                </Data>
                <Data name="subdiv">
                    <value>21</value>
                </Data>
                <Data name="village">
                    <value>Varca</value>
                </Data>
                <Data name="latitude">
                    <value>15.22089</value>
                </Data>
                <Data name="longitude">
                    <value>73.94049</value>
                </Data>
                <Data name="photo_1">
                    <value>DCIM/20210914090724512.jpg</value>
                </Data>
                <Data name="photo_2">
                    <value>DCIM/20210914090734801.jpg</value>
                </Data>
                <Data name="constituency">
                    <value>32 - Benaulim</value>
                </Data>
                <Data name="status">
                    <value>Completed</value>
                </Data>
                <Data name="panchayat">
                    <value>Varca</value>
                </Data>
                <Data name="wb_type">
                    <value>Pond</value>
                </Data>
                <Data name="owner_type">
                    <value>Communidade</value>
                </Data>
                <Data name="purpose">
                    <value>Irrigation</value>
                </Data>
                <Data name="construction">
                    <value>Natural</value>
                </Data>
                <Data name="condition">
                    <value>Needs Maintenance</value>
                </Data>
                <Data name="print_order">
                    <value>139</value>
                </Data>
                <Data name="wb_id">
                    <value>Sc/Varc/73</value>
                </Data>
                <Data name="storage_capacity">
                    <value>41.0</value>
                </Data>
                <Data name="wb_surface_id">
                    <value>2562</value>
                </Data>
                <Data name="created_at">
                    <value>2021-09-14 00:00:00</value>
                </Data>
                <Data name="updated_at">
                    <value>2023-07-22 14:03:14.307690</value>
                </Data>
                <Data name="book_id">
                    <value>6</value>
                </Data>
                <Data name="owners">
                    <value>Communidade of Varca</value>
                </Data>
                <Data name="label_x">
                    <value>987634.0</value>
                </Data>
                <Data name="label_y">
                    <value>976377.595217547</value>
                </Data>
            </ExtendedData>
            <Point id="71032">
                <coordinates>73.940494473,15.220890904,0.0</coordinates>
            </Point>
        </Placemark>
        <Placemark id="71065">
            <ExtendedData>
                <Data name="direction">
                    <value>https://maps.google.com?q=15.22687,73.93358&amp;t=h</value>
                </Data>
                <Data name="id">
                    <value>4202</value>
                </Data>
                <Data name="name">
                    <value>Condya Bhuim</value>
                </Data>
                <Data name="taluka">
                    <value>Salcete</value>
                </Data>
                <Data name="syno">
                    <value>198</value>
                </Data>
                <Data name="subdiv">
                    <value>72</value>
                </Data>
                <Data name="village">
                    <value>Varca</value>
                </Data>
                <Data name="latitude">
                    <value>15.22687</value>
                </Data>
                <Data name="longitude">
                    <value>73.93358</value>
                </Data>
                <Data name="photo_1">
                    <value>DCIM/20211209085349326.jpg</value>
                </Data>
                <Data name="photo_2">
                    <value>DCIM/20211209085401899.jpg</value>
                </Data>
                <Data name="constituency">
                    <value>32 - Benaulim</value>
                </Data>
                <Data name="status">
                    <value>Completed</value>
                </Data>
                <Data name="panchayat">
                    <value>Varca</value>
                </Data>
                <Data name="wb_type">
                    <value>Pond</value>
                </Data>
                <Data name="owner_type">
                    <value>Communidade</value>
                </Data>
                <Data name="purpose">
                    <value>Storage</value>
                </Data>
                <Data name="construction">
                    <value>Natural</value>
                </Data>
                <Data name="condition">
                    <value>Needs Maintenance</value>
                </Data>
                <Data name="print_order">
                    <value>094</value>
                </Data>
                <Data name="wb_id">
                    <value>Sc/Varc/28</value>
                </Data>
                <Data name="storage_capacity">
                    <value>649.0</value>
                </Data>
                <Data name="wb_surface_id">
                    <value>2958</value>
                </Data>
                <Data name="created_at">
                    <value>2021-12-09 00:00:00</value>
                </Data>
                <Data name="updated_at">
                    <value>2023-07-22 14:03:14.307690</value>
                </Data>
                <Data name="book_id">
                    <value>6</value>
                </Data>
                <Data name="owners">
                    <value>Communidade of Varca</value>
                </Data>
                <Data name="label_x">
                    <value>987634.0</value>
                </Data>
                <Data name="label_y">
                    <value>982677.595217547</value>
                </Data>
            </ExtendedData>
            <Point id="71064">
                <coordinates>73.933581544,15.226870642,0.0</coordinates>
            </Point>
        </Placemark>
        <Placemark id="71097">
            <ExtendedData>
                <Data name="direction">
                    <value>https://maps.google.com?q=15.23637,73.93953&amp;t=h</value>
                </Data>
                <Data name="id">
                    <value>3745</value>
                </Data>
                <Data name="name">
                    <value>--</value>
                </Data>
                <Data name="taluka">
                    <value>Salcete</value>
                </Data>
                <Data name="syno">
                    <value>263</value>
                </Data>
                <Data name="subdiv">
                    <value>3</value>
                </Data>
                <Data name="village">
                    <value>Varca</value>
                </Data>
                <Data name="latitude">
                    <value>15.23637</value>
                </Data>
                <Data name="longitude">
                    <value>73.93953</value>
                </Data>
                <Data name="photo_1">
                    <value>DCIM/20220105115952520.jpg</value>
                </Data>
                <Data name="photo_2">
                    <value>DCIM/20220105120000578.jpg</value>
                </Data>
                <Data name="constituency">
                    <value>32 - Benaulim</value>
                </Data>
                <Data name="status">
                    <value>Completed</value>
                </Data>
                <Data name="panchayat">
                    <value>Varca</value>
                </Data>
                <Data name="wb_type">
                    <value>Pond</value>
                </Data>
                <Data name="owner_type">
                    <value>Communidade</value>
                </Data>
                <Data name="purpose">
                    <value>Irrigation</value>
                </Data>
                <Data name="construction">
                    <value>Natural</value>
                </Data>
                <Data name="condition">
                    <value>Needs Maintenance</value>
                </Data>
                <Data name="print_order">
                    <value>117</value>
                </Data>
                <Data name="wb_id">
                    <value>Sc/Varc/51</value>
                </Data>
                <Data name="storage_capacity">
                    <value>296.0</value>
                </Data>
                <Data name="wb_surface_id">
                    <value>401</value>
                </Data>
                <Data name="created_at">
                    <value>2021-03-13 10:52:06.922915</value>
                </Data>
                <Data name="updated_at">
                    <value>2023-07-22 14:03:14.307690</value>
                </Data>
                <Data name="book_id">
                    <value>6</value>
                </Data>
                <Data name="owners">
                    <value>Communidade of Varca</value>
                </Data>
                <Data name="label_x">
                    <value>987634.0</value>
                </Data>
                <Data name="label_y">
                    <value>995627.595217547</value>
                </Data>
            </ExtendedData>
            <Point id="71096">
                <coordinates>73.939530354,15.236369378,0.0</coordinates>
            </Point>
        </Placemark>
        <Placemark id="71129">
            <ExtendedData>
                <Data name="direction">
                    <value>https://maps.google.com?q=15.2136,73.9403&amp;t=h</value>
                </Data>
                <Data name="id">
                    <value>3747</value>
                </Data>
                <Data name="name">
                    <value>Deuxet</value>
                </Data>
                <Data name="taluka">
                    <value>Salcete</value>
                </Data>
                <Data name="syno">
                    <value>109</value>
                </Data>
                <Data name="subdiv">
                    <value>19</value>
                </Data>
                <Data name="village">
                    <value>Varca</value>
                </Data>
                <Data name="latitude">
                    <value>15.2136</value>
                </Data>
                <Data name="longitude">
                    <value>73.9403</value>
                </Data>
                <Data name="photo_1">
                    <value>DCIM/20210914151837570.jpg</value>
                </Data>
                <Data name="photo_2">
                    <value>DCIM/20210914151850499.jpg</value>
                </Data>
                <Data name="constituency">
                    <value>32 - Benaulim</value>
                </Data>
                <Data name="status">
                    <value>Completed</value>
                </Data>
                <Data name="panchayat">
                    <value>Varca</value>
                </Data>
                <Data name="wb_type">
                    <value>Pond</value>
                </Data>
                <Data name="owner_type">
                    <value>Communidade</value>
                </Data>
                <Data name="purpose">
                    <value>Irrigation</value>
                </Data>
                <Data name="construction">
                    <value>Natural</value>
                </Data>
                <Data name="condition">
                    <value>Needs Maintenance</value>
                </Data>
                <Data name="print_order">
                    <value>082</value>
                </Data>
                <Data name="wb_id">
                    <value>Sc/Varc/16</value>
                </Data>
                <Data name="storage_capacity">
                    <value>928.0</value>
                </Data>
                <Data name="wb_surface_id">
                    <value>407</value>
                </Data>
                <Data name="created_at">
                    <value>2021-03-13 10:52:06.922915</value>
                </Data>
                <Data name="updated_at">
                    <value>2023-07-22 14:03:14.307690</value>
                </Data>
                <Data name="book_id">
                    <value>6</value>
                </Data>
                <Data name="owners">
                    <value>Communidade of Varca</value>
                </Data>
                <Data name="label_x">
                    <value>1008334.0</value>
                </Data>
                <Data name="label_y">
                    <value>977863.801375261</value>
                </Data>
            </ExtendedData>
            <Point id="71128">
                <coordinates>73.940304207,15.213600629,0.0</coordinates>
            </Point>
        </Placemark>
        <Placemark id="71161">
            <ExtendedData>
                <Data name="direction">
                    <value>https://maps.google.com?q=15.2278,73.92977&amp;t=h</value>
                </Data>
                <Data name="id">
                    <value>3654</value>
                </Data>
                <Data name="name">
                    <value>Lanco dos Praia</value>
                </Data>
                <Data name="taluka">
                    <value>Salcete</value>
                </Data>
                <Data name="syno">
                    <value>201</value>
                </Data>
                <Data name="subdiv">
                    <value>9</value>
                </Data>
                <Data name="village">
                    <value>Varca</value>
                </Data>
                <Data name="latitude">
                    <value>15.2278</value>
                </Data>
                <Data name="longitude">
                    <value>73.92977</value>
                </Data>
                <Data name="photo_1">
                    <value>DCIM/20211209094506680.jpg</value>
                </Data>
                <Data name="photo_2">
                    <value>DCIM/20211209094516077.jpg</value>
                </Data>
                <Data name="constituency">
                    <value>32 - Benaulim</value>
                </Data>
                <Data name="status">
                    <value>Completed</value>
                </Data>
                <Data name="panchayat">
                    <value>Varca</value>
                </Data>
                <Data name="wb_type">
                    <value>Pond</value>
                </Data>
                <Data name="owner_type">
                    <value>Private</value>
                </Data>
                <Data name="purpose">
                    <value>Irrigation</value>
                </Data>
                <Data name="construction">
                    <value>Natural</value>
                </Data>
                <Data name="condition">
                    <value>Needs Maintenance</value>
                </Data>
                <Data name="print_order">
                    <value>130</value>
                </Data>
                <Data name="wb_id">
                    <value>Sc/Varc/64</value>
                </Data>
                <Data name="storage_capacity">
                    <value>199.0</value>
                </Data>
                <Data name="wb_surface_id">
                    <value>2219</value>
                </Data>
                <Data name="created_at">
                    <value>2021-03-14 16:00:35</value>
                </Data>
                <Data name="updated_at">
                    <value>2023-07-22 14:03:14.307690</value>
                </Data>
                <Data name="book_id">
                    <value>6</value>
                </Data>
                <Data name="owners">
                    <value>Ganapati Vaikunth Sinai Ghodde
Laxmikant Narsinva Sinai Ghodde</value>
                </Data>
                <Data name="label_x">
                    <value>987634.0</value>
                </Data>
                <Data name="label_y">
                    <value>983377.595217547</value>
                </Data>
            </ExtendedData>
            <Point id="71160">
                <coordinates>73.929772964,15.227795183,0.0</coordinates>
            </Point>
        </Placemark>
        <Placemark id="71193">
            <ExtendedData>
                <Data name="direction">
                    <value>https://maps.google.com?q=15.23652,73.92922&amp;t=h</value>
                </Data>
                <Data name="id">
                    <value>3945</value>
                </Data>
                <Data name="name">
                    <value>Pitkali Ped</value>
                </Data>
                <Data name="taluka">
                    <value>Salcete</value>
                </Data>
                <Data name="syno">
                    <value>220</value>
                </Data>
                <Data name="subdiv">
                    <value>3</value>
                </Data>
                <Data name="village">
                    <value>Varca</value>
                </Data>
                <Data name="latitude">
                    <value>15.23652</value>
                </Data>
                <Data name="longitude">
                    <value>73.92922</value>
                </Data>
                <Data name="photo_1">
                    <value>DCIM/20211101033238057.jpg</value>
                </Data>
                <Data name="photo_2">
                    <value>DCIM/20211101090249587.jpg</value>
                </Data>
                <Data name="constituency">
                    <value>32 - Benaulim</value>
                </Data>
                <Data name="status">
                    <value>Completed</value>
                </Data>
                <Data name="panchayat">
                    <value>Varca</value>
                </Data>
                <Data name="wb_type">
                    <value>Pond</value>
                </Data>
                <Data name="owner_type">
                    <value>Private</value>
                </Data>
                <Data name="purpose">
                    <value>Storage</value>
                </Data>
                <Data name="construction">
                    <value>Natural</value>
                </Data>
                <Data name="condition">
                    <value>Needs Maintenance</value>
                </Data>
                <Data name="print_order">
                    <value>134</value>
                </Data>
                <Data name="wb_id">
                    <value>Sc/Varc/68</value>
                </Data>
                <Data name="storage_capacity">
                    <value>89.0</value>
                </Data>
                <Data name="wb_surface_id">
                    <value>2639</value>
                </Data>
                <Data name="created_at">
                    <value>2021-11-01 00:00:00</value>
                </Data>
                <Data name="updated_at">
                    <value>2023-07-22 14:03:14.307690</value>
                </Data>
                <Data name="book_id">
                    <value>6</value>
                </Data>
                <Data name="owners">
                    <value>Maria Vilma Idinha Adelina Filomena Fort es</value>
                </Data>
                <Data name="label_x">
                    <value>987634.0</value>
                </Data>
                <Data name="label_y">
                    <value>989677.595217547</value>
                </Data>
            </ExtendedData>
            <Point id="71192">
                <coordinates>73.929222552,15.236523817,0.0</coordinates>
            </Point>
        </Placemark>
        <Placemark id="71225">
            <ExtendedData>
                <Data name="direction">
                    <value>https://maps.google.com?q=15.23923,73.94634&amp;t=h</value>
                </Data>
                <Data name="id">
                    <value>5065</value>
                </Data>
                <Data name="name">
                    <value>Carano Khailad</value>
                </Data>
                <Data name="taluka">
                    <value>Salcete</value>
                </Data>
                <Data name="syno">
                    <value>21</value>
                </Data>
                <Data name="subdiv">
                    <value>13-17</value>
                </Data>
                <Data name="village">
                    <value>Varca</value>
                </Data>
                <Data name="latitude">
                    <value>15.23923</value>
                </Data>
                <Data name="longitude">
                    <value>73.94634</value>
                </Data>
                <Data name="photo_1">
                    <value>DCIM/20220610165143746.jpg</value>
                </Data>
                <Data name="photo_2">
                    <value>DCIM/20220610165154760.jpg</value>
                </Data>
                <Data name="constituency">
                    <value>32 - Benaulim</value>
                </Data>
                <Data name="status">
                    <value>Completed</value>
                </Data>
                <Data name="panchayat">
                    <value>Varca</value>
                </Data>
                <Data name="wb_type">
                    <value>Pond</value>
                </Data>
                <Data name="owner_type">
                    <value>Communidade / Pvt</value>
                </Data>
                <Data name="purpose">
                    <value>Storage</value>
                </Data>
                <Data name="construction">
                    <value>Natural</value>
                </Data>
                <Data name="condition">
                    <value>Needs Maintenance</value>
                </Data>
                <Data name="print_order">
                    <value>089</value>
                </Data>
                <Data name="wb_id">
                    <value>Sc/Varc/23</value>
                </Data>
                <Data name="storage_capacity">
                    <value>745.0</value>
                </Data>
                <Data name="wb_surface_id">
                    <value>5307</value>
                </Data>
                <Data name="created_at">
                    <value>2022-06-10 00:00:00</value>
                </Data>
                <Data name="updated_at">
                    <value>2023-07-22 14:03:14.307690</value>
                </Data>
                <Data name="book_id">
                    <value>6</value>
                </Data>
                <Data name="owners">
                    <value>Communidade of Varca
Inacinha Vaz</value>
                </Data>
                <Data name="label_x">
                    <value>1008334.0</value>
                </Data>
                <Data name="label_y">
                    <value>981363.801375261</value>
                </Data>
            </ExtendedData>
            <Point id="71224">
                <coordinates>73.946342942,15.239227179,0.0</coordinates>
            </Point>
        </Placemark>
        <Placemark id="71257">
            <ExtendedData>
                <Data name="direction">
                    <value>https://maps.google.com?q=15.23216,73.93162&amp;t=h</value>
                </Data>
                <Data name="id">
                    <value>3658</value>
                </Data>
                <Data name="name">
                    <value>Morod</value>
                </Data>
                <Data name="taluka">
                    <value>Salcete</value>
                </Data>
                <Data name="syno">
                    <value>208</value>
                </Data>
                <Data name="subdiv">
                    <value>12</value>
                </Data>
                <Data name="village">
                    <value>Varca</value>
                </Data>
                <Data name="latitude">
                    <value>15.23216</value>
                </Data>
                <Data name="longitude">
                    <value>73.93162</value>
                </Data>
                <Data name="photo_1">
                    <value>DCIM/20210917120346955.jpg</value>
                </Data>
                <Data name="photo_2">
                    <value>DCIM/20210917120354708.jpg</value>
                </Data>
                <Data name="constituency">
                    <value>32 - Benaulim</value>
                </Data>
                <Data name="status">
                    <value>Completed</value>
                </Data>
                <Data name="panchayat">
                    <value>Varca</value>
                </Data>
                <Data name="wb_type">
                    <value>Pond</value>
                </Data>
                <Data name="owner_type">
                    <value>Private</value>
                </Data>
                <Data name="purpose">
                    <value>Irrigation</value>
                </Data>
                <Data name="construction">
                    <value>Natural</value>
                </Data>
                <Data name="condition">
                    <value>Good</value>
                </Data>
                <Data name="print_order">
                    <value>081</value>
                </Data>
                <Data name="wb_id">
                    <value>Sc/Varc/15</value>
                </Data>
                <Data name="storage_capacity">
                    <value>1042.0</value>
                </Data>
                <Data name="wb_surface_id">
                    <value>2224</value>
                </Data>
                <Data name="created_at">
                    <value>2021-03-14 16:00:35</value>
                </Data>
                <Data name="updated_at">
                    <value>2023-07-22 14:03:14.307690</value>
                </Data>
                <Data name="book_id">
                    <value>6</value>
                </Data>
                <Data name="owners">
                    <value>Adarsh Realty and Hotels Pvt. Limited</value>
                </Data>
                <Data name="label_x">
                    <value>987634.0</value>
                </Data>
                <Data name="label_y">
                    <value>988627.595217547</value>
                </Data>
            </ExtendedData>
            <Point id="71256">
                <coordinates>73.931622902,15.23216114,0.0</coordinates>
            </Point>
        </Placemark>
        <Placemark id="71289">
            <ExtendedData>
                <Data name="direction">
                    <value>https://maps.google.com?q=15.23329,73.93179&amp;t=h</value>
                </Data>
                <Data name="id">
                    <value>3659</value>
                </Data>
                <Data name="name">
                    <value>Morod</value>
                </Data>
                <Data name="taluka">
                    <value>Salcete</value>
                </Data>
                <Data name="syno">
                    <value>207</value>
                </Data>
                <Data name="subdiv">
                    <value>21</value>
                </Data>
                <Data name="village">
                    <value>Varca</value>
                </Data>
                <Data name="latitude">
                    <value>15.23329</value>
                </Data>
                <Data name="longitude">
                    <value>73.93179</value>
                </Data>
                <Data name="photo_1">
                    <value>DCIM/20211209103035821.jpg</value>
                </Data>
                <Data name="photo_2">
                    <value>DCIM/20211209103015309.jpg</value>
                </Data>
                <Data name="constituency">
                    <value>32 - Benaulim</value>
                </Data>
                <Data name="status">
                    <value>Completed</value>
                </Data>
                <Data name="panchayat">
                    <value>Varca</value>
                </Data>
                <Data name="wb_type">
                    <value>Pond</value>
                </Data>
                <Data name="owner_type">
                    <value>Private</value>
                </Data>
                <Data name="purpose">
                    <value>Irrigation</value>
                </Data>
                <Data name="construction">
                    <value>Natural</value>
                </Data>
                <Data name="condition">
                    <value>Needs Maintenance</value>
                </Data>
                <Data name="print_order">
                    <value>088</value>
                </Data>
                <Data name="wb_id">
                    <value>Sc/Varc/22</value>
                </Data>
                <Data name="storage_capacity">
                    <value>770.0</value>
                </Data>
                <Data name="wb_surface_id">
                    <value>2223</value>
                </Data>
                <Data name="created_at">
                    <value>2021-03-14 16:00:35</value>
                </Data>
                <Data name="updated_at">
                    <value>2023-07-22 14:03:14.307690</value>
                </Data>
                <Data name="book_id">
                    <value>6</value>
                </Data>
                <Data name="owners">
                    <value>Benedicto Fernandes
Manuel Antonio Lino Afonso</value>
                </Data>
                <Data name="label_x">
                    <value>987634.0</value>
                </Data>
                <Data name="label_y">
                    <value>990027.595217547</value>
                </Data>
            </ExtendedData>
            <Point id="71288">
                <coordinates>73.931791971,15.233289452,0.0</coordinates>
            </Point>
        </Placemark>
        <Placemark id="71321">
            <ExtendedData>
                <Data name="direction">
                    <value>https://maps.google.com?q=15.2212,73.94184&amp;t=h</value>
                </Data>
                <Data name="id">
                    <value>3850</value>
                </Data>
                <Data name="name">
                    <value>Ponai Pato</value>
                </Data>
                <Data name="taluka">
                    <value>Salcete</value>
                </Data>
                <Data name="syno">
                    <value>93</value>
                </Data>
                <Data name="subdiv">
                    <value>5</value>
                </Data>
                <Data name="village">
                    <value>Varca</value>
                </Data>
                <Data name="latitude">
                    <value>15.2212</value>
                </Data>
                <Data name="longitude">
                    <value>73.94184</value>
                </Data>
                <Data name="photo_1">
                    <value>DCIM/20210914085613086.jpg</value>
                </Data>
                <Data name="photo_2">
                    <value>DCIM/20210914085709293.jpg</value>
                </Data>
                <Data name="constituency">
                    <value>32 - Benaulim</value>
                </Data>
                <Data name="status">
                    <value>Completed</value>
                </Data>
                <Data name="panchayat">
                    <value>Varca</value>
                </Data>
                <Data name="wb_type">
                    <value>Pond</value>
                </Data>
                <Data name="owner_type">
                    <value>Private</value>
                </Data>
                <Data name="purpose">
                    <value>Irrigation</value>
                </Data>
                <Data name="construction">
                    <value>Natural</value>
                </Data>
                <Data name="condition">
                    <value>Good</value>
                </Data>
                <Data name="print_order">
                    <value>121</value>
                </Data>
                <Data name="wb_id">
                    <value>Sc/Varc/55</value>
                </Data>
                <Data name="storage_capacity">
                    <value>252.0</value>
                </Data>
                <Data name="wb_surface_id">
                    <value>2563</value>
                </Data>
                <Data name="created_at">
                    <value>2021-09-14 00:00:00</value>
                </Data>
                <Data name="updated_at">
                    <value>2023-07-22 14:03:14.307690</value>
                </Data>
                <Data name="book_id">
                    <value>6</value>
                </Data>
                <Data name="owners">
                    <value>Jose Gracias</value>
                </Data>
                <Data name="label_x">
                    <value>987634.0</value>
                </Data>
                <Data name="label_y">
                    <value>975327.595217547</value>
                </Data>
            </ExtendedData>
            <Point id="71320">
                <coordinates>73.941842769,15.221202424,0.0</coordinates>
            </Point>
        </Placemark>
        <Placemark id="71353">
            <ExtendedData>
                <Data name="direction">
                    <value>https://maps.google.com?q=15.23511,73.93972&amp;t=h</value>
                </Data>
                <Data name="id">
                    <value>2185</value>
                </Data>
                <Data name="name">
                    <value>Vinzur</value>
                </Data>
                <Data name="taluka">
                    <value>Salcete</value>
                </Data>
                <Data name="syno">
                    <value>262</value>
                </Data>
                <Data name="subdiv">
                    <value>4</value>
                </Data>
                <Data name="village">
                    <value>Varca</value>
                </Data>
                <Data name="latitude">
                    <value>15.23511</value>
                </Data>
                <Data name="longitude">
                    <value>73.93972</value>
                </Data>
                <Data name="photo_1">
                    <value>DCIM/20220105120415503.jpg</value>
                </Data>
                <Data name="photo_2">
                    <value>DCIM/20220105120424459.jpg</value>
                </Data>
                <Data name="constituency">
                    <value>32 - Benaulim</value>
                </Data>
                <Data name="status">
                    <value>Completed</value>
                </Data>
                <Data name="panchayat">
                    <value>Varca</value>
                </Data>
                <Data name="wb_type">
                    <value>Pond</value>
                </Data>
                <Data name="owner_type">
                    <value>Communidade</value>
                </Data>
                <Data name="purpose">
                    <value>Irrigation</value>
                </Data>
                <Data name="construction">
                    <value>Natural</value>
                </Data>
                <Data name="condition">
                    <value>Needs Maintenance</value>
                </Data>
                <Data name="print_order">
                    <value>070</value>
                </Data>
                <Data name="wb_id">
                    <value>Sc/Varc/04</value>
                </Data>
                <Data name="storage_capacity">
                    <value>2736.0</value>
                </Data>
                <Data name="wb_surface_id">
                    <value>400</value>
                </Data>
                <Data name="created_at">
                    <value>2020-02-28 15:24:34</value>
                </Data>
                <Data name="updated_at">
                    <value>2023-07-22 14:03:14.307690</value>
                </Data>
                <Data name="book_id">
                    <value>6</value>
                </Data>
                <Data name="owners">
                    <value>Communidade of Varca</value>
                </Data>
                <Data name="label_x">
                    <value>987634.0</value>
                </Data>
                <Data name="label_y">
                    <value>994577.595217547</value>
                </Data>
            </ExtendedData>
            <Point id="71352">
                <coordinates>73.939719637,15.235110353,0.0</coordinates>
            </Point>
        </Placemark>
        <Placemark id="71385">
            <ExtendedData>
                <Data name="direction">
                    <value>https://maps.google.com?q=15.23475,73.92726&amp;t=h</value>
                </Data>
                <Data name="id">
                    <value>4207</value>
                </Data>
                <Data name="name">
                    <value>Utterdoshichem Ped or Paklyancho Lanco.</value>
                </Data>
                <Data name="taluka">
                    <value>Salcete</value>
                </Data>
                <Data name="syno">
                    <value>215</value>
                </Data>
                <Data name="subdiv">
                    <value>13</value>
                </Data>
                <Data name="village">
                    <value>Varca</value>
                </Data>
                <Data name="latitude">
                    <value>15.23475</value>
                </Data>
                <Data name="longitude">
                    <value>73.92726</value>
                </Data>
                <Data name="photo_1">
                    <value>DCIM/20211209110648650.jpg</value>
                </Data>
                <Data name="photo_2">
                    <value>DCIM/20211209110737243.jpg</value>
                </Data>
                <Data name="constituency">
                    <value>32 - Benaulim</value>
                </Data>
                <Data name="status">
                    <value>Completed</value>
                </Data>
                <Data name="panchayat">
                    <value>Varca</value>
                </Data>
                <Data name="wb_type">
                    <value>Pond</value>
                </Data>
                <Data name="owner_type">
                    <value>Private</value>
                </Data>
                <Data name="purpose">
                    <value>Irrigation</value>
                </Data>
                <Data name="construction">
                    <value>Natural</value>
                </Data>
                <Data name="condition">
                    <value>Needs Maintenance</value>
                </Data>
                <Data name="print_order">
                    <value>133</value>
                </Data>
                <Data name="wb_id">
                    <value>Sc/Varc/67</value>
                </Data>
                <Data name="storage_capacity">
                    <value>115.0</value>
                </Data>
                <Data name="wb_surface_id">
                    <value>2934</value>
                </Data>
                <Data name="created_at">
                    <value>2021-12-09 00:00:00</value>
                </Data>
                <Data name="updated_at">
                    <value>2023-07-22 14:03:14.307690</value>
                </Data>
                <Data name="book_id">
                    <value>6</value>
                </Data>
                <Data name="owners">
                    <value>M/s. Ramsukh Resorts Pvt. Ltd</value>
                </Data>
                <Data name="label_x">
                    <value>987634.0</value>
                </Data>
                <Data name="label_y">
                    <value>988277.595217547</value>
                </Data>
            </ExtendedData>
            <Point id="71384">
                <coordinates>73.927256764,15.234745887,0.0</coordinates>
            </Point>
        </Placemark>
        <Placemark id="71417">
            <ExtendedData>
                <Data name="direction">
                    <value>https://maps.google.com?q=15.21812,73.93749&amp;t=h</value>
                </Data>
                <Data name="id">
                    <value>2179</value>
                </Data>
                <Data name="name">
                    <value>Khopotolem</value>
                </Data>
                <Data name="taluka">
                    <value>Salcete</value>
                </Data>
                <Data name="syno">
                    <value>151</value>
                </Data>
                <Data name="subdiv">
                    <value>60</value>
                </Data>
                <Data name="village">
                    <value>Varca</value>
                </Data>
                <Data name="latitude">
                    <value>15.21812</value>
                </Data>
                <Data name="longitude">
                    <value>73.93749</value>
                </Data>
                <Data name="photo_1">
                    <value>DCIM/20210914144222770.jpg</value>
                </Data>
                <Data name="photo_2">
                    <value>DCIM/20210914144232046.jpg</value>
                </Data>
                <Data name="constituency">
                    <value>32 - Benaulim</value>
                </Data>
                <Data name="status">
                    <value>Completed</value>
                </Data>
                <Data name="panchayat">
                    <value>Varca</value>
                </Data>
                <Data name="wb_type">
                    <value>Pond</value>
                </Data>
                <Data name="owner_type">
                    <value>Communidade</value>
                </Data>
                <Data name="purpose">
                    <value>Irrigation</value>
                </Data>
                <Data name="construction">
                    <value>Natural</value>
                </Data>
                <Data name="condition">
                    <value>Needs Maintenance</value>
                </Data>
                <Data name="print_order">
                    <value>072</value>
                </Data>
                <Data name="wb_id">
                    <value>Sc/Varc/06</value>
                </Data>
                <Data name="storage_capacity">
                    <value>2458.0</value>
                </Data>
                <Data name="wb_surface_id">
                    <value>408</value>
                </Data>
                <Data name="created_at">
                    <value>2020-02-28 15:24:34</value>
                </Data>
                <Data name="updated_at">
                    <value>2023-07-22 14:03:14.307690</value>
                </Data>
                <Data name="book_id">
                    <value>6</value>
                </Data>
                <Data name="owners">
                    <value>Communidade of Varca</value>
                </Data>
                <Data name="label_x">
                    <value>987634.0</value>
                </Data>
                <Data name="label_y">
                    <value>977777.595217547</value>
                </Data>
            </ExtendedData>
            <Point id="71416">
                <coordinates>73.937488473,15.218116237,0.0</coordinates>
            </Point>
        </Placemark>
        <Placemark id="71449">
            <ExtendedData>
                <Data name="direction">
                    <value>https://maps.google.com?q=15.23344,73.92734&amp;t=h</value>
                </Data>
                <Data name="id">
                    <value>3664</value>
                </Data>
                <Data name="name">
                    <value>Lanco dos Prais</value>
                </Data>
                <Data name="taluka">
                    <value>Salcete</value>
                </Data>
                <Data name="syno">
                    <value>213</value>
                </Data>
                <Data name="subdiv">
                    <value>2</value>
                </Data>
                <Data name="village">
                    <value>Varca</value>
                </Data>
                <Data name="latitude">
                    <value>15.23344</value>
                </Data>
                <Data name="longitude">
                    <value>73.92734</value>
                </Data>
                <Data name="photo_1">
                    <value>DCIM/20210917120927362.jpg</value>
                </Data>
                <Data name="photo_2">
                    <value>DCIM/20210917120934259.jpg</value>
                </Data>
                <Data name="constituency">
                    <value>32 - Benaulim</value>
                </Data>
                <Data name="status">
                    <value>Completed</value>
                </Data>
                <Data name="panchayat">
                    <value>Varca</value>
                </Data>
                <Data name="wb_type">
                    <value>Pond</value>
                </Data>
                <Data name="owner_type">
                    <value>Private</value>
                </Data>
                <Data name="purpose">
                    <value>Irrigation</value>
                </Data>
                <Data name="construction">
                    <value>Natural</value>
                </Data>
                <Data name="condition">
                    <value>Needs Maintenance</value>
                </Data>
                <Data name="print_order">
                    <value>124</value>
                </Data>
                <Data name="wb_id">
                    <value>Sc/Varc/58</value>
                </Data>
                <Data name="storage_capacity">
                    <value>242.0</value>
                </Data>
                <Data name="wb_surface_id">
                    <value>2262</value>
                </Data>
                <Data name="created_at">
                    <value>2021-03-14 16:00:35.123335</value>
                </Data>
                <Data name="updated_at">
                    <value>2023-07-22 14:03:14.307690</value>
                </Data>
                <Data name="book_id">
                    <value>6</value>
                </Data>
                <Data name="owners">
                    <value>Piedade Santana Pereira</value>
                </Data>
                <Data name="label_x">
                    <value>987634.0</value>
                </Data>
                <Data name="label_y">
                    <value>986527.595217547</value>
                </Data>
            </ExtendedData>
            <Point id="71448">
                <coordinates>73.927336588,15.233443238,0.0</coordinates>
            </Point>
        </Placemark>
        <Placemark id="71481">
            <ExtendedData>
                <Data name="direction">
                    <value>https://maps.google.com?q=15.21569,73.93336&amp;t=h</value>
                </Data>
                <Data name="id">
                    <value>2177</value>
                </Data>
                <Data name="name">
                    <value>--</value>
                </Data>
                <Data name="taluka">
                    <value>Salcete</value>
                </Data>
                <Data name="syno">
                    <value>158</value>
                </Data>
                <Data name="subdiv">
                    <value>101</value>
                </Data>
                <Data name="village">
                    <value>Varca</value>
                </Data>
                <Data name="latitude">
                    <value>15.21569</value>
                </Data>
                <Data name="longitude">
                    <value>73.93336</value>
                </Data>
                <Data name="photo_1">
                    <value>DCIM/20210914150329669.jpg</value>
                </Data>
                <Data name="photo_2">
                    <value>DCIM/20210914150338931.jpg</value>
                </Data>
                <Data name="constituency">
                    <value>32 - Benaulim</value>
                </Data>
                <Data name="status">
                    <value>Completed</value>
                </Data>
                <Data name="panchayat">
                    <value>Varca</value>
                </Data>
                <Data name="wb_type">
                    <value>Pond</value>
                </Data>
                <Data name="owner_type">
                    <value>Public</value>
                </Data>
                <Data name="purpose">
                    <value>Storage</value>
                </Data>
                <Data name="construction">
                    <value>Natural</value>
                </Data>
                <Data name="condition">
                    <value>Needs Maintenance</value>
                </Data>
                <Data name="print_order">
                    <value>098</value>
                </Data>
                <Data name="wb_id">
                    <value>Sc/Varc/32</value>
                </Data>
                <Data name="storage_capacity">
                    <value>620.0</value>
                </Data>
                <Data name="wb_surface_id">
                    <value>913</value>
                </Data>
                <Data name="created_at">
                    <value>2020-02-28 15:24:34</value>
                </Data>
                <Data name="updated_at">
                    <value>2023-07-22 14:03:14.307690</value>
                </Data>
                <Data name="book_id">
                    <value>6</value>
                </Data>
                <Data name="owners">
                    <value>Govt. of Goa</value>
                </Data>
                <Data name="label_x">
                    <value>987634.0</value>
                </Data>
                <Data name="label_y">
                    <value>978477.595217547</value>
                </Data>
            </ExtendedData>
            <Point id="71480">
                <coordinates>73.933361678,15.215688189,0.0</coordinates>
            </Point>
        </Placemark>
        <Placemark id="71513">
            <ExtendedData>
                <Data name="direction">
                    <value>https://maps.google.com?q=15.2044,73.9381&amp;t=h</value>
                </Data>
                <Data name="id">
                    <value>3786</value>
                </Data>
                <Data name="name">
                    <value>Primeiro House</value>
                </Data>
                <Data name="taluka">
                    <value>Salcete</value>
                </Data>
                <Data name="syno">
                    <value>124</value>
                </Data>
                <Data name="subdiv">
                    <value>2</value>
                </Data>
                <Data name="village">
                    <value>Varca</value>
                </Data>
                <Data name="latitude">
                    <value>15.2044</value>
                </Data>
                <Data name="longitude">
                    <value>73.9381</value>
                </Data>
                <Data name="photo_1">
                    <value>DCIM/20210805130810214.jpg</value>
                </Data>
                <Data name="photo_2">
                    <value>DCIM/20210805130819914.jpg</value>
                </Data>
                <Data name="constituency">
                    <value>32 - Benaulim</value>
                </Data>
                <Data name="status">
                    <value>Completed</value>
                </Data>
                <Data name="panchayat">
                    <value>Varca</value>
                </Data>
                <Data name="wb_type">
                    <value>Pond</value>
                </Data>
                <Data name="owner_type">
                    <value>Private</value>
                </Data>
                <Data name="purpose">
                    <value>Irrigation</value>
                </Data>
                <Data name="construction">
                    <value>Natural</value>
                </Data>
                <Data name="condition">
                    <value>Good</value>
                </Data>
                <Data name="print_order">
                    <value>100</value>
                </Data>
                <Data name="wb_id">
                    <value>Sc/Varc/34</value>
                </Data>
                <Data name="storage_capacity">
                    <value>529.0</value>
                </Data>
                <Data name="wb_surface_id">
                    <value>2479</value>
                </Data>
                <Data name="created_at">
                    <value>2021-08-05 00:00:00</value>
                </Data>
                <Data name="updated_at">
                    <value>2023-07-22 14:03:14.307690</value>
                </Data>
                <Data name="book_id">
                    <value>6</value>
                </Data>
                <Data name="owners">
                    <value>Alfred Innocencia Vaz
Alipio Sebastiao Vaz
Domnic Savio Vaz
Eleutheria Ditosa D'Souza e Vaz
Innocencio Zeferino Vaz
Jose Anton Vaz
Lauriana Basilio Vaz
Leonard Vaz
Lydia Vaz
Maria Hilda Vaz
Maria Minguelina A. Vaz
Olga Otilia Das Neves Mascarenhas e Vaz
Regina Isabela Vaz
Reginaldo Romaldo Vaz
Ronald G. Vaz
Rui Alvaro Vaz
Sara Vaz
Teotonio Romaldo Vaz
Veronica Vaz</value>
                </Data>
                <Data name="label_x">
                    <value>1008334.0</value>
                </Data>
                <Data name="label_y">
                    <value>976113.801375261</value>
                </Data>
            </ExtendedData>
            <Point id="71512">
                <coordinates>73.938096997,15.204402379,0.0</coordinates>
            </Point>
        </Placemark>
        <Placemark id="71545">
            <ExtendedData>
                <Data name="direction">
                    <value>https://maps.google.com?q=15.22786,73.9413&amp;t=h</value>
                </Data>
                <Data name="id">
                    <value>2200</value>
                </Data>
                <Data name="name">
                    <value>Vainad</value>
                </Data>
                <Data name="taluka">
                    <value>Salcete</value>
                </Data>
                <Data name="syno">
                    <value>80</value>
                </Data>
                <Data name="subdiv">
                    <value>12</value>
                </Data>
                <Data name="village">
                    <value>Varca</value>
                </Data>
                <Data name="latitude">
                    <value>15.22786</value>
                </Data>
                <Data name="longitude">
                    <value>73.9413</value>
                </Data>
                <Data name="photo_1">
                    <value>DCIM/20220105124941011.jpg</value>
                </Data>
                <Data name="photo_2">
                    <value>DCIM/20220105124948471.jpg</value>
                </Data>
                <Data name="constituency">
                    <value>32 - Benaulim</value>
                </Data>
                <Data name="status">
                    <value>Completed</value>
                </Data>
                <Data name="panchayat">
                    <value>Varca</value>
                </Data>
                <Data name="wb_type">
                    <value>Pond</value>
                </Data>
                <Data name="owner_type">
                    <value>Communidade</value>
                </Data>
                <Data name="purpose">
                    <value>Irrigation</value>
                </Data>
                <Data name="construction">
                    <value>Natural</value>
                </Data>
                <Data name="condition">
                    <value>Needs Maintenance</value>
                </Data>
                <Data name="print_order">
                    <value>104</value>
                </Data>
                <Data name="wb_id">
                    <value>Sc/Varc/38</value>
                </Data>
                <Data name="storage_capacity">
                    <value>464.0</value>
                </Data>
                <Data name="wb_surface_id">
                    <value>921</value>
                </Data>
                <Data name="created_at">
                    <value>2020-02-28 15:24:34</value>
                </Data>
                <Data name="updated_at">
                    <value>2023-07-22 14:03:14.307690</value>
                </Data>
                <Data name="book_id">
                    <value>6</value>
                </Data>
                <Data name="owners">
                    <value>Communidade of Varca</value>
                </Data>
                <Data name="label_x">
                    <value>987634.0</value>
                </Data>
                <Data name="label_y">
                    <value>981627.595217547</value>
                </Data>
            </ExtendedData>
            <Point id="71544">
                <coordinates>73.941300224,15.227862789,0.0</coordinates>
            </Point>
        </Placemark>
        <Placemark id="71577">
            <ExtendedData>
                <Data name="direction">
                    <value>https://maps.google.com?q=15.22544,73.93733&amp;t=h</value>
                </Data>
                <Data name="id">
                    <value>2182</value>
                </Data>
                <Data name="name">
                    <value>Garado</value>
                </Data>
                <Data name="taluka">
                    <value>Salcete</value>
                </Data>
                <Data name="syno">
                    <value>186</value>
                </Data>
                <Data name="subdiv">
                    <value>1</value>
                </Data>
                <Data name="village">
                    <value>Varca</value>
                </Data>
                <Data name="latitude">
                    <value>15.22544</value>
                </Data>
                <Data name="longitude">
                    <value>73.93733</value>
                </Data>
                <Data name="photo_1">
                    <value>DCIM/20211209090448203.jpg</value>
                </Data>
                <Data name="photo_2">
                    <value>DCIM/20211209090514374.jpg</value>
                </Data>
                <Data name="constituency">
                    <value>32 - Benaulim</value>
                </Data>
                <Data name="status">
                    <value>Completed</value>
                </Data>
                <Data name="panchayat">
                    <value>Varca</value>
                </Data>
                <Data name="wb_type">
                    <value>Pond</value>
                </Data>
                <Data name="owner_type">
                    <value>Communidade</value>
                </Data>
                <Data name="purpose">
                    <value>Storage</value>
                </Data>
                <Data name="construction">
                    <value>Natural</value>
                </Data>
                <Data name="condition">
                    <value>Needs Maintenance</value>
                </Data>
                <Data name="print_order">
                    <value>079</value>
                </Data>
                <Data name="wb_id">
                    <value>Sc/Varc/13</value>
                </Data>
                <Data name="storage_capacity">
                    <value>1174.0</value>
                </Data>
                <Data name="wb_surface_id">
                    <value>916</value>
                </Data>
                <Data name="created_at">
                    <value>2020-02-28 15:24:34</value>
                </Data>
                <Data name="updated_at">
                    <value>2023-07-22 14:03:14.307690</value>
                </Data>
                <Data name="book_id">
                    <value>6</value>
                </Data>
                <Data name="owners">
                    <value>Communidade of Varca</value>
                </Data>
                <Data name="label_x">
                    <value>987634.0</value>
                </Data>
                <Data name="label_y">
                    <value>980927.595217547</value>
                </Data>
            </ExtendedData>
            <Point id="71576">
                <coordinates>73.937330353,15.225441871,0.0</coordinates>
            </Point>
        </Placemark>
        <Placemark id="71609">
            <ExtendedData>
                <Data name="direction">
                    <value>https://maps.google.com?q=15.22607,73.93697&amp;t=h</value>
                </Data>
                <Data name="id">
                    <value>2183</value>
                </Data>
                <Data name="name">
                    <value>Patoli</value>
                </Data>
                <Data name="taluka">
                    <value>Salcete</value>
                </Data>
                <Data name="syno">
                    <value>188</value>
                </Data>
                <Data name="subdiv">
                    <value>14</value>
                </Data>
                <Data name="village">
                    <value>Varca</value>
                </Data>
                <Data name="latitude">
                    <value>15.22607</value>
                </Data>
                <Data name="longitude">
                    <value>73.93697</value>
                </Data>
                <Data name="photo_1">
                    <value>DCIM/20211209090559845.jpg</value>
                </Data>
                <Data name="photo_2">
                    <value>DCIM/20211209090649715.jpg</value>
                </Data>
                <Data name="constituency">
                    <value>32 - Benaulim</value>
                </Data>
                <Data name="status">
                    <value>Completed</value>
                </Data>
                <Data name="panchayat">
                    <value>Varca</value>
                </Data>
                <Data name="wb_type">
                    <value>Pond</value>
                </Data>
                <Data name="owner_type">
                    <value>Communidade</value>
                </Data>
                <Data name="purpose">
                    <value>Irrigation</value>
                </Data>
                <Data name="construction">
                    <value>Natural</value>
                </Data>
                <Data name="condition">
                    <value>Needs Maintenance</value>
                </Data>
                <Data name="print_order">
                    <value>090</value>
                </Data>
                <Data name="wb_id">
                    <value>Sc/Varc/24</value>
                </Data>
                <Data name="storage_capacity">
                    <value>736.0</value>
                </Data>
                <Data name="wb_surface_id">
                    <value>917</value>
                </Data>
                <Data name="created_at">
                    <value>2020-02-28 15:24:34</value>
                </Data>
                <Data name="updated_at">
                    <value>2023-07-22 14:03:14.307690</value>
                </Data>
                <Data name="book_id">
                    <value>6</value>
                </Data>
                <Data name="owners">
                    <value>Communidade of Varca</value>
                </Data>
                <Data name="label_x">
                    <value>987634.0</value>
                </Data>
                <Data name="label_y">
                    <value>981277.595217547</value>
                </Data>
            </ExtendedData>
            <Point id="71608">
                <coordinates>73.936967128,15.226067287,0.0</coordinates>
            </Point>
        </Placemark>
        <Placemark id="71641">
            <ExtendedData>
                <Data name="direction">
                    <value>https://maps.google.com?q=15.21644,73.93459&amp;t=h</value>
                </Data>
                <Data name="id">
                    <value>2178</value>
                </Data>
                <Data name="name">
                    <value>Ijidoracho Lanco</value>
                </Data>
                <Data name="taluka">
                    <value>Salcete</value>
                </Data>
                <Data name="syno">
                    <value>159</value>
                </Data>
                <Data name="subdiv">
                    <value>35</value>
                </Data>
                <Data name="village">
                    <value>Varca</value>
                </Data>
                <Data name="latitude">
                    <value>15.21644</value>
                </Data>
                <Data name="longitude">
                    <value>73.93459</value>
                </Data>
                <Data name="photo_1">
                    <value>DCIM/20210914150704507.jpg</value>
                </Data>
                <Data name="photo_2">
                    <value>DCIM/20210914150716632.jpg</value>
                </Data>
                <Data name="constituency">
                    <value>32 - Benaulim</value>
                </Data>
                <Data name="status">
                    <value>Completed</value>
                </Data>
                <Data name="panchayat">
                    <value>Varca</value>
                </Data>
                <Data name="wb_type">
                    <value>Pond</value>
                </Data>
                <Data name="owner_type">
                    <value>Private</value>
                </Data>
                <Data name="purpose">
                    <value>Storage</value>
                </Data>
                <Data name="construction">
                    <value>Natural</value>
                </Data>
                <Data name="condition">
                    <value>Needs Maintenance</value>
                </Data>
                <Data name="print_order">
                    <value>116</value>
                </Data>
                <Data name="wb_id">
                    <value>Sc/Varc/50</value>
                </Data>
                <Data name="storage_capacity">
                    <value>319.0</value>
                </Data>
                <Data name="wb_surface_id">
                    <value>914</value>
                </Data>
                <Data name="created_at">
                    <value>2020-02-28 15:24:34</value>
                </Data>
                <Data name="updated_at">
                    <value>2023-07-22 14:03:14.307690</value>
                </Data>
                <Data name="book_id">
                    <value>6</value>
                </Data>
                <Data name="owners">
                    <value>M/s. Matrix Beach Ventures</value>
                </Data>
                <Data name="label_x">
                    <value>987634.0</value>
                </Data>
                <Data name="label_y">
                    <value>978127.595217547</value>
                </Data>
            </ExtendedData>
            <Point id="71640">
                <coordinates>73.93458881,15.216441225,0.0</coordinates>
            </Point>
        </Placemark>
        <Placemark id="71673">
            <ExtendedData>
                <Data name="direction">
                    <value>https://maps.google.com?q=15.22797,73.9318&amp;t=h</value>
                </Data>
                <Data name="id">
                    <value>3651</value>
                </Data>
                <Data name="name">
                    <value>Lanco dos Praia</value>
                </Data>
                <Data name="taluka">
                    <value>Salcete</value>
                </Data>
                <Data name="syno">
                    <value>201</value>
                </Data>
                <Data name="subdiv">
                    <value>10</value>
                </Data>
                <Data name="village">
                    <value>Varca</value>
                </Data>
                <Data name="latitude">
                    <value>15.22797</value>
                </Data>
                <Data name="longitude">
                    <value>73.9318</value>
                </Data>
                <Data name="photo_1">
                    <value>DCIM/20220105121934765.jpg</value>
                </Data>
                <Data name="photo_2">
                    <value>DCIM/20220105121943963.jpg</value>
                </Data>
                <Data name="constituency">
                    <value>32 - Benaulim</value>
                </Data>
                <Data name="status">
                    <value>Completed</value>
                </Data>
                <Data name="panchayat">
                    <value>Varca</value>
                </Data>
                <Data name="wb_type">
                    <value>Pond</value>
                </Data>
                <Data name="owner_type">
                    <value>Private</value>
                </Data>
                <Data name="purpose">
                    <value>Irrigation</value>
                </Data>
                <Data name="construction">
                    <value>Natural</value>
                </Data>
                <Data name="condition">
                    <value>Needs Maintenance</value>
                </Data>
                <Data name="print_order">
                    <value>128</value>
                </Data>
                <Data name="wb_id">
                    <value>Sc/Varc/62</value>
                </Data>
                <Data name="storage_capacity">
                    <value>210.0</value>
                </Data>
                <Data name="wb_surface_id">
                    <value>2271</value>
                </Data>
                <Data name="created_at">
                    <value>2021-03-14 16:00:35</value>
                </Data>
                <Data name="updated_at">
                    <value>2023-07-22 14:03:14.307690</value>
                </Data>
                <Data name="book_id">
                    <value>6</value>
                </Data>
                <Data name="owners">
                    <value>Ganapati Vaikunth Sinai Ghodde
Laxmikant Narsinha Sinai Ghodde</value>
                </Data>
                <Data name="label_x">
                    <value>987634.0</value>
                </Data>
                <Data name="label_y">
                    <value>984077.595217547</value>
                </Data>
            </ExtendedData>
            <Point id="71672">
                <coordinates>73.931795014,15.227973671,0.0</coordinates>
            </Point>
        </Placemark>
        <Placemark id="71705">
            <ExtendedData>
                <Data name="direction">
                    <value>https://maps.google.com?q=15.22848,73.94129&amp;t=h</value>
                </Data>
                <Data name="id">
                    <value>2199</value>
                </Data>
                <Data name="name">
                    <value>Vainad</value>
                </Data>
                <Data name="taluka">
                    <value>Salcete</value>
                </Data>
                <Data name="syno">
                    <value>80</value>
                </Data>
                <Data name="subdiv">
                    <value>8</value>
                </Data>
                <Data name="village">
                    <value>Varca</value>
                </Data>
                <Data name="latitude">
                    <value>15.22848</value>
                </Data>
                <Data name="longitude">
                    <value>73.94129</value>
                </Data>
                <Data name="photo_1">
                    <value>DCIM/20220105124833394.jpg</value>
                </Data>
                <Data name="photo_2">
                    <value>DCIM/20220105124841616.jpg</value>
                </Data>
                <Data name="constituency">
                    <value>32 - Benaulim</value>
                </Data>
                <Data name="status">
                    <value>Completed</value>
                </Data>
                <Data name="panchayat">
                    <value>Varca</value>
                </Data>
                <Data name="wb_type">
                    <value>Pond</value>
                </Data>
                <Data name="owner_type">
                    <value>Communidade</value>
                </Data>
                <Data name="purpose">
                    <value>Irrigation</value>
                </Data>
                <Data name="construction">
                    <value>Natural</value>
                </Data>
                <Data name="condition">
                    <value>Needs Maintenance</value>
                </Data>
                <Data name="print_order">
                    <value>112</value>
                </Data>
                <Data name="wb_id">
                    <value>Sc/Varc/46</value>
                </Data>
                <Data name="storage_capacity">
                    <value>372.0</value>
                </Data>
                <Data name="wb_surface_id">
                    <value>922</value>
                </Data>
                <Data name="created_at">
                    <value>2020-02-28 15:24:34</value>
                </Data>
                <Data name="updated_at">
                    <value>2023-07-22 14:03:14.307690</value>
                </Data>
                <Data name="book_id">
                    <value>6</value>
                </Data>
                <Data name="owners">
                    <value>Communidade of Varca</value>
                </Data>
                <Data name="label_x">
                    <value>987634.0</value>
                </Data>
                <Data name="label_y">
                    <value>982327.595217547</value>
                </Data>
            </ExtendedData>
            <Point id="71704">
                <coordinates>73.941286428,15.228484727,0.0</coordinates>
            </Point>
        </Placemark>
        <Placemark id="71737">
            <ExtendedData>
                <Data name="direction">
                    <value>https://maps.google.com?q=15.23578,73.93955&amp;t=h</value>
                </Data>
                <Data name="id">
                    <value>3746</value>
                </Data>
                <Data name="name">
                    <value>Goiru</value>
                </Data>
                <Data name="taluka">
                    <value>Salcete</value>
                </Data>
                <Data name="syno">
                    <value>263</value>
                </Data>
                <Data name="subdiv">
                    <value>8</value>
                </Data>
                <Data name="village">
                    <value>Varca</value>
                </Data>
                <Data name="latitude">
                    <value>15.23578</value>
                </Data>
                <Data name="longitude">
                    <value>73.93955</value>
                </Data>
                <Data name="photo_1">
                    <value>DCIM/20220105120300205.jpg</value>
                </Data>
                <Data name="photo_2">
                    <value>DCIM/20220105120313683.jpg</value>
                </Data>
                <Data name="constituency">
                    <value>32 - Benaulim</value>
                </Data>
                <Data name="status">
                    <value>Completed</value>
                </Data>
                <Data name="panchayat">
                    <value>Varca</value>
                </Data>
                <Data name="wb_type">
                    <value>Pond</value>
                </Data>
                <Data name="owner_type">
                    <value>Communidade</value>
                </Data>
                <Data name="purpose">
                    <value>Irrigation</value>
                </Data>
                <Data name="construction">
                    <value>Natural</value>
                </Data>
                <Data name="condition">
                    <value>Needs Maintenance</value>
                </Data>
                <Data name="print_order">
                    <value>122</value>
                </Data>
                <Data name="wb_id">
                    <value>Sc/Varc/56</value>
                </Data>
                <Data name="storage_capacity">
                    <value>247.0</value>
                </Data>
                <Data name="wb_surface_id">
                    <value>2265</value>
                </Data>
                <Data name="created_at">
                    <value>2021-03-13 10:52:06.922915</value>
                </Data>
                <Data name="updated_at">
                    <value>2023-07-22 14:03:14.307690</value>
                </Data>
                <Data name="book_id">
                    <value>6</value>
                </Data>
                <Data name="owners">
                    <value>Communidade of Varca</value>
                </Data>
                <Data name="label_x">
                    <value>987634.0</value>
                </Data>
                <Data name="label_y">
                    <value>995277.595217547</value>
                </Data>
            </ExtendedData>
            <Point id="71736">
                <coordinates>73.939550483,15.235781105,0.0</coordinates>
            </Point>
        </Placemark>
        <Placemark id="71769">
            <ExtendedData>
                <Data name="direction">
                    <value>https://maps.google.com?q=15.22621,73.93363&amp;t=h</value>
                </Data>
                <Data name="id">
                    <value>3652</value>
                </Data>
                <Data name="name">
                    <value>Condya Bhuim</value>
                </Data>
                <Data name="taluka">
                    <value>Salcete</value>
                </Data>
                <Data name="syno">
                    <value>198</value>
                </Data>
                <Data name="subdiv">
                    <value>72</value>
                </Data>
                <Data name="village">
                    <value>Varca</value>
                </Data>
                <Data name="latitude">
                    <value>15.22621</value>
                </Data>
                <Data name="longitude">
                    <value>73.93363</value>
                </Data>
                <Data name="photo_1">
                    <value>DCIM/20211209084809269.jpg</value>
                </Data>
                <Data name="photo_2">
                    <value>DCIM/20211209084832989.jpg</value>
                </Data>
                <Data name="constituency">
                    <value>32 - Benaulim</value>
                </Data>
                <Data name="status">
                    <value>Completed</value>
                </Data>
                <Data name="panchayat">
                    <value>Varca</value>
                </Data>
                <Data name="wb_type">
                    <value>Pond</value>
                </Data>
                <Data name="owner_type">
                    <value>Communidade</value>
                </Data>
                <Data name="purpose">
                    <value>Storage</value>
                </Data>
                <Data name="construction">
                    <value>Natural</value>
                </Data>
                <Data name="condition">
                    <value>Needs Maintenance</value>
                </Data>
                <Data name="print_order">
                    <value>093</value>
                </Data>
                <Data name="wb_id">
                    <value>Sc/Varc/27</value>
                </Data>
                <Data name="storage_capacity">
                    <value>692.0</value>
                </Data>
                <Data name="wb_surface_id">
                    <value>2217</value>
                </Data>
                <Data name="created_at">
                    <value>2021-03-14 16:00:35</value>
                </Data>
                <Data name="updated_at">
                    <value>2023-07-22 14:03:14.307690</value>
                </Data>
                <Data name="book_id">
                    <value>6</value>
                </Data>
                <Data name="owners">
                    <value>Communidade of Varca</value>
                </Data>
                <Data name="label_x">
                    <value>987634.0</value>
                </Data>
                <Data name="label_y">
                    <value>981977.595217547</value>
                </Data>
            </ExtendedData>
            <Point id="71768">
                <coordinates>73.933633284,15.226214355,0.0</coordinates>
            </Point>
        </Placemark>
        <Placemark id="71801">
            <ExtendedData>
                <Data name="direction">
                    <value>https://maps.google.com?q=15.21843,73.94076&amp;t=h</value>
                </Data>
                <Data name="id">
                    <value>3852</value>
                </Data>
                <Data name="name">
                    <value>Pobri Morad</value>
                </Data>
                <Data name="taluka">
                    <value>Salcete</value>
                </Data>
                <Data name="syno">
                    <value>145</value>
                </Data>
                <Data name="subdiv">
                    <value>1</value>
                </Data>
                <Data name="village">
                    <value>Varca</value>
                </Data>
                <Data name="latitude">
                    <value>15.21843</value>
                </Data>
                <Data name="longitude">
                    <value>73.94076</value>
                </Data>
                <Data name="photo_1">
                    <value>DCIM/20210914092246866.jpg</value>
                </Data>
                <Data name="photo_2">
                    <value>DCIM/20210914092258907.jpg</value>
                </Data>
                <Data name="constituency">
                    <value>32 - Benaulim</value>
                </Data>
                <Data name="status">
                    <value>Completed</value>
                </Data>
                <Data name="panchayat">
                    <value>Varca</value>
                </Data>
                <Data name="wb_type">
                    <value>Pond</value>
                </Data>
                <Data name="owner_type">
                    <value>Communidade</value>
                </Data>
                <Data name="purpose">
                    <value>Irrigation</value>
                </Data>
                <Data name="construction">
                    <value>Natural</value>
                </Data>
                <Data name="condition">
                    <value>Needs Maintenance</value>
                </Data>
                <Data name="print_order">
                    <value>125</value>
                </Data>
                <Data name="wb_id">
                    <value>Sc/Varc/59</value>
                </Data>
                <Data name="storage_capacity">
                    <value>231.0</value>
                </Data>
                <Data name="wb_surface_id">
                    <value>2561</value>
                </Data>
                <Data name="created_at">
                    <value>2021-09-14 00:00:00</value>
                </Data>
                <Data name="updated_at">
                    <value>2023-07-22 14:03:14.307690</value>
                </Data>
                <Data name="book_id">
                    <value>6</value>
                </Data>
                <Data name="owners">
                    <value>Communidade of Varca</value>
                </Data>
                <Data name="label_x">
                    <value>987634.0</value>
                </Data>
                <Data name="label_y">
                    <value>974977.5952175475</value>
                </Data>
            </ExtendedData>
            <Point id="71800">
                <coordinates>73.940758472,15.21842933,0.0</coordinates>
            </Point>
        </Placemark>
        <Placemark id="71833">
            <ExtendedData>
                <Data name="direction">
                    <value>https://maps.google.com?q=15.2141,73.93407&amp;t=h</value>
                </Data>
                <Data name="id">
                    <value>2175</value>
                </Data>
                <Data name="name">
                    <value>Joao Paulacho Lanco</value>
                </Data>
                <Data name="taluka">
                    <value>Salcete</value>
                </Data>
                <Data name="syno">
                    <value>138</value>
                </Data>
                <Data name="subdiv">
                    <value>3</value>
                </Data>
                <Data name="village">
                    <value>Varca</value>
                </Data>
                <Data name="latitude">
                    <value>15.2141</value>
                </Data>
                <Data name="longitude">
                    <value>73.93407</value>
                </Data>
                <Data name="photo_1">
                    <value>DCIM/20220105211642529.jpg</value>
                </Data>
                <Data name="photo_2">
                    <value>DCIM/20220105211651101.jpg</value>
                </Data>
                <Data name="constituency">
                    <value>32 - Benaulim</value>
                </Data>
                <Data name="status">
                    <value>Completed</value>
                </Data>
                <Data name="panchayat">
                    <value>Varca</value>
                </Data>
                <Data name="wb_type">
                    <value>Pond</value>
                </Data>
                <Data name="owner_type">
                    <value>Private</value>
                </Data>
                <Data name="purpose">
                    <value>Storage</value>
                </Data>
                <Data name="construction">
                    <value>Natural</value>
                </Data>
                <Data name="condition">
                    <value>Good</value>
                </Data>
                <Data name="print_order">
                    <value>091</value>
                </Data>
                <Data name="wb_id">
                    <value>Sc/Varc/25</value>
                </Data>
                <Data name="storage_capacity">
                    <value>724.0</value>
                </Data>
                <Data name="wb_surface_id">
                    <value>911</value>
                </Data>
                <Data name="created_at">
                    <value>2020-02-28 15:24:34</value>
                </Data>
                <Data name="updated_at">
                    <value>2023-07-22 14:03:14.307690</value>
                </Data>
                <Data name="book_id">
                    <value>6</value>
                </Data>
                <Data name="owners">
                    <value>Gulmohar Tourist Complex (Holiday Homes) Private Limited
Satkar Holiday Resorts Limited</value>
                </Data>
                <Data name="label_x">
                    <value>987634.0</value>
                </Data>
                <Data name="label_y">
                    <value>977077.595217547</value>
                </Data>
            </ExtendedData>
            <Point id="71832">
                <coordinates>73.934067472,15.214101485,0.0</coordinates>
            </Point>
        </Placemark>
        <Placemark id="71865">
            <ExtendedData>
                <Data name="direction">
                    <value>https://maps.google.com?q=15.21433,73.9362&amp;t=h</value>
                </Data>
                <Data name="id">
                    <value>2176</value>
                </Data>
                <Data name="name">
                    <value>Joao Paulacho Lanco</value>
                </Data>
                <Data name="taluka">
                    <value>Salcete</value>
                </Data>
                <Data name="syno">
                    <value>138</value>
                </Data>
                <Data name="subdiv">
                    <value>4</value>
                </Data>
                <Data name="village">
                    <value>Varca</value>
                </Data>
                <Data name="latitude">
                    <value>15.21433</value>
                </Data>
                <Data name="longitude">
                    <value>73.9362</value>
                </Data>
                <Data name="photo_1">
                    <value>DCIM/20210914151455859.jpg</value>
                </Data>
                <Data name="photo_2">
                    <value>DCIM/20210914151508234.jpg</value>
                </Data>
                <Data name="constituency">
                    <value>32 - Benaulim</value>
                </Data>
                <Data name="status">
                    <value>Completed</value>
                </Data>
                <Data name="panchayat">
                    <value>Varca</value>
                </Data>
                <Data name="wb_type">
                    <value>Pond</value>
                </Data>
                <Data name="owner_type">
                    <value>Private</value>
                </Data>
                <Data name="purpose">
                    <value>Storage</value>
                </Data>
                <Data name="construction">
                    <value>Natural</value>
                </Data>
                <Data name="condition">
                    <value>Needs Maintenance</value>
                </Data>
                <Data name="print_order">
                    <value>107</value>
                </Data>
                <Data name="wb_id">
                    <value>Sc/Varc/41</value>
                </Data>
                <Data name="storage_capacity">
                    <value>421.0</value>
                </Data>
                <Data name="wb_surface_id">
                    <value>912</value>
                </Data>
                <Data name="created_at">
                    <value>2020-02-28 15:24:34</value>
                </Data>
                <Data name="updated_at">
                    <value>2023-07-22 14:03:14.307690</value>
                </Data>
                <Data name="book_id">
                    <value>6</value>
                </Data>
                <Data name="owners">
                    <value>Acquire Builders Pvt. Ltd.</value>
                </Data>
                <Data name="label_x">
                    <value>987634.0</value>
                </Data>
                <Data name="label_y">
                    <value>976027.595217547</value>
                </Data>
            </ExtendedData>
            <Point id="71864">
                <coordinates>73.936198366,15.214327428,0.0</coordinates>
            </Point>
        </Placemark>
        <Placemark id="71897">
            <ExtendedData>
                <Data name="direction">
                    <value>https://maps.google.com?q=15.22526,73.9409&amp;t=h</value>
                </Data>
                <Data name="id">
                    <value>2196</value>
                </Data>
                <Data name="name">
                    <value>Garodo</value>
                </Data>
                <Data name="taluka">
                    <value>Salcete</value>
                </Data>
                <Data name="syno">
                    <value>83</value>
                </Data>
                <Data name="subdiv">
                    <value>12</value>
                </Data>
                <Data name="village">
                    <value>Varca</value>
                </Data>
                <Data name="latitude">
                    <value>15.22526</value>
                </Data>
                <Data name="longitude">
                    <value>73.9409</value>
                </Data>
                <Data name="photo_1">
                    <value>DCIM/20220105125132569.jpg</value>
                </Data>
                <Data name="photo_2">
                    <value>DCIM/20220105125139627.jpg</value>
                </Data>
                <Data name="constituency">
                    <value>32 - Benaulim</value>
                </Data>
                <Data name="status">
                    <value>Completed</value>
                </Data>
                <Data name="panchayat">
                    <value>Varca</value>
                </Data>
                <Data name="wb_type">
                    <value>Pond</value>
                </Data>
                <Data name="owner_type">
                    <value>Communidade</value>
                </Data>
                <Data name="purpose">
                    <value>Irrigation</value>
                </Data>
                <Data name="construction">
                    <value>Natural</value>
                </Data>
                <Data name="condition">
                    <value>Needs Maintenance</value>
                </Data>
                <Data name="print_order">
                    <value>071</value>
                </Data>
                <Data name="wb_id">
                    <value>Sc/Varc/05</value>
                </Data>
                <Data name="storage_capacity">
                    <value>2553.0</value>
                </Data>
                <Data name="wb_surface_id">
                    <value>919</value>
                </Data>
                <Data name="created_at">
                    <value>2020-02-28 15:24:34</value>
                </Data>
                <Data name="updated_at">
                    <value>2023-07-22 14:03:14.307690</value>
                </Data>
                <Data name="book_id">
                    <value>6</value>
                </Data>
                <Data name="owners">
                    <value>Communidade of Varca</value>
                </Data>
                <Data name="label_x">
                    <value>987634.0</value>
                </Data>
                <Data name="label_y">
                    <value>980227.595217547</value>
                </Data>
            </ExtendedData>
            <Point id="71896">
                <coordinates>73.940902949,15.225255159,0.0</coordinates>
            </Point>
        </Placemark>
        <Placemark id="71929">
            <ExtendedData>
                <Data name="direction">
                    <value>https://maps.google.com?q=15.21236,73.93707&amp;t=h</value>
                </Data>
                <Data name="id">
                    <value>3748</value>
                </Data>
                <Data name="name">
                    <value>Prias</value>
                </Data>
                <Data name="taluka">
                    <value>Salcete</value>
                </Data>
                <Data name="syno">
                    <value>136</value>
                </Data>
                <Data name="subdiv">
                    <value>15</value>
                </Data>
                <Data name="village">
                    <value>Varca</value>
                </Data>
                <Data name="latitude">
                    <value>15.21236</value>
                </Data>
                <Data name="longitude">
                    <value>73.93707</value>
                </Data>
                <Data name="photo_1">
                    <value>DCIM/20210805190428222.jpg</value>
                </Data>
                <Data name="photo_2">
                    <value>DCIM/20210805190439685.jpg</value>
                </Data>
                <Data name="constituency">
                    <value>32 - Benaulim</value>
                </Data>
                <Data name="status">
                    <value>Completed</value>
                </Data>
                <Data name="panchayat">
                    <value>Varca</value>
                </Data>
                <Data name="wb_type">
                    <value>Pond</value>
                </Data>
                <Data name="owner_type">
                    <value>Private</value>
                </Data>
                <Data name="purpose">
                    <value>Irrigation</value>
                </Data>
                <Data name="construction">
                    <value>Natural</value>
                </Data>
                <Data name="condition">
                    <value>Needs Maintenance</value>
                </Data>
                <Data name="print_order">
                    <value>131</value>
                </Data>
                <Data name="wb_id">
                    <value>Sc/Varc/65</value>
                </Data>
                <Data name="storage_capacity">
                    <value>119.0</value>
                </Data>
                <Data name="wb_surface_id">
                    <value>415</value>
                </Data>
                <Data name="created_at">
                    <value>2021-03-13 10:52:06.922915</value>
                </Data>
                <Data name="updated_at">
                    <value>2023-07-22 14:03:14.307690</value>
                </Data>
                <Data name="book_id">
                    <value>6</value>
                </Data>
                <Data name="owners">
                    <value>Antonio Furtado</value>
                </Data>
                <Data name="label_x">
                    <value>1008334.0</value>
                </Data>
                <Data name="label_y">
                    <value>976813.801375261</value>
                </Data>
            </ExtendedData>
            <Point id="71928">
                <coordinates>73.937069401,15.212357279,0.0</coordinates>
            </Point>
        </Placemark>
        <Placemark id="71961">
            <ExtendedData>
                <Data name="direction">
                    <value>https://maps.google.com?q=15.23248,73.94115&amp;t=h</value>
                </Data>
                <Data name="id">
                    <value>4125</value>
                </Data>
                <Data name="name">
                    <value>Adoyem Ker</value>
                </Data>
                <Data name="taluka">
                    <value>Salcete</value>
                </Data>
                <Data name="syno">
                    <value>252</value>
                </Data>
                <Data name="subdiv">
                    <value>8</value>
                </Data>
                <Data name="village">
                    <value>Varca</value>
                </Data>
                <Data name="latitude">
                    <value>15.23248</value>
                </Data>
                <Data name="longitude">
                    <value>73.94115</value>
                </Data>
                <Data name="photo_1">
                    <value>DCIM/20220105121239075.jpg</value>
                </Data>
                <Data name="photo_2">
                    <value>DCIM/20220105121252569.jpg</value>
                </Data>
                <Data name="constituency">
                    <value>32 - Benaulim</value>
                </Data>
                <Data name="status">
                    <value>Completed</value>
                </Data>
                <Data name="panchayat">
                    <value>Varca</value>
                </Data>
                <Data name="wb_type">
                    <value>Pond</value>
                </Data>
                <Data name="owner_type">
                    <value>Private</value>
                </Data>
                <Data name="purpose">
                    <value>Irrigation</value>
                </Data>
                <Data name="construction">
                    <value>Natural</value>
                </Data>
                <Data name="condition">
                    <value>Needs Maintenance</value>
                </Data>
                <Data name="print_order">
                    <value>102</value>
                </Data>
                <Data name="wb_id">
                    <value>Sc/Varc/36</value>
                </Data>
                <Data name="storage_capacity">
                    <value>495.0</value>
                </Data>
                <Data name="wb_surface_id">
                    <value>2861</value>
                </Data>
                <Data name="created_at">
                    <value>2021-11-28 01:28:52.309644</value>
                </Data>
                <Data name="updated_at">
                    <value>2023-07-22 14:03:14.307690</value>
                </Data>
                <Data name="book_id">
                    <value>6</value>
                </Data>
                <Data name="owners">
                    <value>Tome Bruno Ferrao</value>
                </Data>
                <Data name="label_x">
                    <value>987634.0</value>
                </Data>
                <Data name="label_y">
                    <value>994927.595217547</value>
                </Data>
            </ExtendedData>
            <Point id="71960">
                <coordinates>73.941146742,15.232478095,0.0</coordinates>
            </Point>
        </Placemark>
        <Placemark id="71993">
            <ExtendedData>
                <Data name="direction">
                    <value>https://maps.google.com?q=15.22982,73.93143&amp;t=h</value>
                </Data>
                <Data name="id">
                    <value>4203</value>
                </Data>
                <Data name="name">
                    <value>Rualem</value>
                </Data>
                <Data name="taluka">
                    <value>Salcete</value>
                </Data>
                <Data name="syno">
                    <value>203</value>
                </Data>
                <Data name="subdiv">
                    <value>1</value>
                </Data>
                <Data name="village">
                    <value>Varca</value>
                </Data>
                <Data name="latitude">
                    <value>15.22982</value>
                </Data>
                <Data name="longitude">
                    <value>73.93143</value>
                </Data>
                <Data name="photo_1">
                    <value>DCIM/20211209093516393.jpg</value>
                </Data>
                <Data name="photo_2">
                    <value>DCIM/20211209093528724.jpg</value>
                </Data>
                <Data name="constituency">
                    <value>32 - Benaulim</value>
                </Data>
                <Data name="status">
                    <value>Completed</value>
                </Data>
                <Data name="panchayat">
                    <value>Varca</value>
                </Data>
                <Data name="wb_type">
                    <value>Pond</value>
                </Data>
                <Data name="owner_type">
                    <value>Private</value>
                </Data>
                <Data name="purpose">
                    <value>Irrigation</value>
                </Data>
                <Data name="construction">
                    <value>Natural</value>
                </Data>
                <Data name="condition">
                    <value>Needs Maintenance</value>
                </Data>
                <Data name="print_order">
                    <value>101</value>
                </Data>
                <Data name="wb_id">
                    <value>Sc/Varc/35</value>
                </Data>
                <Data name="storage_capacity">
                    <value>516.0</value>
                </Data>
                <Data name="wb_surface_id">
                    <value>2928</value>
                </Data>
                <Data name="created_at">
                    <value>2021-12-09 00:00:00</value>
                </Data>
                <Data name="updated_at">
                    <value>2023-07-22 14:03:14.307690</value>
                </Data>
                <Data name="book_id">
                    <value>6</value>
                </Data>
                <Data name="owners">
                    <value>Afra Thereza Almeida e D`Costa
Alexander Perpetuo Araujo
Maria Angela Severina D`Costa
Maria Heroina Aleixa D`Costa
Maria Linetta Serafina D`Costa e D`Mello
Mary D`Costa
Oscar Valeriano D`Mello
Teotonio D`Costa
Valentino Antonio Barretto</value>
                </Data>
                <Data name="label_x">
                    <value>987634.0</value>
                </Data>
                <Data name="label_y">
                    <value>984777.595217547</value>
                </Data>
            </ExtendedData>
            <Point id="71992">
                <coordinates>73.931427857,15.229821621,0.0</coordinates>
            </Point>
        </Placemark>
        <Placemark id="72025">
            <ExtendedData>
                <Data name="direction">
                    <value>https://maps.google.com?q=15.2322,73.92777&amp;t=h</value>
                </Data>
                <Data name="id">
                    <value>3666</value>
                </Data>
                <Data name="name">
                    <value>Lanco dos Praias.</value>
                </Data>
                <Data name="taluka">
                    <value>Salcete</value>
                </Data>
                <Data name="syno">
                    <value>213</value>
                </Data>
                <Data name="subdiv">
                    <value>11</value>
                </Data>
                <Data name="village">
                    <value>Varca</value>
                </Data>
                <Data name="latitude">
                    <value>15.2322</value>
                </Data>
                <Data name="longitude">
                    <value>73.92777</value>
                </Data>
                <Data name="photo_1">
                    <value>DCIM/20211209105414855.jpg</value>
                </Data>
                <Data name="photo_2">
                    <value>DCIM/20211209105401957.jpg</value>
                </Data>
                <Data name="constituency">
                    <value>32 - Benaulim</value>
                </Data>
                <Data name="status">
                    <value>Completed</value>
                </Data>
                <Data name="panchayat">
                    <value>Varca</value>
                </Data>
                <Data name="wb_type">
                    <value>Pond</value>
                </Data>
                <Data name="owner_type">
                    <value>Private</value>
                </Data>
                <Data name="purpose">
                    <value>Irrigation</value>
                </Data>
                <Data name="construction">
                    <value>Natural</value>
                </Data>
                <Data name="condition">
                    <value>Needs Maintenance</value>
                </Data>
                <Data name="print_order">
                    <value>137</value>
                </Data>
                <Data name="wb_id">
                    <value>Sc/Varc/71</value>
                </Data>
                <Data name="storage_capacity">
                    <value>76.0</value>
                </Data>
                <Data name="wb_surface_id">
                    <value>2260</value>
                </Data>
                <Data name="created_at">
                    <value>2021-03-14 16:01:11.494550</value>
                </Data>
                <Data name="updated_at">
                    <value>2023-07-22 14:03:14.307690</value>
                </Data>
                <Data name="book_id">
                    <value>6</value>
                </Data>
                <Data name="owners">
                    <value>M/s. Adarsh Realty &amp; Hotels Pvt. Limited</value>
                </Data>
                <Data name="label_x">
                    <value>987634.0</value>
                </Data>
                <Data name="label_y">
                    <value>985827.595217547</value>
                </Data>
            </ExtendedData>
            <Point id="72024">
                <coordinates>73.927770813,15.232198158,0.0</coordinates>
            </Point>
        </Placemark>
        <Placemark id="72057">
            <ExtendedData>
                <Data name="direction">
                    <value>https://maps.google.com?q=15.23337,73.93079&amp;t=h</value>
                </Data>
                <Data name="id">
                    <value>4205</value>
                </Data>
                <Data name="name">
                    <value>Morod</value>
                </Data>
                <Data name="taluka">
                    <value>Salcete</value>
                </Data>
                <Data name="syno">
                    <value>207</value>
                </Data>
                <Data name="subdiv">
                    <value>3</value>
                </Data>
                <Data name="village">
                    <value>Varca</value>
                </Data>
                <Data name="latitude">
                    <value>15.23337</value>
                </Data>
                <Data name="longitude">
                    <value>73.93079</value>
                </Data>
                <Data name="photo_1">
                    <value>DCIM/20211209102340726.jpg</value>
                </Data>
                <Data name="photo_2">
                    <value>DCIM/20211209102347990.jpg</value>
                </Data>
                <Data name="constituency">
                    <value>32 - Benaulim</value>
                </Data>
                <Data name="status">
                    <value>Completed</value>
                </Data>
                <Data name="panchayat">
                    <value>Varca</value>
                </Data>
                <Data name="wb_type">
                    <value>Pond</value>
                </Data>
                <Data name="owner_type">
                    <value>Private</value>
                </Data>
                <Data name="purpose">
                    <value>Irrigation</value>
                </Data>
                <Data name="construction">
                    <value>Natural</value>
                </Data>
                <Data name="condition">
                    <value>Needs Maintenance</value>
                </Data>
                <Data name="print_order">
                    <value>135</value>
                </Data>
                <Data name="wb_id">
                    <value>Sc/Varc/69</value>
                </Data>
                <Data name="storage_capacity">
                    <value>84.0</value>
                </Data>
                <Data name="wb_surface_id">
                    <value>2945</value>
                </Data>
                <Data name="created_at">
                    <value>2021-12-09 00:00:00</value>
                </Data>
                <Data name="updated_at">
                    <value>2023-07-22 14:03:14.307690</value>
                </Data>
                <Data name="book_id">
                    <value>6</value>
                </Data>
                <Data name="owners">
                    <value>Manuel Antonio Lino Afonso</value>
                </Data>
                <Data name="label_x">
                    <value>987634.0</value>
                </Data>
                <Data name="label_y">
                    <value>988977.595217547</value>
                </Data>
            </ExtendedData>
            <Point id="72056">
                <coordinates>73.930786194,15.233372756,0.0</coordinates>
            </Point>
        </Placemark>
    </Document>
</kml>
